ticker,name,category,expense_ratio
JXN,Jackson Financial Inc,US Small Value,0.0
CRLBF,Cresco Labs Inc,US Small Growth,0.0
SXPAX,DWS S&P 500 Index A,US Large Blend,0.0054
MDCPX,BlackRock Balanced Capital Inv A,** 55 US Large Blend / 25 Int-Term Inv. Grade / 20 Cash **,0.0082
LI,Li Auto Inc ADR,Emerging Large Blend,0.0045
BACpM,Bank of America 5.375 Pref,Preferred Stock,0.013
FEEU,Barclays ETN + FI Enhanced Europe 50 ETN,Intl Large Blend,0.0076
CCIV,Churchill Capital IV Corp,Non-Traditional,0.0067
NTRA,Natera Inc,US Mid Growth,0.0
PTRAX,PIMCO Total Return Admin,Non-Traditional,0.0095
PAALX,PIMCO All Asset Admin,Non-Traditional,0.01115
WOBDX,JPMorgan Core Bond I,Int-Term Inv. Grade,0.005
BFMCX,BlackRock Core Bond Instl,Int-Term Inv. Grade,0.0045
BITSX,iShares Total US Stock Market Idx Instl,US Large Blend,0.0008
MISGX,Meridian Small Cap Growth Investor,US Small Growth,0.013
DHLRX,Diamond Hill Large Cap I,US Large Blend,0.0067
ABYIX,Abbey Capital Futures Strategy I,Managed Futures,0.0179
LFMIX,LoCorr Macro Strategies I,Non-Traditional,0.0193
FEM,First Trust Emerging Markets AlphaDEX® ETF,Emerging Large Value,0.008
ASFYX,AlphaSimplex Mgd Futs Strat Y,Managed Futures,0.0146
FASGX,Fidelity Asset Manager® 70%,** 45 US Large Blend / 25 Intl Large Blend / 30 Int-Term Inv. Grade **,0.0067
USERX,US Global Investors Gld & Prec Mtls,Commodities,0.016
IAUTX,Invesco Dividend Income A,** 85 US Large Value / 15 Intl Large Value **,0.0096
USAUX,USAA Aggressive Growth,US Large Growth,0.0072
TNUAX,1290 Diversified Bond A,Int-Term Inv. Grade,0.0075
CLVT,Clarivate PLC Ordinary Shares,Intl Mid Growth,0.0
LSIOX,LOOMIS SAYLES HIGH INCOM E OPPS INSTL,High Yield,0.0098
LSSAX,LOOMIS SAYLES SECURITIZE D ASSET,Int-Term Inv. Grade,1e-05
FEMKX,"Fidelity® Emerging Markets(USD,FEMKX)",Emerging Large Growth,0.0097
FIFGX,Fidelity® SAI Inflation-Focused,Commodities,0.004
FEP,First Trust Europe AlphaDEX® ETF,Intl Mid Growth,0.008
FSLTX,Strategic Advisers Alternatives,Non-Traditional,0.0148
FERGX,Fidelity SAI Emerging Markets Index Fund,Emerging Large Blend,0.0008
FCBYX,Nuveen Strategic Income I,High Yield,0.0059
FERGY,Ferguson PLC ADR,US Mid Value,0.0
FJSYX,Nuveen Credit Income I,High Yield,0.0076
RDS/A/38,SHELL INTERNTN6.375% 38F DUE 12/15/38,Long-Term Inv. Grade,0.0
FEU,SPDR STOXX Europe 50 ETF,Intl Large Value,0.0029
FSHYX,Nuveen Short Term Municipal Bond I,Short-Term Inv. Grade,0.0047
ADI,Analog Devices Inc,US Large Growth,0.0
FEUGX,"Federated Adjustable Rate Secs Instl(USD,FEUGX)",Short-Term Inv. Grade,0.0065
LSGNX,Loomis Sayles Global Bond N,Int-Term Inv. Grade,0.0064
gwph,"GW Pharmaceuticals PLC ADR(USD,GWPH)",Intl Mid Growth,0.0
FEZ,SPDR Euro STOXX 50 ETF,Intl Large Value,0.0
TCYIX,TIAA-CREF Lifecycle 2025 Institutional,** 35 US Large Blend / 20 Intl Large Blend / 45 Int-Term Inv. Grade **,0.0041
ALP.PRQ,ALABAMA POWER CO 5% PFD PFD,Preferred Stock,0.0
AFGC,AMERICAN FINL 5.125%PFD DUE 12/15/59 SUBJ TO XTRO REDEMPTION,Preferred Stock,0.0
AIG.PRA,AMERICAN INTE 5.85% PFD PFD SER A,Preferred Stock,0.0
ACGLN,ARCH CAPITAL 4.55% PFD PFD SER G,Preferred Stock,0.0
ASB.PRD,ASSOCIATED B 5.375% PFD PFD SER D,Preferred Stock,0.0
ASB.PRF,ASSOCIATED B 5.625% PFD PFD SER F,Preferred Stock,0.0
ITHUF,iAnthus Capital Holdings Inc,US Micro,0.0
ASB.PRE,ASSOCIATED B 5.875% PFD PFD SER E,Preferred Stock,0.0
FF,"FutureFuel Corp(USD,FF)",US Small Blend,0.0
T.PRC,AT&T INC. 4.75% PFD PFD SER C,Preferred Stock,0.0
T.PRA,AT&T INC. 5% PFD PFD SER A,Preferred Stock,0.0
BAC.PRP,BANK OF AMER 4.125% PFD PFD SER PP,Preferred Stock,0.0
BAC.PRO,BANK OF AMER 4.375% PFD PFD SER NN,Preferred Stock,0.0
BAC.PRM,BANK OF AMER 5.375% PFD PFD SER KK,Preferred Stock,0.0
BAC.PRK,BANK OF AMER 5.875% PFD PFD SER HH,Preferred Stock,0.0
BAC.PRN,BANK OF AMERICA 5% PFD PFD SER LL,Preferred Stock,0.0
COF.PRJ,CAPITAL ONE FI 4.8% PFD PFD SER J,Preferred Stock,0.0
UTAYX,Aquila Tax-Free Fund For Utah Y,Int-Term Inv. Grade,0.0063
COF.PRG,CAPITAL ONE FI 5.2% PFD PFD SER G,Preferred Stock,0.0
COF.PRI,CAPITAL ONE FINL 5% PFD PFD SER I,Preferred Stock,0.0
FFEGX,"Fidelity Freedom® Index 2030 Instl Prem(USD,FFEGX)",** .5 US Large Blend .25 Intl Large Blend .25 Int-Term Inv. Grade**,0.0007
SCHW.PRJ,CHARLES SCHWA 4.45% PFD PFD SER J,Preferred Stock,0.0
C.PRK,CITIGROUP IN 6.875% PFD PFD,Preferred Stock,0.0
C.PRJ,CITIGROUP IN 7.125% PFD PFD,Preferred Stock,0.0
CFG.PRD,CITIZENS FINL 6.35% PFD PFD SER D,Preferred Stock,0.0
CFG.PRE,CITIZENS FINL GR 5% PFD PFD,Preferred Stock,0.0
CMS.PRC,CMS ENERGY COR 4.2% PFD PFD SER C,Preferred Stock,0.0
CMSA,CMS ENERGY COR 5.625%PFD DUE 03/15/78 SUBJ TO XTRO REDEMPTION,Preferred Stock,0.0
MXFIX,MainStay Floating Rate I,High Yield,0.0079
CFR.PRB,CULLEN/FROST 4.45% PFD PFD SER B,Preferred Stock,0.0
DLR.PRL,DIGITAL REALTY 5.2% PFD PFD SER L,Preferred Stock,0.0
DRUA,DOMINION ENERGY 5.25%PFD DUE 07/30/76 SUBJ TO XTRO REDEMPTION,Preferred Stock,0.0
FFFDX,Fidelity Freedom 2020,** .10 Cash/Money Market / .35 US Large Growth / .25 Intl Large Growth / .30 Int-Term Inv. Grade **,0.0062
DTW,DTE ENERGY CO 5.25%PFD DUE 12/01/77 SUBJ TO XTRO REDEMPTION,Preferred Stock,0.0
DTY,DTE ENERGY CO 6%PFD DUE 12/15/76 SUBJ TO XTRO REDEMPTION,Preferred Stock,0.0
DUK.PRA,DUKE ENERGY C 5.75% PFD PFD,Preferred Stock,0.0
EAI,ENTERGY ARKANS 4.875%PFD DUE 09/01/66 SUBJ TO XTRO REDEMPTION,Preferred Stock,0.0
ELC,ENTERGY LOUISI 4.875%PFD DUE 09/01/66 SUBJ TO XTRO REDEMPTION,Preferred Stock,0.0
EMP,ENTERGY MISSISSI 4.9%PFD DUE 10/01/66 SUBJ TO XTRO REDEMPTION,Preferred Stock,0.0
TRIGX,T. Rowe Price International Value Eq,Intl Large Value,0.0079
EQH.PRA,EQUITABLE HLD 5.25% PFD PFD SER A,Preferred Stock,0.0
EQH.PRC,EQUITABLE HLDG 4.3% PFD PFD SER C,Preferred Stock,0.0
FITBO,FIFTH THIRD B 4.95% PFD PFD SER K,Preferred Stock,0.0
FHN.PRF,FIRST HORIZON 4.7% PFD PFD SER F,Preferred Stock,0.0
FFFEX,Fidelity Freedom 2030,** 30 US Large Blend / 20 Intl Large Blend / 10 Emerging Large Blend / 40 Int-Term Inv. Grade **,0.0066
FRC.PRK,FIRST REPUBL 4.125% PFD PFD SER K,Preferred Stock,0.0
FRC.PRH,FIRST REPUBL 5.125% PFD PFD SER H,Preferred Stock,0.0
FRC.PRJ,FIRST REPUBLIC 4.7% PFD PFD SER J,Preferred Stock,0.0
FRC.PRI,FIRST REPUBLIC 5.5% PFD PFD SER I,Preferred Stock,0.0
GPJA,GEORGIA POWER CO 5%PFD DUE 10/01/77 SUBJ TO XTRO REDEMPTION,Preferred Stock,0.0
FTJXX,First American Retail Tax Free Obligs T,Short-Term Inv. Grade,0.004
JPM.PRK,JPMORGAN CHAS 4.55% PFD PFD,Preferred Stock,0.0
JPM.PRJ,JPMORGAN CHAS 4.75% PFD PFD SER GG,Preferred Stock,0.0
JPM.PRD,JPMORGAN CHAS 5.75% PFD PFD,Preferred Stock,0.0
JPM.PRC,JPMORGAN CHASE & 6% PFD PFD SER EE,Preferred Stock,0.0
KEY.PRK,KEYCORP 5.625% PFD PFD SER G,Preferred Stock,0.0
FFFFX,"Fidelity Freedom® 2040(USD,FFFFX)",** 50 US Large Blend / 30 Intl Large Blend / 20 Int-Term Inv. Grade **,0.0075
KEY.PRJ,KEYCORP 5.65% PFD PFD SER F,Preferred Stock,0.0
KEY.PRI,KEYCORP 6.125% PFD PFD SER E,Preferred Stock,0.0
KIM.PRL,KIMCO REALTY 5.125% PFD PFD,Preferred Stock,0.0
KIM.PRM,KIMCO REALTY 5.25% PFD PFD SER M,Preferred Stock,0.0
HLN,Haleon PLC ADR,Intl Large Blend,0.0
MET.PRF,METLIFE INC 4.75% PFD PFD SER F,Preferred Stock,0.0
MET.PRE,METLIFE INC 5.625% PFD PFD SER E,Preferred Stock,0.0
MS.PRL,MORGAN STANL 4.875% PFD PFD SER L,Preferred Stock,0.0
MS.PRI,MORGAN STANL 6.375% PFD PFD SER I,Preferred Stock,0.0
MS.PRF,MORGAN STANL 6.875% PFD PFD SER F,Preferred Stock,0.0
MS.PRE,MORGAN STANL 7.125% PFD PFD,Preferred Stock,0.0
FFIDX,"Fidelity®(USD,FFIDX)",US Large Growth,0.005
MS.PRK,MORGAN STANLE 5.85% PFD PFD SER K,Preferred Stock,0.0
MS.PRA,MORGAN STANLEY 4% PFD PFD SER A,Preferred Stock,0.0
NYCB.PRA,NEW YORK COM 6.375% PFD PFD SER A,Preferred Stock,0.0
YQ,17 Education & Technology Group Inc ADR,Emerging Small Blend,
NEE.PRK,NEXTERA ENERGY 5.25%PFD DUE 06/01/76 SUBJ TO XTRO REDEMPTION,Preferred Stock,0.0
NEE.PRN,NEXTERA ENERGY 5.65%PFD DUE 03/01/79 SUBJ TO XTRO REDEMPTION,Preferred Stock,0.0
NTRSO,NORTHERN TRUST 4.7% PFD PFD SER E,Preferred Stock,0.0
NNN.PRF,NTNL RETAIL PR 5.2% PFD PFD SER F,Preferred Stock,0.0
PNC.PRP,PNC FINL SVC 6.125% PFD PFD SER P,Preferred Stock,0.0
PSB.PRZ,PS BUSINESS 4.875% PFD PFD SER Z,Preferred Stock,0.0
PSB.PRX,PS BUSINESS P 5.25% PFD PFD,Preferred Stock,0.0
FFIN,First Financial Bankshares Inc,US Mid Blend,0.0
PSB.PRY,PS BUSINESS PA 5.2% PFD PFD SER Y,Preferred Stock,0.0
PSA.PRL,PUBLIC STORA 4.625% PFD PFD SER L,Preferred Stock,0.0
PSA.PRG,PUBLIC STORAG 5.05% PFD PFD SER G,Preferred Stock,0.0
PSA.PRF,PUBLIC STORAG 5.15% PFD PFD SER F,Preferred Stock,0.0
PSA.PRO,PUBLIC STORAGE 3.9% PFD PFD SER O,Preferred Stock,0.0
PSA.PRP,PUBLIC STORAGE 4% PFD PFD,Preferred Stock,0.0
PSA.PRE,PUBLIC STORAGE 4.9% PFD PFD SER E DUE 12/31/99,Preferred Stock,0.0
PSA.PRH,PUBLIC STORAGE 5.6% PFD PFD SER H,Preferred Stock,0.0
RF.PRE,REGIONS FINL 4.45% PFD PFD SER E,Preferred Stock,0.0
RF.PRB,REGIONS FINL 6.375% PFD PFD,Preferred Stock,0.0
FFIV,F5 Networks Inc,US Mid Blend,0.0
RF.PRC,REGIONS FINL C 5.7% PFD PFD SER C,Preferred Stock,0.0
WH,Wyndham Hotels & Resorts Inc Ordinary Shares,US Small Blend,0.0
RNR.PRG,RENAISSANCERE 4.2% PFD PFD SER G,Preferred Stock,0.0
RNR.PRF,RENAISSANCERE 5.75% PFD PFD SER F,Preferred Stock,0.0
SOJC,SOUTHERN COMPANY 5.25%77 DUE 12/01/77,Preferred Stock,0.0
STT.PRG,STATE STREET 5.35% PFD PFD SER G,Preferred Stock,0.0
STT.PRD,STATE STREET C 5.9% PFD PFD SER D,Preferred Stock,0.0
SF.PRC,STIFEL FINL 6.125% PFD PFD SER C,Preferred Stock,0.0
SIVBP,SVB FINL GROU 5.25% PFD PFD SER A,Preferred Stock,0.0
SNV.PRE,SYNOVUS FINL 5.875% PFD PFD SER E,Preferred Stock,0.0
ALL.PRI,THE ALLSTATE 4.75% PFD PFD SER I,Preferred Stock,0.0
ADM,Archer-Daniels Midland Co,US Large Value,0.0
GITAX,Goldman Sachs Technology Opps A,US Large Growth,0.0124
FFRHX,Fidelity Floating Rate High Income,Bank Loans,0.007
ALL.PRG,THE ALLSTATE 5.625% PFD PFD SER G,Preferred Stock,0.0
ALL.PRH,THE ALLSTATE C 5.1% PFD PFD SER H,Preferred Stock,0.0
GS.PRK,THE GOLDMAN 6.375% PFD PFD,Preferred Stock,0.0
GS.PRD,THE GOLDMAN SACH 4% PFD PFD SER D,Preferred Stock,0.0
HIG.PRG,THE HARTFORD FIN 6% PFD PFD SER G,Preferred Stock,0.0
SOJB,THE SOUTHERN CO 5.25%PFD DUE 10/01/76 SUBJ TO XTRO REDEMPTION,Preferred Stock,0.0
TFC.PRR,TRUIST FINL C 4.75% PFD PFD SER R,Preferred Stock,0.0
TFC.PRO,TRUIST FINL C 5.25% PFD PFD SER O,Preferred Stock,0.0
USB.PRQ,U.S. BANCORP 3.75% PFD PFD SER L,Preferred Stock,0.0
FXO,First Trust Financials AlphaDEX® ETF,US Mid Value,0.0063
GWRE,Guidewire Software Inc,US Mid Growth,0.0
USB.PRR,U.S. BANCORP 4% PFD PFD SER M,Preferred Stock,0.0
FGD,"First Trust Dow Jones Global Sel Div ETF(USD,FGD)",**90% Intl Large Value 10% US Large Value,0.0058
USB.PRP,U.S. BANCORP 5.5% PFD PFD SER K,Preferred Stock,0.0
USB.PRH,U.S. BANCORP 5.56% PFD PFD SER B,Preferred Stock,0.0
USB.PRM,U.S. BANCORP 6.5% PFD PFD,Preferred Stock,0.0
VNO.PRM,VORNADO REALT 5.25% PFD PFD SER M,Preferred Stock,0.0
VNO.PRN,VORNADO REALT 5.25% PFD PFD SER N,Preferred Stock,0.0
VOYA.PRB,"VOYA FINL, IN 5.35% PFD PFD SER B",Preferred Stock,0.0
WRB.PRG,W. R. BERKLEY C 4.25%PFD DUE 09/30/60 SUBJ TO XTRO REDEMPTION,Preferred Stock,0.0
WRB.PRF,W. R. BERKLEY CO 5.1%PFD DUE 12/30/59 SUBJ TO XTRO REDEMPTION,Preferred Stock,0.0
TMFM,Motley Fool Mid-Cap Growth ETF,US Mid Growth,0.0085
WBS.PRF,WEBSTER FINL 5.25% PFD PFD SER F,Preferred Stock,0.0
WFC.PRZ,WELLS FARGO & 4.75% PFD PFD SER Z,Preferred Stock,0.0
fgen,"FibroGen Inc(USD,FGEN)",US Mid Growth,0.0
WFC.PRX,WELLS FARGO & 5.5% PFD PFD SER X DUE 12/31/99,Preferred Stock,0.0
WFC.PRY,WELLS FARGO 5.625% PFD PFD SER Y,Preferred Stock,0.0
WFC.PRR,WELLS FARGO 6.625% PFD PFD SER R,Preferred Stock,0.0
OBTC,Osprey Bitcoin Trust,Non-Traditional,0.0093
TFSL,TFS Financial Corp,US Small Blend,0.0
EMD,Wester Asset Emerg Mkts Debt,Emerging Market Debt,0.0185
BIRD,Allbirds Inc Class A,US Small Growth,0.0
RDS.A.38,SHELL INTERNTN6.375% 38F DUE 12/15/38,Long-Term Inv. Grade,0.0
FGMNX,"Fidelity® GNMA(USD,FGMNX)",Int-Term Inv. Grade,0.0045
TCLEX,TIAA-CREF Lifecycle 2010 Retirement,** 25 US Large Blend / 15 Intl Large Blend / 60 Int-Term Inv. Grade **,0.0062
EWW,iShares MSCI Mexico ETF,Emerging Large Blend,0.0051
fgnsx,"Strategic Advisers® Tx-Snstv Shrt Dur(USD,FGNSX)",Short-Term Inv. Grade,0.0014
AIMC,Altra Industrial Motion Corp,US Small Value,0.0
CPNG,Coupang Inc,Intl Large Growth,
SGEN,Seagen Inc,US Mid Growth,
SMAR,Smartsheet Inc,US Mid Growth,
FFIZX,Fidelity Freedom Index 2040 Instl Prem,** 55 US Large Blend / 35 Intl Large Blend / 10 Int-Term Inv. Grade **,0.0008
AXGN,Axogen Inc,US Small Blend,0.0
FGRIX,"Fidelity® Growth & Income(USD,FGRIX)",** 85 US Large Value / 15 Intl Large Value **,0.0063
TEST,TEST,Bank Loans,0.0008
VMVIX,Vanguard Mid-Cap Value Index Investor,US Mid Value,0.0019
COMP,Compass Inc,US Small Value,
ONPH,Oncology Pharma Inc,US Micro,
MGSEX,AMG Veritas Asia Pacific N,Emerging Large Growth,0.0118
FBIFX,Fidelity Freedom Index 2040 Investor,** 55 US Large Blend / 35 Intl Large Blend / 10 Int-Term Inv. Grade **,0.0012
FOA,Finance of America Companies Inc,US Micro,
WPVLX,Weitz Partners Value Investor,US Large Blend,0.0107
ESE,ESCO Technologies Inc,US Small Blend,0.0
FGRTX,"Fidelity® Mega Cap Stock(USD,FGRTX)",US Large Blend,0.0068
IGHG,ProShares Investment Grade -- Intr Rt Hdgd,Int-Term Inv. Grade,0.003
FRPT,Freshpet Inc,US Small Growth,0.0
FHLC,MSCI Health Care Index ETF,US Large Value,0.0008
CLPS,CLPS Inc,Intl Small Value,
ISCH,iShares Ultra Short-Term Bond ETF,Short-Term Inv. Grade,0.0008
HSKA,Heska Corp,US Small Growth,0.0
MGC,Vanguard Mega Cap ETF,US Large Blend,0.0007
ICSH,iShares Ultra Short-Term Bond ETF,Short-Term Inv. Grade,0.0008
FHN,"First Horizon National Corp(USD,FHN)",US Mid Value,0.0
PFXF,VanEck Vectors Pref Secs ex Fincls ETF,Preferred Stock,0.004
MQIFX,Franklin Mutual Quest Z,** 40 US Large Blend / 40 Intl Large Blend / 20 Cash **,0.0081
BVVBY,Bureau Veritas SA ADR,Intl Large Blend,0.0
CTTAY,Continental AG ADR,Intl Large Blend,0.0
FERG,Ferguson PLC,Intl Mid Blend,0.0
FJTSY,Fujitsu Ltd ADR,Intl Large Blend,0.0
ITVPY,ITV PLC ADR,Intl Mid Value,0.0
FROG,JFrog Ltd Ordinary Shares,US Small Growth,0.0
LGRDY,Legrand SA ADR,Intl Large Blend,0.0
NEXOY,NEXON Co Ltd ADR,Intl Large Blend,0.0
UITIX,USAA Tax Exempt Intermediate-Term Ins,Int-Term Inv. Grade,0.0044
FHNIX,"Fidelity Advisor® High Income I(USD,FHNIX)",High Yield,0.008
BKI,Black Knight Inc A,US Mid Blend,0.0
FNGZX,Franklin Intl Growth Adv,Intl Large Growth,0.0087
HHHYX,Hartford Schroders Emerging Mkts Eq Y,Emerging Large Blend,0.0117
LNTH,Lantheus Holdings Inc,US Small Growth,0.0
ADNT,"Adient PLC(USD,ADNT)",US Small Value,0.0
FHYAX,"Federated High Yield Trust A(USD,FHYAX)",High Yield,0.0098
PECO,"Phillips Edison & Company, Inc.",US Small Value,0.0
ACVIX,American Century Small Cap Value I,US Small Value,0.0099
FAGCX,Fidelity Advisor Growth Opps I,US Large Growth,0.0081
FDEEX,Fidelity Freedom® 2055,** 45 US Large Blend / 34 Intl Large Blend / 10 Emerging Large Blend / 7 Long-Term Inv. Grade / 4 Cash **,0.0075
LC,LendingClub Corp,US Small Blend,0.0
FHCIX,Fidelity Advisor Health Care I,US Large Blend,0.0074
FERIX,Fidelity Advisor Emerging Asia I,Emerging Large Growth,0.01
OIEJX,JPMorgan Equity Income R6,US Large Value,0.0047
MLRSX,MainStay Winslow Large Cap Growth R6,US Large Growth,0.0064
CSRIX,Cohen & Steers Instl Realty Shares,US Mid Blend,0.0075
JMGMX,JPMorgan Mid Cap Growth R6,US Mid Growth,0.0074
FHYTX,Federated High-Yield Trust Service Shares,High Yield,0.0098
EPGFX,EuroPac Gold A,Intl Mid Growth,0.0146
DIVO,Amplify CWP Enhanced Dividend Income ETF,US Large Value,0.0055
HYLV,IQ S&P High Yield Low Volatility Bd ETF,High Yield,0.004
GWW,W.W. Grainger Inc,US Large Blend,0.0
WMC,Western Asset Mortgage Capital Corp,US Real Estate,0.0
GLO,Clough Global Opportunities,Intl Large Growth,0.0342
NRO,Neuberger Berman Real Est Securities Inc,US Real Estate,0.0216
MGNI,Magnite Inc,US Small Growth,0.0
SOHI,Sortis Holdings Inc,US Real Estate,0.0
ECON,Columbia Emerging Markets Consumer ETF,Emerging Large Blend,0.0059
AMANX,Amana Income Investor,US Large Blend,0.0104
FIALC,LAZARD RTRMT EMRGM,Emerging Large Value,0.0138
FEAIX,First Eagle Fund of America I,US Large Blend,0.0066
INRE,Inland Real Estate Income Trust Inc,US Real Estate,0.0
MEG,Montrose Environmental Group Inc Ordinary Shares,US Small Blend,0.0
IBDO,iShares iBonds Dec 2023 Term Corp ETF,Short-Term Inv. Grade,0.001
IBDN,iShares iBonds Dec 2022 Term Corp ETF,Short-Term Inv. Grade,0.001
IBDM,iShares iBonds Dec 2021 Term Corp ETF,Short-Term Inv. Grade,0.001
AFMCX,Acuitas US Microcap Institutional Fund,US Small Blend,0.015
NTSX,WisdomTree U.S. Efficient Core Fund,US Large Blend,0.002
RRESX,Russell Inv Global Real Estate Secs S,Intl Real Estate,0.011
RTDYX,Russell Inv Multifactor US Equity CL Y,US Large Blend,0.0035
RTIYX,Russell Inv Multifactor Intl Eq CL Y,Intl Large Blend,0.0044
FIBK,"First Interstate BancSystem Inc(USD,FIBK)",US Small Value,0.0
SHRIX,Stone Ridge Hi Yld Reinsurance Risk PrmI ,Non-Traditional,0.0167
NSTG,NanoString Technologies Inc,US Small Blend,0.0
SWAN,Amplify BlackSwan Gr & Trsry Cor ETF,Non-Traditional,0.0049
ILCG,iShares Morningstar Growth ETF,US Large Growth,0.0004
ILCV,iShares Morningstar Value ETF,US Large Value,0.0004
IMCG,iShares Morningstar Mid-Cap Growth ETF,US Mid Growth,0.0006
PARKX,T. Rowe Price Retirement 2035 Advisor,US Large Blend,0.0084
TRMT,Tremont Mortgage Trust Registered Shs of Benef Interest,US Real Estate,0.0
LEXNX,Voya GNMA Income A,Long-Term Inv. Grade,0.0084
IPHYX,Voya High Yield Port S,High Yield,0.0073
FIDU,Fidelity® MSCI Industrials ETF,US Large Blend,0.0008
PSN,Parsons Corp,US Small Blend,0.0
IGBRX,Voya Global Bond R,World Bond,0.0115
IVKAX,VY Invesco Comstock A,US Large Value,0.012
ITGIX,VY T. Rowe Price Growth Equity I,US Large Growth,0.0073
IJSAX,VY JPMorgan Small Cap Core Equity A,US Small Blend,0.0147
IMIOX,VY T. Rowe Price International Stock A,Intl Large Growth,0.0136
IJPIX,VY JPMorgan Emerging Markets Equity S,Emerging Large Growth,0.015
MSTQX,Morningstar US Equity,US Large Blend,0.0085
MSTFX,Morningstar International Equity,Intl Large Blend,0.01
MSTGX,Morningstar Global Income,** 55 Intl Large Value / 40 Int-Term Inv. Grade / 5 Cash **,0.0075
MSTRX,Morningstar Total Return Bond,Long-Term Inv. Grade,0.0054
VRRM,Verra Mobility Corp Class A,US Small Growth,0.0
fienx,"Fidelity® International Enhanced Index(USD,FIENX)",Intl Large Value,0.0059
MSTBX,Morningstar Defensive Bond,Short-Term Inv. Grade,0.0055
MSTMX,Morningstar Multisector Bond,** 55 High Yield / 45 Int-Term Inv. Grade **,0.008
MSTSX,Morningstar Unconstrained Allc,** 25 US Large Value / 45 Intl Large Value / 25 Int-Term Inv. Grade / 5 Cash **,0.0093
MSTVX,Morningstar Alternatives,Non-Traditional,0.0146
OMGNX,Invesco Main Street R,US Large Blend,0.011
ISIPX,Voya US Stock Index Port S2,US Large Blend,0.0066
FBND,Fidelity Total Bond ETF,Int-Term Inv. Grade,0.0036
IMCB,iShares Morningstar Mid-Cap ETF,US Mid Blend,0.0004
VITL,Vital Farms Inc Ordinary Shares,US Small Growth,0.0
MNKKQ,Mallinckrodt PLC,Intl Small Value,0.0
FIGY,Barclays ETN+ FI Enhanced Global High Yield ETN,Intl Large,0.0064
THNPY,Technip Energies NV ADR,Intl Small Blend,0.0
XSVM,Invesco S&P SmallCap Value with Momt ETF,US Small Value,0.0039
MVCKX,MFS Mid Cap Value R6,US Mid Value,0.0068
BELP,Belpointe REIT Inc Ordinary Shares,US Real Estate,0.0
AVUVX,Avantis U.S. Small Cap Value Instl,US Small Value,0.0025
AVDVX,Avantis International Small Cap Val Ins,Intl Mid Value,0.0036
DCAAX,BNY Mellon CA AMT-Free Municipal Bond A,Long-Term Inv. Grade,0.0099
DCACX,BNY Mellon CA AMT-Free Municipal Bond C,Long-Term Inv. Grade,0.0176
NWHVX,Nationwide Geneva Mid Cap Gr A,US Mid Growth,0.0107
BAGSX,Baird Aggregate Bond Inv,** 50 Int-Term Inv. Grade / 50 Long-Term Inv. Grade **,0.0055
MSIAX,Morgan Stanley Inst Intl Advtg C,Intl Large Growth,0.0198
FIHBX,Federated Institutional High-Yield Bond Fund Institutional Shares,High Yield,0.005
FBT,First Trust Amex Biotech Index Fund,US Mid Growth,0.0055
ASYLX,AB Select US Long/Short Advisor,US Large Blend,0.017
JVASX,JPMorgan Value Advantage I,US Large Value,0.0089
MLNIX,Morgan Stanley Instl Glbl Concntr I,** 60 US Large Growth / 40 Intl Large Growth **,0.01
TSVIX,Transamerica Small/Mid Cap Value I,US Mid Value,0.0095
DB,Deutsche Bank,Intl Large Blend,0.0
MDILX,BlackRock International Inv,Intl Large Blend,0.009
AWLIF,Ameriwest Lithium Inc Ordinary Shares,Intl Mid Blend,0.0
BSMIX,iShares Russell Small/Mid-Cap Idx Instl,US Small Blend,0.0012
VTCIX,Vanguard Tax-Managed Capital App I,US Large Blend,0.0006
MVGAX,MFS Low Volatility Global Equity A,Intl Large Blend,0.01
FILFX,Strategic Advisers® International,Intl Large Blend,0.0056
NHINX,Neuberger Berman High Income Bond Inv,Int-Term Inv. Grade,0.0086
PSILX,T. Rowe Price Spectrum International Eq Fund,Intl Large Blend,0.0089
WFEAX,Wells Fargo International Equity Fund,Intl Large Value,0.0114
PLGAX,Principal LargeCap Growth I A,US Large Growth,0.0099
PRITX,T. Rowe Price International Stock,Intl Large Growth,0.0079
TWMIX,American Century Emerging Markets Inv,Emerging Large Growth,0.0125
USGRX,USAA Growth & Income,US Large Blend,0.0087
GSMUX,Goldman Sachs Dynamic Municipal,Long-Term Inv. Grade,0.0147
FINFX,American Funds Fundemental Invs F2,** 76 US Large Growth / 24 Intl Large Growth **,0.0041
MLNCX,Morgan Stanley Instl Glbl Concntr C,** 60 US Large Growth / 20 Intl Large Growth / 20 Emerging Large Growth **,0.021
PYCRX,Payden California Municipal Social Imp,Int-Term Treasury,0.0045
LALDX,Lord Abbett Short Duration Income A,Short-Term Inv. Grade,0.0059
KVHI,KVH Industries Inc,US Small Blend,
PIEQX,T. Rowe Price International Eq Index,Intl Large Blend,0.0045
SGVDX,Wells Fargo Government Securities A,** 20 Int-Term Treasury / 80 Int-Term Inv. Grade **,0.0086
PARFX,T. Rowe Price Retirement 2050 Advisor,** 61 US Large Blend / 26 Intl Large Blend / 6 Emerging Large Blend / 3 Int-Term Inv. Grade / 4 Cash **,0.0088
JRBFX,JHancock Regional Bank I,US Small Value,0.0092
VSSCX,JPMorgan Small Cap Sustainable Ldrs R5,US Small Blend,0.007
DIM,WisdomTree International MidCap Div ETF,Intl Mid Value,0.0058
MSSGX,Morgan Stanley Inst Inception I,US Small Growth,0.01
FHQFX,Fidelity Series Treasury Bill Index Fund,Short-Term Treasury,0.0
ADP,Automatic Data Processing Inc,US Large Growth,0.0
FINSX,Fidelity Advisor New Insights I,** .9 US Large Growth / .1 Intl Large Growth **,0.0079
VWAGY,Volkswagen AG ADR,Intl Large Value,0.0
FIONX,Fidelity SAI International Index Fund,Intl Large Value,0.0004
GXC,SPDR® S&P China ETF,Emerging Large Blend,0.0059
fipdx,"Fidelity® Inflation-Prot Bd Idx InstlPrm(USD,FIPDX)",Inflation Protected,0.0005
ATEAX,Anchor Risk Mgd Equity Strategies Adv,US Large Growth,0.0196
FIREX,Fidelity International Real Estate,Intl Real Estate,0.0112
AZEMX,Alger Emerging Markets Z,Emerging Large Growth,0.0099
FISV,Fiserv Inc,US Large Growth,0.0
COWZ,Pacer US Cash Cows 100 ETF,US Mid Value,0.0049
SSIRX,Sierra Tactical Core Income Instl,Non-Traditional,0.0167
FITB,Fifth Third Bancorp,US Large Value,0.0
CAPMF,Capgemini SE,Intl Large Growth,0.0
FITZX,Franklin Federal Interm-Term T/F Inc Adv,Int-Term Inv. Grade,0.0046
JUPW,Jupiter Wellness Inc,US Micro,0.0
FIVE,FIVE BELOW,US Mid Growth,0.0
COHR,Coherent Corp,US Small Blend,0.0
FIZZ,National Beverage Corp,US Small Growth,0.0
RFITX,American Funds 2050 Trgt Date Retire R6,** 61 US Large Blend / 20 Intl Large Blend / 6 Emerging Large Blend / 8 Int-Term Inv. Grade / 5 Cash **,0.0037
BRDG,Bridge Investment Group Holdings Inc Ordinary Shares - Class A ,US Small Blend,0.0
FLMVX,JPMorgan Mid Cap Value L,US Mid Value,0.0075
RWMGX,American Funds Washington Mutual R6,** 90 US Large Value / 10 Intl Large Value **,0.0027
VBIMX,Vanguard Interm-Term Bond Index I,** 55 Int-Term Treasury / 45 Int-Term Inv. Grade **,0.0005
VSMPX,Vanguard Total Stock Mkt Idx Instl Pls,US Large Blend,0.0002
FKDNX,"Franklin DynaTech A(USD,FKDNX)",US Large Growth,0.0091
VSTSX,Vanguard Total Stock Mkt Idx Instl Sel,US Large Blend,0.0001
EWS,iShares MSCI Singapore ETF,Emerging Large Value,0.0051
RLY,SPDR SSgA Multi-Asset Real Return ETF,Non-Traditional,0.005
ESALF,Eisai Co Ltd,Intl Large Growth,0.0
BBSI,Barrett Business Services Inc,US Small Value,0.0
NDCVF,Nordic Semiconductor ASA,Intl Mid Growth,0.0
MTW,Manitowoc Co Inc,US Micro,0.0
OMEX,Odyssey Marine Exploration Inc,US Micro,0.0
PRPM,ProTek Capital Inc,US Micro,0.0
SOL,ReneSola Ltd ADR,US Small Growth,0.0
WBT,Welbilt Inc,US Small Growth,0.0
ADS,ALLIANCE DATA SYSTEM,US Mid Value,0.0
FKGRX,"Franklin Growth A(USD,FKGRX)",US Large Growth,0.0087
SBB,ProShares Short SmallCap600,Non-Traditional,0.0095
FICMX,Federated Hermes Government Income IS,** 85 Long-Term Inv. Grade / 15 Cash **,0.0064
XPEV,XPeng Inc ADR,Emerging Large Blend,0.0
RSVAX,Victory RS Value A,** 95 US Mid Value / 5 Intl Mid Value **,0.013
CTSFX,American Funds College 2027 529F1,** 25 US Large Value / 5 Intl Large Value / 60 Int-Term Inv. Grade / 10 Cash **,0.0069
FFCFX,American Funds College 2027 529-F-2,** 55 Int-Term Inv. Grade / 25 US Large Value / 10 Intl Large Value / 10 Cash **,0.0044
AFRM,Affirm Holdings Inc Ordinary Shares - Class A,US Large Growth,0.0
VLY,Valley National Bancorp,US Small Value,0.0
BHYRX,BlackRock High Yield Bond R,High Yield,0.0119
PACLX,T. Rowe Price Capital Appreciation Adv,** 70 US Large Blend / 20 High Yield / 10 Cash **,0.0099
FKINX,"Franklin Income A1(USD,FKINX)",** .55 Int-Term Inv. Grade / .35 US Large Value / .1 Intl Large Value **,0.0061
FLC,Flah&Crum Total Return Fund,** 45 Preferred Stock / 17 Long-Term Inv. Grade / 18 High Yield / 20 Non-Traditional **,0.0163
HABDX,Harbor Bond Institutional,Int-Term Inv. Grade,0.008
TEI,Templeton Emerging Markets Income Fund,** 92 World Bond / 8 Cash **,0.0114
GOF,Guggenheim Strategic Opp Fund,** 45 Int-Term Inv. Grade / 55 High Yield **,0.0183
ERC,Wells Fargo Multi-Sec Income,** 30 Int-Term Inv. Grade / 65 High Yield / 5 Cash **,0.0175
CMO.PRE,"Capstead Mortgage Corp. 7.50% Cumulative Redeemable Preferred Stock, Series E",Preferred Stock,0.0
ORMP,Oramed Pharmaceuticals Inc,US Micro,0.0
PZC,PIMCO CA Municipal Income III,Long-Term Inv. Grade,0.0168
BGT,BlackRock Floating Rate Inc Trust,High Yield,0.017
CRISX,CRM Small Cap Value Instl,US Small Value,0.0093
FKMCX,Fidelity Mid-Cap Stock K,US Mid Blend,0.0062
MIGKX,MFS Massachusetts Inv Gr Stk R4,** 90 US Large Growth / 5 Intl Large Growth / 5 Emerging Large Growth **,0.0046
LEXCX,Voya Corporate Leaders Trust B,** 90 US Large Value / 10 Intl Large Value **,0.0052
RLBGX,American Funds American Balanced R6,** 55 US Large Blend / 10 Intl Large Blend / 30 Int-Term Inv. Grade / 5 Cash **,0.0025
FKTFX,"Franklin CA Tax-Free Income A(USD,FKTFX)",Int-Term Inv. Grade,0.0058
DOXFX,Dodge & Cox International Stock X,** 95 Intl Large Value / 5 US Large Value **,0.0052
DOXGX,Dodge & Cox Stock X ,** 88 US Large Value / 12 Intl Large Value **,0.0041
FLCNX,Fidelity Contrafund K6,US Large Growth,0.0045
FKEMX,Fidelity Emerging Markets K,Emerging Large Growth,0.008
USMIX,USAA Extended Market Index,US Mid Blend,0.0042
VAC,Marriott Vacations Worldwide Corp,US Small Blend,0.0
GDS,GDS Holdings Ltd ADR,Emerging Large Blend,0.0
RIGL,Rigel Pharmaceuticals Inc,US Micro,0.0
TGLO,Thegloble.com Inc,US Micro,0.0
VMEO,Vimeo Inc,US Mid Growth,0.0
SAUFX,SA US Fixed Income Investor,** 90 Short-Term Treasury / 10 Short-Term Inv. Grade **,0.0063
SWKRX,Schwab Monthly Income Enh Payout,** 55 Int-Term Inv. Grade / 20 US Large Value / 15 Intl Large Growth / 5 Intl Real Estate / 5 Cash **,0.0036
FALN,iShares Fallen Angels USD Bond ETF,High Yield,0.0025
SAISX,SA International Small Company Investor,Intl Small Blend,0.0128
FLCPX,Fidelity SAI U.S. Large Cap Index Fund,US Large Blend,0.0002
SAMKX,SA US Core Market Investor,US Large Blend,0.009
SAUMX,SA US Small Company Investor,US Small Blend,0.0114
SABTX,SA US Value Investor,US Large Value,0.0095
CALM,Cal-Maine Foods Inc,US Small Blend,0.0
CNXC,Concentrix Corp Ordinary Shares,US Mid Growth,0.0
GLNG,Golar LNG Ltd,Emerging Small Blend,0.0
RES,RPC Inc,US Small Value,0.0
RUSMF,Russel Metals Inc,Intl Small Blend,0.0
BROAX,BlackRock Advantage International Inv A,Intl Large Blend,0.0075
SONY,Sony Group Corp ADR,Intl Large Blend,0.0
SNCR,Synchronoss Technologies Inc,US Micro,0.0
FLCSX,"Fidelity® Large Cap Stock(USD,FLCSX)",US Large Blend,0.0066
NBRWF,Nabors Industries Ltd,Emerging Small Value,0.0
FLNG,Flex LNG Ltd,Emerging Small Blend,0.0
OAS,Oasis Petroleum Inc Ordinary Shares - New,US Small Value,0.0
NPO,EnPro Industries Inc,US Small Blend,0.0
OVV,Ovintiv Inc,US Mid Blend,0.0
ETNMX,Eventide Multi-Asset Income N,** 40 US Mid Blend / 35 Int-Term Inv. Grade / 5 Intl Mid Blend / 5 High Yield / 10 Non-Traditional / 5 Cash **,0.0102
BMEZ,BlackRock Health Sciences Trust II,** 65 US Mid Growth / 15 Emerging Mid Growth / 20 Intl Mid Growth **,0.01
PCOK,Pacific Oak Strategic Opportunity REIT Inc Ordinary Shares,US Real Estate,0.0
DYFN,Angel Oak Dynamic Financial St Income,** 60 Int-Term Inv. Grade / 15 High Yield / 25 Cash **,0.0135
ARR+C,Armour Residential REIT 7% PFD Ser C,Preferred Stock,0.0
BHK,BlackRock Core Bond,** 75 Int-Term Inv. Grade / 25 High Yield **,0.009
FLGE,"Credit Suisse FI Large Cap Gr Enh ETN(USD,FLGE)",US Large Growth,0.0085
CCD,Calamos Dynamic Convertible and Income,** 10 High Yield / 5 US Large Value / 85 Non-Traditional **,0.025
CMO+E,Capstead Mortgage Corp 7.5% PFD Ser E,Preferred Stock,0.0
DLY,DoubleLine Yield Opportunities Fund,High Yield,0.0186
EFC,Ellington Financial Inc,US Real Estate,0.0
FPF,First Trust Inter Dur Pref & Income Fund,** 40 High Yield / 60 Non-Traditional **,0.0198
GSL+B,Global Ship Lease Inc 8.75% PFD Ser B,Preferred Stock,0.0
AGIN,American Graphite Technologies Inc,US Micro,0.0
JEPI,JPMorgan Equity Premium Income ETF,** 81 US Large Blend / 2 Intl Large Blend / 2 Cash / 15 Non-Traditional **,0.0035
GBAB,Guggenheim Tax Muni & Inv Grade Debt Tr,** 70 Long-Term Inv. Grade / 30 High Yield **,0.0127
HYB,New America High Income Fund,High Yield,0.0096
NSL,Nuveen Senior Income,** 10 Int-Term Inv. Grade / 90 High Yield **,0.0305
OCSL,Oaktree Specialty Lending Corp,US Small Value,0.0
FLKS,Flex Pharma Inc,US Micro,0.0
GHY,"PGIM Global High Yield Fund, Inc.",High Yield,0.0199
PGZ,Principal Real Estate Income,US Real Estate,0.0292
RC,Ready Capital Corp,US Real Estate,
TSLX,Sixth Street Specialty Lending Inc,US Small Value,0.0
SCM,Stellus Capital Investment Corp,US Micro,0.0
CWIAX,American Funds Capital World Gr&Inc 529A,** 45 US Large Blend / 45 Intl Large Blend / 10 Cash **,0.0078
TRIN,Trinity Capital Inc Ordinary Shares,US Small Value,0.0
TWO+B,Two Harbors Investment Corp 7.625% PFD Ser B,Preferred Stock,0.0
NUSI,Nationwide Risk-Managed Income ETF,US Large Growth,0.0068
IVOL,Quadratic Intrst Rt Vol & Infl H ETF,Int-Term Inv. Grade,0.0105
PSLDX,PIMO StocksPLUS Long Duration Instl,Non-Traditional,0.0061
FLOT,ishares Floating Rate,Bank Loans,0.002
ACRE,Ares Commercial Real Estate Corp,US Real Estate,0.0
ECCX,Eagle Point Credit Co LLC 6.6875% PFD,Preferred Stock,0.0
ECCW,Eagle Point Credit Co LLC 6.75% PFD,Preferred Stock,0.0
EARN,Ellington Residential Mortgage REIT,US Real Estate,0.0
MYRG,MYR Group Inc,US Small Blend,0.0
OXLCP,Oxford Lane Capital Corp 6.25% PFD,Preferred Stock,0.0
OXLCL,Oxford Lane Capital Corp 6.75% PFD,Preferred Stock,0.0
BCX,BlackRock Resources & Commdty,** 40 US Large Value / 60 Intl Large Value **,0.0109
CHIQ,Global X MSCI China Consumer Disc ETF,Emerging Large Growth,0.0065
CQQQ,Invesco China Technology ETF,Emerging Large Growth,0.007
PBD,Invesco Global Clean Energy ETF,** 75 Intl Mid Growth / 25 US Mid Growth **,0.0075
ADSK,AUTODESK INC,US Large Growth,0.0
FLPSX,"Fidelity® Low-Priced Stock(USD,FLPSX)",** 60 US Mid Value / 30 Intl Mid Value / 5 Emerging Mid Value / 5 Cash **,0.0082
AGCB,Altimeter Growth Corp 2 Ordinary Shares - Class A,US Small Growth,0.0
SILV,SilverCrest Metals Inc,Intl Small Blend,0.0
BILI,Bilibili Inc ADR,Emerging Large Blend,0.0
DIDI,DiDi Global Inc ADR,Emerging Mid Growth,0.0
EH,EHang Holdings Ltd ADR,Emerging Small Growth,0.0
FAGI,Full Alliance Group Inc,US Micro,0.0
LCID,Lucid Group Inc Shs,US Mid Growth,0.0
SOFI,SoFi Technologies Inc Ordinary Shares,US Mid Blend,0.0
CFLT,Confluent Inc Class A,US Large Growth,0.0
DOMO,Domo Inc,US Small Blend,0.0
RLFTF,Relief Therapeutics Holding AG,Intl Small Growth,0.0
FLR,Fluor Corp,US Mid Value,0.0
HACK,"ETFMG Prime Cyber Security ETF(USD,HACK)",** 85 US Mid Growth / 15 Intl Mid Growth **,0.006
BMOAX,iShares US Aggregate Bond Index Inv A,Int-Term Inv. Grade,0.0035
VRNIX,Vanguard Russel 1000 Index I,US Large Blend,0.0007
BSMAX,iShares Russel Small/Mid-Cap Idx Inv A,US Small Blend,0.0037
VLTCX,Vanguard Long-Term Corporate Bd Idx Adm,Int-Term Inv. Grade,0.0007
FFOLX,Fidelity Freedom Index 2045 Instl Prem,** 55 US Large Blend / 35 Intl Large Blend / 10 Long-Term Inv. Grade **,0.0008
FFIKX,Fidelity Freedom Index 2065 Instl Prm,** 55 US Large Blend / 35 Intl Large Blend / 10 Long-Term Inv. Grade **,0.0008
CYDY,CytoDyn Inc,US Small Growth,0.0
FCOR,Fidelity Corporate Bond ETF,Int-Term Inv. Grade,0.0036
ATNF,180 Life Sciences Corp Ordinary Shares,US Micro,0.0
SII,Sprott Inc,Intl Small Blend,0.0
FLS,Flowserve Corp,US Mid Value,0.0
STAB,Statera Biopharma,US Micro,0.0
STLA,Stellantis NV,Intl Large Value,0.0
TRQ,Turquoise Hill Resources Ltd,Intl Mid Blend,0.0
PSTH,Pershing Square Tontine Holdings Ltd Ordinary Shares - Class A,Non-Traditional,0.0
HRTVX,Heartland Value Investor,** 84 US Small Blend / 10 Intl Small Blend / 6 Cash **,0.0104
MNTS,Momentus Inc Ordinary Shares - Class A,US Micro,0.0
VASIX,Vanguard LifeStrategy Income Inv,** 80 Int-Term Inv. Grade / 10 US Large Blend / 10 Intl Large Blend **,0.0011
TDRRF,Tudor Gold Corp,Intl Small Growth,0.0
FLT,Fleetcor Technologies Inc,US Large Growth,0.0
AFINP-Q,American Finance Trust Inc Pfd Ser A,Preferred Stock,0.0
ARR^C,"ARMOUR Residential REIT, Inc. 7% Ser C Cumulative Redeemable Pfd",Preferred Stock,0.0
HT.PRD,Hersha Hospitality Trust 6.5% Cum. Redeem. Pfd. Series E,Preferred Stock,0.0
KNOP,KNOT Offshore Partners LP,Intl Small Value,0.0
TCOM,Trip.com Group Ltd ADR,Emerging Large Value,0.0
VITFF,Victoria Gold Corp,Intl Small Blend,0.0
USAC,USA Compression Partners LP,US Small Value,0.0
AOD,Aberdeen Total Dynamic Dividend,** 50 US Large Blend / 50 Intl Large Blend **,0.0115
FLTMX,Fidelity® Interm Muni Inc,** 96 Int-Term Inv. Grade / 4 Cash **,0.0036
WHGDF,Whitehorse Gold Corp Ordinary Shares,Intl Small Blend,0.0
GBX,Greenbrier Companies Inc,US Small Value,0.0
LRTTF,Liberty One Lithium Corp,Intl Small Value,0.0
NICSX,Nicholas,US Large Growth,0.0072
FLTRX,Nuveen Limited Term Municipal Bond I,Short-Term Inv. Grade,0.0043
NBSRX,Neuberger Berman Sustainable Eq Investor,** 85 US Large Blend / 15 Intl Large Blend **,0.0087
SQQQ,ProShares UltraPro Short QQQ,Non-Traditional,0.0095
FLVEX,"Fidelity® Large Cap Value Enhanced Index(USD,FLVEX)",US Large Value,0.004
LIACF,American Lithium Corp,Intl Small Growth,0.0
BSXGF,Belo Sun Mining Corp,Intl Small Blend,0.0
FLWS,1-800-Flowers.com Inc Class A,US Small Growth,0.0
ROAD,Construction Partners Inc Class A,US Small Growth,0.0
FMAGX,"Fidelity® Magellan®(USD,FMAGX)",US Large Growth,0.0068
GPOR,Gulfport Energy Corp Ordinary Shares ,US Small Value,0.0
FMCC,"Federal Home Loan Mortgage Corp(USD,FMCC)",US Small Value,0.0
OBNNF,Osisko Mining Inc,Intl Small Blend,0.0
TLHIX,TIAA-CREF Lifecycle Index 2030,** 45 US Large Blend / 20 Intl Large Blend / 35 Int-Term Inv. Grade **,0.001
BICPX,BlackRock 20/80 Target Allocation Instl,** 65 Int-Term Inv. Grade / 15 US Large Blend / 10 Intl Large Blend / 10 Cash **,0.0035
FZILX,Fidelity ZERO International Index,Intl Large Blend,0.0
BAC+M,Bank of America 5.375% PFD,Preferred Stock,0.0
FITB+I,Fifth Third 6.625% PFD Ser I,Preferred Stock,0.0
FIGS,FIGS Inc Class A,US Small Blend,0.0
GTBIF,Green Thumb Industries Inc,US Small Growth,0.0
ADX,Adams Diversified Equity Fund,US Large Growth,0.0056
FMCKJ,Federal Home Loan Mortgage Corp Pref Share,Preferred Stock,0.0
VYGVQ,Voyager Digital Ltd,US Small Growth,0.0
MET+F,Metlife Inc 4.75% PFD,Preferred Stock,0.0
PNC+P,PNC FINL SVC 6.125% PFD,Preferred Stock,0.0
ALL+H,The Allstate C 5.1% PFD,Preferred Stock,0.0
SCHW+D,The Charles S 5.95% PFD,Preferred Stock,0.0
GS+J,The Goldman Sa 5.5% PFD,Preferred Stock,0.0
TCNNF,Trulieve Cannabis Corp Ordinary Shares (Sub Voting),US Small Growth,0.0
USB+M,U.S. Bancorp 6.5% PFD,Preferred Stock,0.0
AEPPL,American Ele 6.125% PFD,Preferred Stock,0.0
BZUN,Baozun Inc ADR,Emerging Mid Growth,0.0
BSET,Bassett Furniture Industries Inc,US Micro,0.0
HAE,"Haemonetics Corp(USD,HAE)",US Mid Growth,0.0
FMIHX,FMI Large Cap,** .80 US Large Blend / .20 Intl Large Blend **,0.0085
BIGC,BigCommerce Holdings Inc Ordinary Shares Series 1,US Small Growth,0.0
APDRX,Artisan Global Opportunities Advisor,** 55 US Large Growth / 45 Intl Large Growth **,0.0102
GQGIX,GQG Partners Emerging Markets Equity Inv,** 95 Emerging Large Blend / 5 US Large Blend **,0.0118
LUBFX,Lord Abbett Ultra Short Bond F,Short-Term Inv. Grade,0.0039
JCRIX,ALPS/CorCmdty Mgmt CmpItCmdty Strat I,Commodities,0.0115
SMMV,iShares MSCI USA Sm-Cp Min Vol Fctr ETF,US Small Blend,0.002
NUGT,Direxion Daily Gold Miners Bull 2X ETF,** 40 Cash / 30 Intl Mid Blend / 20 Emerging Mid Blend / 10 US Mid Blend **,0.0114
FMIJX,FMI International,Intl Large Blend,0.009
NMPAX,Columbia Mid Cap Index,US Mid Blend,0.002
VISAX,Virtus KAR International Small-Mid Cap A,** 90 Intl Mid Growth / 10 Cash **,0.0146
BKSE,BNY Mellon US Small Cap Core Equity ETF,US Small Blend,0.0004
MAILX,BlackRock International Instl,** 80 Intl Large Blend / 20 US Large Blend **,0.0066
FBKWX,Fidelity Advisor Total Bond Z,Int-Term Inv. Grade,0.0036
JFNIX,Janus Henderson Global Life Sciences I,** 80 US Large Blend / 20 Intl Large Blend **,0.0076
MITEX,Matthews Asia Innovators Institutional,Emerging Large Growth,0.0095
SMMT,Summit Therapeutics Inc Ordinary Shares,US Small Value,0.0
FMILX,"Fidelity® New Millennium(USD,FMILX)",** 82 US Large Value / 18 Intl Large Value **,0.0054
ATKR,Atkore Inc,US Small Growth,0.0
FMIYX,"FMI International Institutional(USD,FMIYX)",Intl Large Blend,0.0077
TREX,Trex Co Inc,US Mid Growth,0.0
AIRRF,Aurion Resources Ltd ,Intl Small Blend,0.0
FFTWX,Fidelity Freedom 2025 Fund,** 30 US Large Blend / 20 Intl Large Blend / 10 Emerging Large Blend / 40 Int-Term Inv. Grade **,0.0063
AMKBY,A. P. Moller Maersk A/S ADR,Intl Large Value,0.0
DENN,Denny's Corp,US Small Blend,0.0
HDELY,HeidelbergCement AG ADR,Intl Large Value,0.0
FMKIX,"Fidelity® New Markets Income(USD,FNMIX)",Emerging Market Debt,0.0082
AUD,Audacy,US Micro,0.0
DTM,DT Midstream Inc Ordinary Shares,US Small Blend,0.0
DSU,BlackRock Debt Strategies Fund,High Yield,0.0148
DTF,DTF Tax-Free Income,Int-Term Inv. Grade,0.0227
FVE,Five Star Senior Living Inc,US Small Value,0.0
APGMF,Applied Graphene Materials PLC,Intl Small Blend,0.0
CJRCF,China Resources Cement Holdings Ltd,Emerging Mid Value,0.0
PCTEX,Putnam CA Tax Exempt Income A,Int-Term Inv. Grade,0.0078
ADC,Agree Realty Corp,US Real Estate,0.0
DHC,Diversified Healthcare Trust,US Micro,0.0
AIR,AAR Corp,US Small Value,0.0
AIXXF,Aixtron SE,Intl Mid Growth,0.0
fmndx,"Fidelity® Conservative Inc Muni Bd Instl(USD,FMNDX)",Short-Term Inv. Grade,0.0025
HNRG,Hallador Energy Co,US Micro,0.0
VUSTX,Vanguard Long-Term Treasury Inv,Long-Term Treasury,0.002
PDMIX,PIMCO GNMA and Government Secs Instl,Int-Term Inv. Grade,0.0051
VSORX,Victory Sycamore Small Company Opp R6,US Small Value,0.0086
BIP,Brookfield Infrastructure Partners LP,Emerging Mid Blend,0.0
TAINX,Transamerica International Equity R6,Intl Large Value,0.0077
NRGSX,Neuberger Berman Genesis Fund Class R6,** 97 US Small Growth / 3 Intl Small Growth **,0.0075
RRCTX,American Funds 2020 Trgt Date Retire R6,** 33 US Large Blend / 13 Intl Large Blend / 46 Int-Term Inv. Grade **,0.0031
ACM,AECOM,US Mid Blend ,0.0
BERY,Berry Global Group Inc,US Mid Value,0.0
AMIH,American International Holdings Corp,US Micro,0.0
FMO,Fid/Claymore MLP Opportunity,MLP,0.0474
GMOLQ,"General Moly, Inc",US Micro,0.0
LGIQ,Logiq Inc,US Micro,0.0
OB,Outbrain Inc,US Micro,0.0
TRYMF,Treasury Metals Inc.,Intl Small Value,0.0
SNDL,Sundial Growers Inc Ordinary Shares,Intl Small Blend,0.0
WLSI,Wellstar International Inc,US Micro,0.0
IYC,iShares US Consumer Discretionary ETF,US Large Growth,0.0041
STRS,Stratus Properties Inc,US Micro,0.0
SFMIX,American Beacon Stephens Mid-Cap Gr R5,** 91 US Mid Growth / 9 Intl Mid Growth **,0.0089
NPHIX,American Century High Income Y,** 95 High Yield / 5 Cash **,0.0059
FMS,"Fresenius Medical Care AG & Co. KGaA ADR(USD,FMS)",US Large Blend,0.0
XPOF,Xponential Fitness Inc Ordinary Shares - Class A,US Small Growth,0.0
IUSB,iShares Core Total USD Bond Market ETF,** 95 Int-Term Inv. Grade / 5 Cash **,0.0006
MWNIX,MFS International New Discovery I,Intl Mid Blend,0.0104
CRRRX,Columbia Small Cap Value II Inst2,** 95 US Small Value / 2 Intl Small Value / 3 Cash **,0.0088
QISGX,Federated Hermes MDT Small Cap Growth IS,US Small Growth,0.0089
HERYX,Hartford Emerging Markets Equity Y,Emerging Large Value,0.011
HFOSX,Janus Henderson International Opps N,** 80 Intl Large Blend / 15 Emerging Large Blend / 5 US Large Blend **,0.0088
LSITX,ClearBridge Large Cap Growth IS,** 95 US Large Growth / 5 Intl Large Growth **,0.0062
PEMPX,PIMCO Emerging Markets Bond I2,High Yield,0.0097
RMOYX,Victory RS Mid Cap Growth Y,** 95 US Mid Growth / 5 Intl Mid Growth **,0.0095
MTBIX,MainStay MacKay Tax Free Bond I,Long-Term Inv. Grade,0.005
FNARX,"Fidelity® Select Natural Resources Port(USD,FNARX)",US Large Growth,0.0082
BNMLX,BlackRock National Municipal K,Long-Term Inv. Grade,0.0
MACVX,MFS Conservative Allocation C,** 55 US Large Blend / 25 Intl Large Blend / 20 Int-Term Inv. Grade **,0.0158
JITZX,JPMorgan Intermediate Tax Free Bond R6,Int-Term Inv. Grade,0.003
CBTAX,Six Circles Tax Aware Bond,Int-Term Inv. Grade,0.0018
CRDOX,Six Circles Credit Opportunities,High Yield,0.0044
SABR,Sabre Corp,US Small Value,0.0
FOUR,Shift4 Payments Inc Class A,US Small Growth,0.0
XIACY,Xiaomi Corp ADR,Emerging Large Blend,0.0
BBC,Virtus LifeSci Biotech Clinical Trls ETF,** 86 US Small Growth / 14 Intl Small Growth **,0.0079
SWCRX,Schwab Target 2020,** 35 Int-Term Inv. Grade / 20 Long-Term Inv. Grade / 27 US Large Blend / 13 Intl Large Blend / 5 Cash **,0.0035
MDXBX,T. Rowe Price Maryland Tax-Free Bond,Int-Term Inv. Grade,0.0048
AEDFX,Arbitrage Event-Driven R,Non-Traditional,0.0173
AFRYX,Invesco Floating Rate ESG Y ,Bank Loans,0.0081
FNCL,MSCI Financials Index ETF,US Large Value,0.0008
AAFTX,American Funds 2035 Trgt Date Retire A,** 53 US Large Blend / 22 Intl Large Blend / 12 Int-Term Inv. Grade / 6 Long-Term Inv. Grade / 7 Cash **,0.007
PCVAX,Virtus NFJ Small-Cap Value A,US Small Value,0.0117
OPRT,Oportun Financial Corp,US Micro,0.0
TMAFX,Thrivent Moderately Agrsv Allocation S,** 55 US Large Blend / 20 Intl Large Blend / 20 High Yield / 5 Cash **,0.0091
HAIN,The Hain Celestial Group Inc,US Small Value,0.0
FNDA,Fundamental U.S. Small Company Index ETF,US Small Blend,0.0025
MMHIX,MainStay MacKay High Yield Muncpl Bd I,** 55 Int-Term Inv. Grade / 45 High Yield **,0.006
FNDB,"Schwab Fundamental US Broad Market ETF(USD,FNDB)",US Large Value,0.0025
RMNI,Rimini Street Inc,US Small Blend,0.0
VALSX,Value Line Select Growth Fund,** 95 US Large Growth / 5 Intl Large Growth **,0.0116
KBLB,Kraig Biocraft Laboratories Inc,US Micro,0.0
UMBHX,Carillon Scout Small Cap I,** 95 US Small Growth / 5 Intl Small Growth **,0.0095
LSIZX,Columbia Strategic Income Inst,** 55 High Yield / 45 Int-Term Inv. Grade **,0.0067
FNDC,Fundamental International Small Company Index ETF,Intl Small Value,0.0039
EIHIX,Eaton Vance High Income Opportunities I,High Yield,0.0065
BEAM,Beam Therapeutics Inc,US Small Value,0.0
PCOXX,Federated Hermes Prime Cash Obligations Fund Wealth,Cash/Money Market,0.002
FNDF,Fundamental International Large Company Index ETF,Intl Large Value,0.0025
REZ,iShares Residential & Multisector RE ETF,US Real Estate,0.0048
FNDX,Fundamental U.S. Large Company Index ETF,US Large Value,0.0025
PLTJX,Principal LifeTime 2030 J,** 50 Int-Term Inv. Grade / 35 US Large Blend / 15 Intl Large Blend ** ,0.0079
FNF,FNF GROUP,US Mid Value,0.0
MSGP,MedSmart Group Inc,US Micro,0.0
FNHSX,Silk Invest New Horizons Frontier Fund,** .17 Intl Small Blend / .83 Emerging Small Blend **,0.019
SSNT,SilverSun Technologies Inc,US Micro,0.0
CTLRX,Columbia Limited Duration Credit Inst2,Int-Term Inv. Grade,0.0048
TPL,Texas Pacific Land Corp,US Mid Growth,0.0
DDF,Delaware Inv Div & Income,** 60 Large US Value / ** 40 Short Term Inv. Grade **,0.0108
USNQX,USAA NASDAQ - 100 Index,US Large Growth,0.0044
UVALX,USAA Value,US Large Value,0.0096
MPIEX,Mondrian International Value Equity,Intl Large Value,0.0074
USEMX,USAA Emerging Markets,Emerging Large Blend,0.0145
HNACX,Harbor Capital Appreciation Retirement,** 85 Large US Growth / 15 Large Intl Growth **,0.0059
DUSLX,DFA US Large Cap Growth Instl,US Large Blend,0.0019
FNI,FIRST TRUST CHINDIA ETF,Intl Large Blend,0.006
SIMPQ,Simply Inc,US Micro,0.0
LMOIX,ClearBridge Small Cap Growth IS,** 93 Small US Growth / 7 Small Intl Growth **,0.0078
CBDIX,Calvert Bond I,Int-Term Inv. Grade,0.0053
NINDX,Columbia Large Cap Index Inst,US Large Blend,0.002
NMSCX,Columbia Small Cap Index Inst,US Small Blend,0.002
AFIB,Acutus Medical Inc Ordinary Shares,US Micro,0.0
OUST,Ouster Inc Ordinary Shares - Class A,US Micro,0.0
NEAGX,Needham Aggressive Growth Retail,** 90 US Small Growth / 10 Intl Small Growth **,0.0185
GMBTU,Queens Gambit Growth Capital Units (1 Ord Class A & 1/3 War),US Small Growth,0.0
LINAX,BlackRock LifePath Index 2030 Inv A,** 37 US Large Blend / 17 Intl Large Blend / 7 Emerging Large Blend / 36 Int-Term Inv. Grade / 3 Cash **,0.0039
IPOF,Social Capital Hedosophia Holdings Corp VI Ordinary Shares - Class A,US Small Blend,0.0
PGBIX,PIMCO Global Bond Opps (USD-Hdg) Instl,** 85 Int-Term Inv. Grade / 15 Cash **,0.0056
AEE,"Ameren Corp(USD,AEE)",US Mid Value,0.0
FNMA,Fannie Mae,US Small Blend,0.0
SDG,iShares MSCI Global Impact ETF,** 30 US Large Blend / 55 Intl Large Blend / 15 Emerging Large Blend **,0.0049
BASE,Couchbase Inc,US Small Growth,0.0
COUR,Coursera Inc,US Mid Growth,0.0
MTTR,Matterport Inc Ordinary Shares - Class A,US Mid Growth,0.0
RSKD,Riskified Ltd Class A,Intl Small Growth,0.0
FDYZX,Franklin DynaTech Adv,** 82 US Large Growth / 18 Intl Large Growth **,0.006
ANBFX,American Funds Strategic Bond F-2,** 90 High Yield / 10 Cash **,0.0048
ASTS,AST SpaceMobile Inc Ordinary Shares - Class A,US Small Growth,0.0
HAINX,Harbor International Institutional,Intl Large Growth,0.0072
BKSY,BlackSky Technology Inc Class A,US Micro,0.0
BLND,Blend Labs Inc Ordinary Shares - Class A,US Mid Growth,0.0
FNMAT,Fannie Mae Pref Share,Preferred Stock,0.0
BCC,Boise Cascade Co,US Small Value,0.0
CRSR,Corsair Gaming Inc Ordinary Shares,US Small Growth,0.0
DV,DoubleVerify Holdings Inc,US Small Growth,0.0
INDI,Indie Semiconductor Inc Ordinary Shares - Class A,US Small Growth,0.0
JMIA,Jumia Technologies AG ADR,Intl Small Blend,0.0
PAYA,Paya Holdings Inc Ordinary Shares - Class A,US Small Growth,0.0
PTRA,Proterra Inc,US Mid Blend,0.0
CSEIX,Cohen & Steers Real Estate Securities A,US Real Estate,0.011
RDW,Redwire Corp,US Micro,0.0
RKLB,Rocket Lab USA Inc,US Mid Growth,0.0
CXM,Sprinklr Inc Class A,US Mid Growth,0.0
FNMIX,"Fidelity® New Markets Income(USD,FNMIX)",Emerging Market Debt,0.0082
VKTX,Viking Therapeutics Inc,US Micro,0.0
GXO,GXO Logistics Inc,US Mid Blend,0.0
WOGSX,White Oak Select Growth,** 88 US Large Growth / 10 Intl Large Growth / 2 Emerging Large Growth **,0.0093
CXGCX,Calamos Global Convertible I,Non-Traditional,0.011
GATEX,Gateway A,US Large Blend,0.0094
WABAX,Western Asset Core Bond A,Long-Term Inv. Grade,0.0083
RTO,Rentokil Initial PLC ADR,Intl Mid Growth,0.0
OZ,Belpointe Prep LLC - Opportunity Zone,US Real Estate,0.0
QUSIX,Pear Tree Polaris Fgn Val Sm Cap Instl,Intl Small Value,0.0106
WGICX,Wasatch Micro Cap Institutional,** 92 US Small Growth / 8 Intl Small Growth **,0.016
fold,"Amicus Therapeutics Inc(USD,FOLD)",US Small Growth,0.0
AMH.F,AMH.F,Preferred Stock,0.0
SCHW.J,SCHW.J,Preferred Stock,0.0
FRC.M,FRC.M,Preferred Stock,0.0
HBANM,HBANM,Preferred Stock,0.0
JPM.L,JPM.L,Preferred Stock,0.0
KDDIY,KDDI Corp ADR,Intl Large Value,0.0
ELBMD,Electra Battery Materials Corp,Intl Small Value,0.0
OP,OceanPal Inc,Emerging Small Value,0.0
JPM.K,JPM.K,Preferred Stock,0.0
JPM.M,JPM.M,Preferred Stock,0.0
VNO.N,VNO.N,Preferred Stock,0.0
WFC.D,WFC.D,Preferred Stock,0.0
BEPH,BEPH,Preferred Stock,0.0
FOOLX,"Motley Fool Global Opps Investor(USD,FOOLX)",** .65 US Large Blend .35 Intl Large Blend**,0.0115
BIPH,BIPH,Preferred Stock,0.0
CGABL,CGABL,Preferred Stock,0.0
KKRS,KKRS,Preferred Stock,0.0
PSA.P,PSA.P,Preferred Stock,0.0
CNM,Core & Main Inc Class A,US Small Growth,0.0
UZF,UZF,Preferred Stock,0.0
WAL.A,WAL.A,Preferred Stock,0.0
FOSCX,Tributary Small Company Instl,US Small Blend,0.012
RPIHX,T. Rowe Price Global High Income Bd,High Yield,0.0075
FOX,Twenty-First Century Fox Inc Class B,US Large Growth,0.0
SOXL,Direxion Daily Semicondct Bull 3X ETF,** 70 US Large Blend / 10 Intl Large Blend / 20 Cash **,0.009
CLF,Cleveland-Cliffs Inc,US Mid Value,0.0
RXT,Rackspace Technology Inc Ordinary Shares,US Small Value,0.0
BRKB,Berkshire Hathaway Inc Class B,US Large Value,0.0
JOET,Virtus Terranova US Quality Momentum ETF,US Large Growth,0.0029
BROS,Dutch Bros Inc Class A,US Small Growth,0.0
FOXA,Twenty-First Century Fox Inc Class A,US Large Blend,0.0
BSCP,Invesco BulletShares 2025 Corp Bd ETF,Int-Term Inv. Grade,0.001
SCAXX,SCHWAB CALIFORNIA MUNICI,Cash/Money Market,0.0
CEMB,iShares JP Morgan EM Corporate Bond ETF,** 60 Int-Term Inv. Grade / 40 High Yield **,0.005
HSWYX,Hartford Schroders International Stk Y,Intl Large Blend,0.0082
CWI,SPDR MSCI ACWI ex-US ETF,Intl Large Blend,0.003
ICVT,iShares Convertible Bond ETF,Non-Traditional,0.002
HSCZ,iShares Currency Hdgd MSCI EAFE SmCp ETF,Intl Mid Blend,0.0043
SUB,iShares Short-Term National Muni Bd ETF,Short-Term Inv. Grade,0.0007
FMBIX,Fidelity® Municipal Bond Index,Int-Term Inv. Grade,0.0007
STRO,Sutro Biopharma Inc,US Micro,0.0
CIPMX,Champlain Mid Cap Adv,US Mid Growth,0.0109
FPACX,"FPA Crescent(USD,FPACX)",** .35 Cash / .5 US Large Blend / .15 Intl Large Blend **,0.011
TDIV,First Trust NASDAQ Technology Div ETF ,** 85 US Large Value / 15 Intl Large Value **,0.005
DCRC,Decarbonization Plus Acquisition Corp III Ordinary Shares - Class A,US Small Value,0.0
EVGO,EVgo Inc Class A,US Mid Growth,0.0
FND,Floor & Decor Holdings Inc Class A,US Mid Growth,0.0
RYCEY,Rolls-Royce Holdings PLC ADR,Intl Large Blend,0.0
BATT,Amplify Lithium & Battery Tech ETF,** 45 Intl Large Growth / 35 Emerging Large Growth / 20 US Large Growth **,0.0059
IDRV,iShares Self-Driving EV and Tech ETF,** 55 US Large Growth / 35 Intl Large Growth / 10 Emerging Large Growth **,0.0047
RMVIX,RBC Microcap Value I,US Small Value,0.0108
WAGCX,Wasatch Greater China Investor,Emerging Large Growth,0.015
WAMVX,Wasatch Micro Cap Value,** 67 US Small Growth / 28 Intl Small Growth / 5 Cash **,0.017
SSKEX,State Street Emerging Markets Eq Idx K,** 30 Intl Large Blend / 70 Emerging Large Blend **,0.0017
FHATX,Fidelity Freedom® Blend 2030,** 40 Int-Term Inv. Grade / 30 US Large Blend / 20 Intl Large Blend / 10 Emerging Large Blend **,0.0046
FPCIX,Strategic Advisers® Core Income,Int-Term Inv. Grade,0.0031
TNYA,Tenaya Therapeutics Inc,US Micro,0.0
TRAIX,T. Rowe Price Capital Appreciation,** 70 US Large Blend / 18 High Yield / 12 Cash **,0.0058
APHFX,Artisan High Income Institutional,High Yield,0.0073
SACH,Sachem Capital Corp,US Micro,0.0
NANR,SPDR S&P® North American Natural Res ETF,** 65 US Large Value / 35 Intl Large Value **,0.0035
KOMP,SPDR® S&P Kensho New Economies Comps ETF,** 77 US Mid Growth / 23 Intl Mid Growth **,0.002
DFEQX,DFA Short-Term Extended Quality I,** 95 Short-Term Inv. Grade / 5 Cash/Money Market **,0.0022
DFWIX,DFA World ex US Core Equity Instl,Intl Large Blend,0.0031
DFIGX,DFA Intermediate Govt Fixed-Income I,Int-Term Treasury,0.0012
FIHLX,Federated Hermes Instl High Yield Bd R6,High Yield,0.0049
JPC,Nuveen Pref & Income Opps Fund,** 50 Preferred Stock / 50 High Yield **,0.0181
AEG,"Aegon NV ADR(USD,AEG)",Intl Mid Value,0.0
FPE,"First Trust Preferred Sec & Inc ETF(USD,FPE)",Preferred Stock,0.0085
TPVG,TriplePoint Venture Growth BDC Corp,US Small Value,0.0
GSMVX,Goldman Sachs Small/Mid Cap Value Instl,US Small Blend,0.0084
WSMNX,William Blair Small-Mid Cap Gr N,** 95 US Mid Growth / 5 Intl Mid Growth **,0.0135
DRLIX,BNY Mellon Global Real Estate Scs - I,** 60 US Real Estate / 40 Intl Real Estate **,0.0105
FIVG,Defiance 5G Next Gen Connectivity ETF,** 85 US Large Blend / 15 Intl Large Blend **,0.003
IRBO,iShares Rbtcs&Artfcl Intllgnc Mltsct ETF,** 55 Large Growth / 30 Intl Large Growth / 15 Emerging Large Growth **,0.0047
PRHYX,T. Rowe Price High Yield,High Yield,0.007
PRCIX,T. Rowe Price New Income,Int-Term Inv. Grade,0.0041
EWQ,iShares MSCI France ETF,Intl Large Blend,0.0051
EWD,iShares MSCI Sweden ETF,Intl Large Blend,0.0051
FPEMX,"Fidelity® Emerging Markets Idx Inv(USD,FPEMX)",Emerging Large Blend,0.0008
TQSMX,T. Rowe Price QM US Sm&Md-Cp Cor Eq,US Mid Blend,0.0087
BGEGX,Baillie Gifford Emerging Markets Eqs I,Emerging Large Blend,0.0089
FZAHX,Fidelity Advisor Growth Opps Z,** 90 US Large Growth / 5 Intl Large Growth / 5 Emerging Large Growth **,0.0069
PSMEX,Putnam Short-Term Municipal Income A,Short-Term Inv. Grade,0.0059
HIO,Western Asset High Income Opp,High Yield,0.0099
JATIX,Janus Henderson Glb Tech and Innovt I,** 85 US Large Growth / 15 Intl Large Growth **,0.0075
AGG,Core Total U.S. Bond Market ETF,Int-Term Inv. Grade,0.0005
RCS,PIMCO Strategic Income,High Yield,0.0136
WGMCX,Wasatch Ultra Growth Institutional,** 93 US Small Growth / 4 Intl Small Growth / 3 Emerging Small Growth **,0.0105
MICDX,Matthews China Dividend Instl,Emerging Large Blend,0.0102
BGH,Barings Global Short Duration High Yield,High Yield,0.0232
FPIFX,"Fidelity Freedom® Index 2020 Investor(USD,FPIFX)",** .11 Cash/Money Market / .39 US Large Blend / .17 Intl Large Blend / .33 Int-Term Inv. Grade **,0.0015
ILIKF,Ilika PLC,Intl Small Growth,0.0
HAL,Halliburton Co,US Large Blend,0.0
GUT,Gabelli Utility Trust,** 65 US Mid Value / 20 Intl Mid Value / 15 Int-Term Inv. Grade **,0.0162
FPIOX,Strategic Advisers® Income Opportunities,High Yield,0.0049
UYG,ProShares Ultra Financials,US Large Blend,0.0096
HACAX,Harbor Capital Appreciation Instl,** 87 US Large Growth / 13 Intl Large Growth **,0.0067
DOMR,Dominion Resources Black Warrior Trust,US Micro,0.0
VGHCX,Vanguard Health Care Inv,** 75 US Large Growth / 25 Intl Large Growth **,0.003
TILVX,TIAA-CREF Large-Cap Value Idx Inst ,US Large Value,0.0005
INTZ,Intrusion Inc,US Small Value,0.0
VTNR,Vertex Energy Inc,US Small Blend,0.0
TPCS,Techprecision Corp,US Small Growth,0.0
HALL,Hallmark Financial Services Inc,US Small Value,0.0
RELL,Richardson Electronics Ltd,US Small Blend,0.0
EDUC,Educational Development Corp,US Small Value,0.0
FPMAX,Fidelity Emerging Markets Index Fund,** .51 US Large Growth / .49 Intl Large Growth **,0.0
DXR,Daxor Corp,US Small Blend,0.0
PESI,Perma-Fix Environmental Services Inc,US Small Blend,0.0
TIPT,Tiptree Inc,US Small Value,0.0
TILIX,TIAA-CREF Large-Cap Gr Idx Instl,US Large Growth,0.0005
BLOK,Amplify Transformational Data Shrg ETF,** 60 US Mid Growth / 32 Intl Mid Growth / 8 Cash **,0.0071
KURE,KraneShares MSCI All China Hlth Care ETF,Emerging Large Growth,0.0065
OUNZ,VanEck Merk Gold Trust,Commodities,0.0025
FDEWX,Fidelity Freedom® Index 2055 Investor,** 53 US Large Blend / 37 Intl Large Blend / 10 Long-Term Inv. Grade **,0.0012
TCREX,TIAA-CREF Real Estate Sec Retail,US Real Estate,0.0079
VEMBX,Vanguard Emerging Markets Bond Investor,High Yield,0.006
LDI,loanDepot Inc Class A,US Micro,0.0
FPNIX,"FPA New Income(USD,FPNIX)",Short-Term Inv. Grade,0.0045
UWMC,UWM Holdings Corp Ordinary Shares - Class A,US Micro,0.0
ILTB,iShares Core 10+ Year USD Bond ETF,Long-Term Inv. Grade,0.0006
MLPZX,Invesco SteelPath MLP Income Y,US Small Value,0.0114
BAESF,BAE Systems PLC,Intl Large Value,0.0
FMEIX,Fidelity Mid Cap Enhanced Index,US Mid Blend,0.0059
FOSFX,Fidelity Overseas,** 8 US Large Growth / 90 Intl Large Growth / 2 Cash **,0.0104
GLFOX,Lazard Global Listed Infrastructure Open,** 15 US Large Value / 85 Intl Large Value **,0.0123
TOPPX,Tocqueville Opportunity,** 87 US Large Growth / 13 Intl Large Growth **,0.0126
LGOAX,Miller Opportunity A,** 90 US Mid Value / 10 Emerging Mid Value **,0.0128
RCMT,RCM Technologies Inc,US Micro,0.0
SKLZ,Skillz Inc Ordinary Shares - Class A,US Small Growth,0.0
FPURX,FIDELITY PURITAN FUND,** 62 US Large Growth / 5 Intl Large Growth / 33 Int-Term Treasury **,0.0055
TYME,Tyme Technologies Inc,US Small Growth ,0.0
JGYIX,JHancock Global Shareholder Yield I,** 60 US Large Value / 40 Intl Large Value **,0.0084
ASM,Avino Silver & Gold Mines Ltd,Intl Small Value,0.0
SRHQX,Principal Short-Term Income A,Int-Term Inv. Grade,0.0066
PNIIX,Principal Bond Market Index Instl,** 18 Short-Term Inv. Grade / 35 Int-Term Inv. Grade / 47 Long-Term Inv. Grade **,0.0014
MIAAX,MFS Inflation-Adjusted Bond A,Inflation Protected,0.0067
PLSAX,Principal Large Cap S&P 500 Index A,US Large Blend,0.0042
FIQTX,Fidelity Advisor High Income Advtg Z,High Yield,0.0065
RFNGX,American Funds Fundamental Invs R6,** 80 US Large Blend / 20 Intl Large Blend **,0.0028
JFRNX,Janus Henderson Forty N,** 90 US Large Growth / 10 Intl Large Growth **,0.0067
HFMVX,Hartford MidCap R6,** 94 US Mid Blend / 6 Intl Mid Blend **,0.0075
FRC,First Republic Bank,US Mid Growth,0.0
SMLAX,DWS Managed Municipal Bond A,Long-Term Inv. Grade,0.0076
VEIGX,Vanguard Global ESG Select Stk Investor,** 46 US Large Blend / 54 Intl Large Blend **,0.0055
PRWLX,Principal Diversified Intl A,** 78 Intl Large Blend / 15 Emerging Large Blend / 3 US Large Blend / 4 Cash **,0.012
SACAX,Principal SAM Strategic Growth A,** 73 US Large Blend / 18 Intl Large Blend / 5 Emerging Large Blend / 4 Cash **,0.0122
VWNEX,Vanguard Windsor Admiral,** 90 US Large Value / 10 Intl Large Value **,0.0019
PIIIX,Principal Diversified Intl Inst,Intl Large Blend,0.0085
FLRG,Fidelity® US Multifactor ETF,US Large Blend,0.0029
TIPX,SPDR® Blmbg Barclays 1-10 Year TIPS ETF,Inflation Protected,0.0015
VCORX,Vanguard Core Bond Investor,Int-Term Inv. Grade,0.0025
PBHAX,PGIM High Yield A,High Yield,0.0075
EMQQ,EMQQ Emerging Markets Intrnt & Ecmrc ETF,Emerging Large Growth,0.0086
PPSIX,Principal Spectrum Pref&Cptl Scs IncInst,** 50 Long-Term Inv. Grade / 50 High Yield **,0.0079
FRCOY,FAST RETAILING CO F SPONSORED ADR 1 ADR REPS 0.1 ORD SHS,Intl Large Growth,0.0
SIL,Global X Silver Miners ETF,** 10 US Mid Growth / 80 Intl Mid Growth / 10 Emerging Mid Growth **,0.0065
BJK,VanEck Gaming ETF,** 46 US Mid Growth / 54 Intl Mid Growth **,0.0065
EEIIX,Eaton Vance Emerging Markets Local Inc I,** 69 High Yield / 31 Cash **,0.009
EMRYX,VanEck Emerging Markets Y,Emerging Large Growth,0.011
PTDJX,Principal LifeTime 2040 J,** 54 US Mid Blend / 24 Intl Mid Blend / 5 Emerging Mid Blend / 12 Int-Term Inv. Grade / 5 High Yield **,0.0082
EEMA,iShares MSCI Emerging Markets Asia ETF,Emerging Large Blend,0.005
SMIN,iShares MSCI India Small-Cap ETF,Emerging Mid Growth,0.0081
GLIN,VanEck India Growth Ldrs ETF,Emerging Large Growth,0.0081
PCCFX,PGIM Income Builder C,** 30 Int-Term Inv. Grade / 20 High Yield / 30 US Large Value / 15 Intl Large Value / 5 Emerging Large Value **,0.017
RWM,ProShares Short Russell2000,Non-Traditional,0.0095
FRDPX,"Franklin Rising Dividends A(USD,FRDPX)",US Large Blend,0.0091
OTEX,Open Text Corp,Intl Large Blend,0.0
CATH,Global X S&P 500® Catholic Values ETF,US Large Blend,0.0029
HFQTX,Janus Henderson Global Equity Income T,** 80 Intl Large Value / 20 US Large Value **,0.0095
FSDIX,Fidelity® Strategic Dividend & Income®,** 63 US Large Value / 7 Intl Large Value / 30 High Yield **,0.007
FITLX,Fidelity® U.S. Sustainability Index,US Large Blend,0.0011
MQ,Marqeta Inc Class A,US Small Growth,0.0
UMI,USCF Midstream Energy Income ETF,MLP,0.0085
PRTXX,T. Rowe Price U.S. Treasury Money Fund,Short-Term Treasury,0.0028
PRJCX,PGIM Jennison Global Opportunities C,** 60 US Large Growth / 40 Intl Large Growth ** ,0.0191
BITO,ProShares Bitcoin Strategy ETF,Non-Traditional,0.0095
DDM,ProShares Ultra Dow30,US Large Value,0.0095
AEM,"Agnico Eagle Mines Ltd(USD,AEM)",Intl Large Blend,0.0
FRDTX,"Franklin Rising Dividends C(USD,FRDTX)",US Large Blend,0.0166
LZSCX,Lazard US Small-Mid Cap Equity Instl,US Small Blend,0.0098
FTFQX,Franklin CA Tax Free Income A,Long-Term Inv. Grade,0.0076
VSIGX,Vanguard Intermediate-Term Treasury Idx Admiral,Int-Term Treasury,0.0007
BIMPX,BlackRock 40/60 Target Allocation Instl,** 30 US Large Blend / 15 Intl Large Blend / 55 Int-Term Inv. Grade **,0.0034
IEUS,iShares MSCI Europe Small-Cap ETF,Intl Mid Blend,0.004
TRGRX,T. Rowe Price Global Real Estate Fund,** 60 US Real Estate / 40 Intl Real Estate **,0.0095
SCHJ,Schwab 1-5 Year Corporate Bond ETF ,Short-Term Inv. Grade,0.0003
ISHG,iShares 1-3 Year International TrsBd ETF,World Bond,0.0035
FSCOX,Fidelity® International Small Cap Opportunities Fund,Intl Mid Growth,0.0128
AEMSX,Aberdeen Emerging Markets Fund Institutional Service Class,Emerging Large Growth,0.0124
FREL,"Fidelity® MSCI Real Estate ETF(USD,FREL)",US Real Estate,0.0008
LVAEX,LSV Value Equity Fund Investor Class,US Large Value,0.0091
WFEMX,WCM Focused Emerging Markets Fund Investor Class,** 88 Emerging Large Growth / 12 US Large Growth **,0.015
PBLAX,Principal Blue Chip Fund Class A,** 95 US Large Growth / 5 Intl Large Growth **,0.0094
PRCOX,T. Rowe Price U.S. Equity Research Fund,** 97 US Large Blend / 3 Intl Large Blend **,0.0043
MISIX,Victory Trivalent International Small-Cap Fund Class I,Intl Mid Blend,0.0097
JRVMF,Jervois Global Ltd,Intl Small Growth,0.0
PNSIX,T. Rowe Price New Asia I ,** 65 Emerging Large Blend / 35 Intl Large Blend **,0.0081
PMZIX,PIMCO Mortgage Opportunities and Bond Fund Institutional Class,Int-Term Inv. Grade,0.006
RMFEX,American Funds American Mutual R4,** 83 US Large Value / 11 Intl Large Value / 6 Cash **,0.0062
PLFIX,Principal Large Cap S&P 500 Index Inst,US Large Blend,0.0017
MPSIX,Principal MidCap S&P 400 Index Inst,US Mid Blend,0.0023
PISIX,PIMCO StocksPLUS® Intl (USD-Hedged) Inst,Non-Traditional,0.0075
FRFZX,"PGIM Floating Rate Income Z(USD,FRFZX)",Bank Loans,0.007
PISMX,Principal International Small Company Instl,** 95 Intl Mid Blend / 3 Cash / 2 US Mid Blend **,0.012
DOCS,Doximity Inc Class A,US Small Growth,0.0
RIVN,Rivian Automotive Inc Class A,US Large Growth,0.0
ACEV,ACE Convergence Acquisition Corp Ordinary Shares - Class A,US Micro,0.0
HAS,Hasbro Inc,US Mid Blend,0.0
CRNT,Ceragon Networks Ltd,Intl Small Blend,0.0
CYBN,Cybin Inc Ordinary Shares,Intl Small Blend,0.0
EPHY,Epiphany Technology Acquisition Corp Ordinary Shares - Class A,US Small Value,0.0
MNMD,Mind Medicine Inc Ordinary Shares Sub Voting,US Micro,0.0
MYCOF,Mydecine Innovations Group Inc,Intl Small Value,0.0
NUMIF,Numinus Wellness Inc Ordinary Shares,Intl Small Value,0.0
FRGSX,"Franklin Growth C(USD,FRGSX)",US Large Growth,0.0162
PAGS,PagSeguro Digital Ltd Class A,Emerging Large Growth,0.0
PING,Ping Identity Holding Corp Ordinary Shares,US Small Blend,0.0
PRSR,Prospector Capital Corp Ordinary Shares - Class A,US Small Value,0.0
AHCO,AdaptHealth Corp,US Small Value,
PRXTF,Pure Extracts Technologies Corp Ordinary Shares,Intl Small Value,0.0
SVFA,SVF Investment Corp Ordinary Shares - Class A,US Small Value,0.0
TNP,Tsakos Energy Navigation Ltd,Emerging Small Value,0.0
APHLF,Alpha Lithium Corp Class A,Intl Small Blend,0.0
DPRO,Draganfly Inc Ordinary Shares,Intl Small Growth,0.0
FRTN,Fortran Corp,US Micro,0.0
MILE,Metromile Inc Ordinary Shares,US Micro,0.0
FRGXX,Fidelity Inv MM Fds Governemnt Instl,** .37 Cash / 0.63 Short-Term Inv. Grade **,0.0014
DDOG,Datadog Inc Class A,US Large Growth,0.0
ADYYF,Adyen NV,Intl Large Growth,0.0
KERN,Akerna Corp,US Small Value,
BMRRY,B&M European Value Retail SA ADR,Intl Mid Blend,0.0
BOZTY,Boozt AB ADR,Intl Small Growth,0.0
CSXXY,Carsales.com Ltd ADR,Intl Mid Growth,0.0
CLLNY,Cellnex Telecom SA ADR,Intl Large Growth,0.0
EVVTY,Evolution AB ADR,Intl Large Growth,0.0
JPXGY,Japan Exchange Group Inc ADR,Intl Large Blend,0.0
JSCPY,JSR Corp ADR,Intl Large Blend,0.0
MPNGY,Meituan ADR,Emerging Large Growth,0.0
FRIFX,Fidelity® Real Estate Income,US Real Estate,0.0077
NHMAF,Nihon M&A Center Holdings Inc,Intl Large Growth,0.0
TOKE,Cambria Cannabis ETF,** 60 US Mid Value / 30 Intl Mid Value / 10 Cash **,0.0042
NRILY,Nomura Research Institute Ltd ADR,Intl Large Growth,0.0
SCBGF,SIG Combibloc Group AG Ordinary Shares,Intl Mid Blend,0.0
SXYAY,Sika AG ADR,Intl Large Growth,0.0
VNET,VNET Group Inc ADR,Emerging Small Value,0.0
PATH,UiPath Inc Class A,US Large Growth,0.0
UPST,Upstart Holdings Inc Ordinary Shares,US Small Growth,0.0
IBUY,Amplify Online Retail ETF,** 77 US Mid Growth / 15 Intl Mid Growth / 8 Emerging Mid Growth **,0.0065
BUG,Global X Cybersecurity ETF,** 78 US Mid Growth / 22 Intl Mid Growth **,0.005
SPHB,Invesco S&P 500 High Beta ETF,US Large Blend,0.0025
FRUAX,Franklin Utilities Adv,US Large Value,0.0058
CLSK,Cleanspark Inc,US Small Blend,
WFH,Direxion Work From Home ETF,** 95 US Mid Growth / 5 Emerging Mid Growth **,0.0045
BETZ,Roundhill Sports Betting & iGaming ETF,** 37 US Mid Growth / 61 Intl Mid Growth / 2 Cash **,0.0075
TIGAX,Thornburg International Growth A,** 14 US Large Growth / 68 Intl Large Growth / 15 Emerging Large Growth / 3 Cash **,0.0131
GQERX,GQG Partners US Select Quality Eq R6,** 92 US Large Growth / 8 Intl Large Growth **,0.0049
ESMYX,Invesco European Small Company Y,** 85 Intl Small Blend / 15 Cash **,0.0129
NEZYX,Loomis Sayles Strategic Income Y,Short-Term Inv. Grade,0.007
PALPX,PIMCO All Asset I2,** 11 US Large Value / 8 Intl Large Value / 81 Int-Term Inv. Grade **,0.00965
VWUAX,Vanguard US Growth Admiral,** 93 US Large Growth / 7 Intl Large Growth **,0.0028
BDJ,BlackRock Enhanced Equity Div,** 78 US Large Value / 22 Intl Large Value **,0.0086
AMCFX,American Funds AMCAP F2,** 89 US Large Growth / 11 Intl Large Growth **,0.0045
EQOS,Eqonex Ltd,Intl Small Growth,
FRVLX,"Franklin Small Cap Value A(USD,FRVLX)",US Small Value ,0.0105
WOLF,Wolfspeed Inc,US Mid Blend,0.0
BALCX,American Funds American Balanced C,** 54 US Large Blend / 10 Intl Large Blend / 30 Int-Term Inv. Grade / 6 Cash **,0.0133
CNPCX,American Funds New Perspective 529C,** 55 US Large Growth / 36 Intl Large Growth / 5 Emerging Large Growth / 4 Cash **,0.0154
ANFFX,American Funds New Economy F1,** 73 US Large Growth / 12 Intl Large Growth / 10 Emerging Large Growth / 5 Cash **,0.008
NPFCX,American Funds New Perspective C,** 55 US Large Growth / 37 Intl Large Growth / 5 Emerging Large Growth / 3 Cash **,0.0148
CLBCX,American Funds American Balanced 529C,** 54 US Large Blend / 10 Intl Large Blend / 28 Int-Term Inv. Grade / 8 Cash **,0.0139
CGFCX,American Funds Growth Fund of Amer 529C,** 85 US Large Growth / 11 Intl Large Growth / 4 Cash **,0.0142
CNGAX,American Funds New Economy 529A,** 74 US Large Growth / 12 Intl Large Growth / 10 Emerging Large Growth / 4 Cash **,0.0079
CNGCX,American Funds New Economy 529C,** 74 US Large Growth / 12 Intl Large Growth / 10 Emerging Large Growth / 4 Cash **,0.0158
THNQ,Robo Global® Artificial Intelligence ETF,** 76 US Large Growth / 24 Intl Large Growth **,0.0068
CNPAX,American Funds New Perspective 529A,** 55 US Large Growth / 38 Intl Large Growth / 3 Emerging Large Growth / 4 Cash **,0.0077
FSAMX,Strategic Advisers® Emerging Markets,** 70 Emerging Large Blend / 30 Intl Large Blend **,0.0056
NYC,New York City REIT Inc Ordinary Shares - Class A,US Real Estate,0.0
SWLVX,Schwab US Large-Cap Value Index,US Large Value,0.00035
CMUAX,Columbia Select Mid Cap Value A,US Mid Blend,0.0113
PBDPX,PIMCO Investment Grade Credit Bond I-2,Int-Term Inv. Grade,0.0062
PFBPX,PIMCO International Bond (USD-Hdg) I-2,Int-Term Inv. Grade,0.0062
CHYZX,Columbia High Yield Bond Inst,High Yield,0.0076
UMLGX,Columbia Select Large Cap Growth Inst,US Large Growth,0.0082
UMMGX,Columbia Bond Inst,Int-Term Inv. Grade,0.0052
FN,Fabrinet,Emerging Small Growth,
AWP,Aberdeen Global Premier Property,** 58 US Real Estate / 42 Intl Real Estate **,0.0136
ONEQ,Fidelity® Nasdaq Composite ETF,** 95 US Large Growth / 5 Intl Large Growth **,0.0021
FSCFX,Strategic Advisers® Small-Mid Cap,** 95 US Small Blend / 5 Intl Small Blend **,0.0042
GAL,SPDR® SSgA Global Allocation ETF,** 30 US Large Blend / 34 Intl Large Blend / 29 Long-Term Inv. Grade / 7 Cash **,0.0035
FBCG,Fidelity® Blue Chip Growth ETF,** 95 US Large Growth / 5 Intl Large Growth **,0.0059
KD,Kyndryl Holdings Inc Ordinary Shares,US Small Value,0.0
MXXVX,Matthew 25,US Large Blend,0.0111
CERT,Certara Inc Ordinary Shares,US Small Growth,0.0
OSH,Oak Street Health Inc Ordinary Shares,US Small Growth,0.0
FIRMX,Fidelity Managed Retirement Inc,** 7 US Large Blend / 13 Intl Large Blend / 63 Int-Term Inv. Grade / 17 Cash **,0.0045
POTX,Global X Cannabis ETF,** 70 Intl Small Value / 30 US Small Value **,0.005
RIDGX,American Funds Income Fund of Amer R6,** 54 US Large Value / 20 Intl Large Value / 21 High Yield / 5 Cash **,0.0025
FBLTX,Fidelity® SAI Long-Term Treasury Bd Idx,Long-Term Treasury,0.0003
FSHGX,Fidelity® SAI High Income,High Yield,0.0057
AEP,AMERICAN ELECTRIC POWER,US Large Value,0.0
FSCKX,Fidelity Mid Cap Index Fund,US Large Blend,0.0025
FZOLX,Fidelity® SAI Low Duration Income,Short-Term Inv. Grade,0.0022
FZOMX,Fidelity® SAI Short-Term Bond,Short-Term Inv. Grade,0.0033
PGMSX,T. Rowe Price Global Multi-Sector Bd I,** 63 Int-Term Inv. Grade / 37 High Yield **,0.0048
TSONX,TIAA-CREF Social Choice Intl Eq Instl,Intl Large Blend,0.004
VGSRX,Vert Global Sustainable Real Estate Inst,** 70 US Real Estate / 30 Intl Real Estate **,0.005
AETUF,"ARC Resources Ltd(USD,AETUF)",Intl Small Blend,0.0
LOUP,Innovator Loup Frontier Tech ETF,US Mid Growth,0.007
MAFOX,BlackRock Large Cap Focus Growth Instl,US Large Growth,0.0067
PACIX,Columbia Convertible Securities A,US Large Value,0.0112
AEL,American Equity Investment Life Holding Co,US Small Value,0.0
AMH,American Homes 4 Rent Class A,US Real Estate,0.0
ATH,Athene Holding Ltd Class A,Intl Mid Blend,0.0
FSCSX,Fidelity® Select Software & IT Svcs Port,US Large Growth,0.0073
AXS,Axis Capital Holdings Ltd,Intl Small Value,0.0
NSA,National Storage Affiliates Trust ,US Real Estate,0.0
WCC,WESCO International Inc,US Small Blend,0.0
CWEN,Clearway Energy Inc Class C,US Small Blend,0.0
PSI,Invesco Dynamic Semiconductors ETF,** 90 US Mid Blend / 10 Intl Mid Blend **,0.0055
GO,Grocery Outlet Holding Corp,US Small Blend,0.0
SRTS,Sensus Healthcare Inc,US Small Blend,0.0
BNL,Broadstone Net Lease Inc Ordinary Shares,US Real Estate,0.0
TRNO,Terreno Realty Corp,US Real Estate,0.0
FPI,Farmland Partners Inc,US Real Estate,0.0
FOKFX,Fidelity OTC K6,** 90 US Large Growth / 5 Intl Large Growth / 5 Emerging Large Growth **,0.005
FSGCX,"Franklin Strategic Income C(USD,FSGCX)",High Yield,0.0125
PCQ,PIMCO CA Municipal Income,Int-Term Inv. Grade,0.0178
BFGFX,Baron Focused Growth Retail,** 86 US Large Growth / 9 Intl Large Growth / 5 Cash **,0.0135
BLUE,bluebird bio Inc,US Small Value,0.0
HASCX,Harbor Small Cap Value Instl,US Small Blend,0.0088
ENTA,Enanta Pharmaceuticals Inc,US Small Blend,0.0
QURE,uniQure NV,Intl Small Growth,0.0
RENT,Rent the Runway Inc Class A,US Micro,0.0
EFSC,Enterprise Financial Services Corp,US Small Value,0.0
WISIX,William Blair International Sm Cap Gr I,** 80 Intl Small Growth / 17 Emerging Small Growth / 3 Cash **,0.0125
RHJSX,Rice Hall James Micro Cap Instl,** 94 US Small Growth / 2 Emerging Small Growth / 4 Cash **,0.0126
BMBIX,Baird Quality Intermediate Muni Bd Inst,Int-Term Inv. Grade,0.003
FSGFX,Strategic Advisers Growth,US Large Growth,0.0044
ADKSX,Adirondack Small Cap,** 96 US Small Value / 4 Intl Small Value **,0.0146
CTSIX,Calamos Timpani Small Cap Growth I,** 97 US Small Growth / 1 Emerging Small Growth / 2 Cash **,0.0105
BEKE,KE Holdings Inc ADR,Emerging Large Growth,
EIEMX,Parametric Emerging Markets Instl,** 90 Emerging Large Value / 10 Intl Large Value **,0.013
JCNCX,Janus Henderson Contrarian C,US Mid Blend,0.0169
JFNCX,Janus Henderson Global Life Sciences C,** 77 US Large Blend / 20 Intl Large Blend / 3 Cash **,0.0176
LMGTX,ClearBridge International Growth C,** 11 US Large Growth / 85 Intl Large Growth / 4 Emerging Large Growth **,0.0183
MSMFX,Morgan Stanley Inst Discovery C,** 90 US Mid Growth / 2 Intl Mid Growth / 2 Emerging Mid Growth / 6 Cash **,0.0175
MSCMX,Morgan Stanley Insight C,** 80 US Large Growth / 12 Intl Large Growth / 3 Emerging Large Growth / 5 Cash **,0.0184
ILLLX,Transamerica Capital Growth C,** 80 US Large Growth / 20 Intl Large Growth **,0.0177
TVOCX,Touchstone Small Cap Value C,US Small Value,0.0214
FSHBX,"Fidelity® Short-Term Bond(USD,FSHBX)",Short-Term Inv. Grade,0.0045
IGNAX,Delaware Ivy Natural Resources A,** 64 US Mid Value / 29 Intl Mid Value / 7 Cash **,0.0184
MSGS,Madison Square Garden Sports Corp,US Small Blend,
IIVAX,Transamerica Small/Mid Cap Value A,** 93 US Small Value / 4 Intl Small Value / 3 Cash **,0.0131
IMNAX,Transamerica Global Equity A,** 55 US Large Blend / 40 Intl Large Blend / 5 Emerging Large Blend **,0.0135
POGCX,Putnam Growth Opportunities C,US Large Growth,0.0174
CAFAX,American Funds AMCAP 529A,** 90 US Large Growth / 7 Intl Large Growth / 3 Cash **,0.0071
CITAX,American Funds American High-Inc 529A,High Yield,0.0071
CMLAX,American Funds American Mutual 529A,** 83 US Large Value / 11 Intl Large Value / 6 Cash **,0.0061
CFAAX,American Funds Bond Fund of Amer 529A,Int-Term Inv. Grade,0.0062
CIRAX,American Funds Capital Income Bldr 529A,** 45 US Large Value / 30 Intl Large Value / 5 Emerging Large Value / 20 Int-Term Inv. Grade **,0.0063
CFNAX,American Funds Fundamental Invs 529A,** 80 US Large Blend / 20 Intl Large Blend **,0.0065
FSIC,FS Investment Corp,US Small Value,0.0
MXL,MaxLinear Inc,US Small Value,
FBTCX,Fidelity Advisor Biotechnology C,** 90 US Mid Blend / 10 Intl Mid Blend **,0.0175
MGFIX,AMG GW&K ESG Bond N,Int-Term Inv. Grade,0.0068
USBLX,USAA Growth and Tax Strategy,** 47 US Large Blend / 53 Int-Term Inv. Grade **,0.0059
USPRX,USAA 500 Index Reward,US Large Blend,0.0015
VSCGX,Vanguard LifeStrategy Cnsrv Gr Inv,** 25 US Large Blend / 10 Intl Large Blend / 5 Emerging Large Blend / 57 Int-Term Inv. Grade / 3 Cash **,0.0012
JFDRX,Janus Henderson Forty D,** 90 US Large Growth / 8 Intl Large Growth / 2 Cash **,0.008
JFRDX,Janus Henderson Forty D,** 90 US Large Growth / 8 Intl Large Growth / 2 Cash **,0.008
JANBX,Janus Henderson Balanced D,** 61 US Large Growth / 34 Int-Term Inv. Grade / 5 Cash **,0.0071
TLYIX,TIAA-CREF Lifecycle Index 2035 Instl,** 46 US Large Blend / 20 Intl Large Blend / 5 Emerging Large Blend / 29 Int-Term Inv. Grade **,0.001
PGOYX,Putnam Growth Opportunities Y,US Large Growth,0.0074
OPCH,Option Care Health Inc,US Small Blend,
FSITX,Fidelity Spartan US Bond Idx Advtg,Int-Term Inv. Grade,0.0004
LTEFX,American Funds LtdTerm TxEx Bd F2,Int-Term Inv. Grade,0.0034
TEAFX,American Funds Tax-Exempt Bond F2,Int-Term Inv. Grade,0.0033
AHMFX,American High-Income Municipal Bond F-2,High Yield,0.0041
RSYTX,Russel Inv Strategic Bond M,Int-Term Inv. Grade,0.0048
RUCTX,Russel Inv Unconstrained Total Ret M,High Yield,0.0078
RMMTX,Russel Inv Emerging Markets M,Emerging Large Value,0.0112
RETTX,Russell Inv Global Real Estate Secs M,** 58 US Real Estate / 42 Intl Real Estate **,0.01
RNTTX,Russell Inv International Devd Mkts M,Intl Large Value,0.0083
RGYTX,Russell Inv Multi-Strategy Income M,** 15 US Mid Value / 20 Intl Mid Value / 5 Emerging Mid Value / 40 High Yield / 20 Cash **,0.0068
RSI,Rush Street Interactive Inc,US Small Growth,
RUNTX,Russell Inv US Small Cap Equity M,US Small Blend,0.0103
FSIVX,Fidelity Spartan Intl Idx Advtg,Emerging Large Blend,0.0
RUSTX,Russell Inv US Strategic Equity M,US Large Blend,0.0064
VUSFX,Vanguard Ultra-Short-Term Bond Admiral,Short-Term Inv. Grade,0.001
DGIFX,Disciplined Growth Investors,** 65 US Large Growth / 5 Intl Large Growth / 30 Int-Term Inv. Grade **,0.0078
FLAAX,Nuveen All-American Municipal Bond A,Long-Term Inv. Grade,0.0066
LAGWX,Lord Abbett Developing Growth A,Emerging Small Growth,0.0093
DFRSX,DFA Asia Pacific Small Company I,** 65 Intl Small Value / 35 Emerging Small Value **,0.0047
DSHGX,DFA Selectively Hedged Glbl Eq I,** 55 US Large Blend / 30 Intl Large Blend / 15 Emerging Large Blend **,0.0031
NMVLX,Nuance Mid Cap Value Institutional,** 75 US Mid Value / 20 Intl Mid Value / 5 Cash **,0.0094
SLP,Simulations Plus Inc,US Small Blend,
FTCH,Farfetch Ltd Class A,Intl Mid Blend,0.0
PAVE,Global X US Infrastructure Dev ETF,US Mid Blend,0.0047
FSKAX,"Fidelity® Total Market Index(USD,FSKAX)",US Large Blend,0.00015
CHPT,ChargePoint Holdings Inc Ordinary Shares - Class A,US Small Blend,0.0
ME,23andMe Holding Co Class A,US Mid Blend ,0.0
NXE,NexGen Energy Ltd,Intl Mid Growth,0.0
URA,Global X Uranium ETF,** 10 US Mid Blend / 75 Intl Mid Blend / 15 Emerging Mid Blend **,0.0069
HECOF,Global Helium Corp,Intl Small Growth,0.0
SSSS,SuRo Capital Corp,US Micro,0.0
QFIN,360 DigiTech Inc ADR,Emerging Mid Value,0.0
SRNE,Sorrento Therapeutics Inc,US Small Growth,
BUBIX,Baird Ultra Short Bond Institutional,Short-Term Inv. Grade,0.0015
CWYUF,SmartCentres Real Estate Investment Trust Trust Units Variable Voting,Intl Real Estate,0.0
FSM,"Fortuna Silver Mines Inc(USD,FSM)",Intl Small Blend,0.0
TOCQX,Tocqueville,** 95 US Large Blend / 5 Emerging Large Blend **,0.0125
LGWIX,Ladenburg Growth I,** 78 US Large Blend / 3 Emerging Large Blend / 13 Int-Term Inv. Grade / 6 Cash **,0.0092
FHLDX,Fidelity Freedom Blend 2025 K6,** 28 US Large Blend / 14 Intl Large Blend / 13 Emerging Large Blend / 40 Int-Term Inv. Grade / 5 Cash **,0.003
DGFYX,Davis Global Y,** 50 US Large Blend / 25 Intl Large Blend / 25 Emerging Large Blend **,0.0069
EISMX,Eaton Vance Atlanta Capital SMID-Cap I,US Mid Blend,0.0088
DFAC,Dimensional US Core Equity 2 ETF,US Large Blend,0.0019
FZABX,"Fidelity Advisor® Diversified Intl Z(USD,FZABX)",Intl Large Growth,0.0078
HAIL,SPDR® S&P Kensho Smart Mobility ETF,** 80 US Mid Blend / 20 Intl Mid Blend **,0.0045
DFAT,Dimensional US Targeted Value ETF,US Small Value,0.0028
DSI,iShares MSCI KLD 400 Social ETF,US Large Blend,0.0025
CICVX,Calamos Convertible I,Non-Traditional,0.0089
ALEAF,Aleafia Health Inc,Intl Small Value,0.0
AEPFX,American Funds Europacific Growth F2,Intl Large Growth,0.0058
FSNGX,"Fidelity® Select Natural Gas(USD,FSNGX)",** .85 US Large Blend / .15 Intl Large Blend **,0.0089
NBEV,NewAge Inc,US Small Value ,0.0
HOOD,Robinhood Markets Inc Class A,US Mid Blend,0.0
SLGWF,SLANG Worldwide Inc,Intl Small Value,0.0
GOTU,Gaotu Techedu Inc ADR,Emerging Small Blend,0.0
THCX,The Cannabis ETF,** 45 US Small Value / 55 Intl Small Value **,0.0075
RPHIX,RiverPark Short Term High Yield Instl,High Yield,0.009
SCFIX,Shenkman Capital Short Dur Hi Inc Inst,High Yield,0.0066
VCFIX,Voya Securitized Credit I,Non-Traditional,0.0068
VFSAX,Vanguard FTSE All-Wld ex-US SmCp Idx Adm,** 80 Intl Mid Blend / 20 Emerging Mid Blend **,0.0016
NICHX,Variant Alternative Income Institutional,Non-Traditional,0.0185
PHUN,Phunware Inc Ordinary Shares,US Micro,0.0
FSNOX,"Fidelity Freedom® 2020 K(USD,FSNOX)",** .13 Cash/Money Market / .32 US Large Blend / .23 Intl Large Blend / .32 Int-Term Inv. Grade **,0.0054
Calvert US Large Cap Core Rspnb Idx R6,CSXRX,US Large Blend,0.0019
CSZIX,Cohen & Steers Real Estate Securities Z,US Real Estate,0.0078
HRAUX,Carillon Eagle Mid Cap Growth R6,US Mid Growth,0.0064
VTHR,Vanguard Russell 3000 ETF,US Large Blend,0.001
CSXRX,Calvert US Large Cap Core Rspnb Idx R6,US Large Blend,0.0019
IGBH,iShares Interest Rate Hdg L/T Corp BdETF,Long-Term Inv. Grade,0.0016
JLFIX,JHancock Multimanager 2030 Lifetime R6,** 42 US Large Blend / 15 Intl Large Blend / 10 Emerging Large Blend / 28 High Yield / 5 Cash **,0.0058
JLFAX,JHancock Multimanager 2030 Lifetime A,** 42 US Large Blend / 15 Intl Large Blend / 10 Emerging Large Blend / 28 High Yield / 5 Cash **,0.01
ANBEX,American Funds Strategic Bond F-1,Int-Term Inv. Grade,0.0071
HAIAX,Hartford Core Equity A,US Large Blend,0.0073
BHBFX,Madison Dividend Income Y,US Large Value,0.009
FSRIX,Fidelity Advisor® Strategic Income I,High Yield,0.0074
PWJZX,PGIM Jennison International Opps Z,Intl Large Growth,0.009
VMBSX,Vanguard Mortgage-Backed Secs Idx Adm,Long-Term Inv. Grade,0.0007
HASI,Hannon Armstrong Sustainable Infrastructure Capital Inc,US Small Blend,0.0
FSEI,First Seismic Corp,US Micro,0.0
TFII,TFI International Inc,Intl Mid Growth,0.0
BGHAX,BrandywineGLOBAL High Yield A,High Yield,0.0092
ETORX,Eaton Vance OR Municipal Income A,Int-Term Treasury,0.0065
HFATX,Janus Henderson Developed World Bond T,High Yield,0.0081
FAMEX,FAM Dividend Focus Fund Investor,US Mid Blend,0.0125
TBWAX,Thornburg Better World International A,Intl Large Blend,0.0158
ONL,Orion Office REIT Inc,US Real Estate,0.0
FSRPX,"Fidelity® Select Retailing(USD,FSRPX)",US Large Growth,0.0077
COPX,Global X Copper Miners ETF,Commodities,0.0065
VELO,Velo3D Inc,US Small Value,
BRG,Bluerock Residential Growth REIT Inc Class A,US Real Estate,0.0
SWBRX,Schwab Target 2010,** 25 US Large Blend / 10 Intl Large Blend / 60 Int-Term Inv. Grade / 5 Cash **,0.0032
SSMHX,State Street Small/Mid Cap Equity Index,US Mid Growth,0.0003
OGLNX,Invesco Global R,** 58 US Large Growth / 33 Intl Large Growth / 9 Emerging Large Growth **,0.0133
OMSNX,Invesco Main Street All Cap R,US Large Blend,0.0138
OTCNX,Invesco Capital Appreciation R,** 96 US Large Growth / 4 Intl Large Growth **,0.0123
IRTCX,Invesco Dividend Income R,** 87 US Large Value / 11 Intl Large Value / 2 Cash **,0.0124
OGRNX,Invesco Global Allocation R,** 48 US Large Blend / 8 Intl Large Blend / 3 Emerging Large Blend / 41 High Yield **,0.016
OGMNX,Invesco Gold & Special Minerals R,** 11 US Mid Growth / 78 Intl Mid Growth / 11 Emerging Mid Growth **,0.0131
FSSVX,Fidelity Small Cap Index Fund,US Small Value,0.00025
VLTA,Volta Metals Ltd,Intl Small Blend,
CSB,VictoryShares US SmCp Hi Div Vol Wtd ETF,US Small Value,0.0035
TEIMX,T. Rowe Price Emerg Mkts Lcl Ccy Bd I,** 83 High Yield / 17 Cash **,0.0069
WIIFX,Segall Bryant & Hamill FdmlInt'lSmCpInst,** 84 Intl Mid Growth / 13 Emerging Mid Growth / 3 Cash **,0.011
FGOVX,Fidelity® Government Income,Int-Term Treasury,0.0045
PZG,Paramount Gold Nevada Corp,US Micro,0.0
ELFNX,Elfun Trusts,US Large Growth,0.0018
DXQLX,Direxion Mthly NASDAQ-100 Bull 1.75X Inv,US Large Growth,0.014
FSELX,Fidelity Select Semiconductors,** 84 US Large Growth / 6 Intl Large Growth / 7 Emerging Large Growth / 3 Cash **,0.007
TEPIX,ProFunds Technology UltraSector Inv,** 75 US Large Growth / 25 Cash **,0.0155
UOPIX,ProFunds UltraNASDAQ-100 Inv,** 70 US Large Growth / 30 Cash **,0.0151
WCLD,WisdomTree Cloud Computing ETF,** 95 US Small Growth / 5 Intl Small Growth **,0.0045
FSTA,"Fidelity® MSCI Consumer Staples ETF(USD,FSTA)",US Large Value,0.0008
TXG,10x Genomics Inc Ordinary Shares - Class A,US Mid Growth,0.0
RMQHX,Rydex Monthly Rbl NASDAQ-100 2x Strt H,** 75 US Large Growth / 25 Cash **,0.0135
BNED,Barnes & Noble Education Inc,US Small Value,0.0
WBGSX,William Blair Growth N,US Large Growth,0.012
FSMVX,Fidelity Mid Cap Value,US Mid Value,0.0044
HNDL,Strategy Shares Nasdaq 7 Handl ETF,** 48 US Large Blend / 50 Intl Large Blend / 2 Cash **,0.0097
TSBLX,T. Rowe Price QM US Bond Index I,Int-Term Inv. Grade,0.0011
CLM,Cornerstone Strategic Value,US Large Growth,0.0201
LPTH,LightPath Technologies Inc A,US Micro,0.0
IGACU,IG Acquisition Unit,MLP,
QTUM,Defiance Quantum ETF,** 60 US Large Blend / 35 Intl Large Blend / 5 Emerging Large Blend **,0.004
FSTVX,Fidelity Spartan Total Mkt Idx Advtg,US Large Growth,0.0004
BJAN,Innovator US Equity Buff ETF Jan,US Large Blend,0.0079
BSEP,Innovator S&P 500 Buffer ETF - September,US Large Blend,0.0079
BNOV,Innovator US Equity Buffer ETF Nov,US Large Blend,0.0079
UFO,Procure Space ETF,** 70 US Mid Value / 30 Intl Mid Value **,0.0075
PINCX,Putnam Income A,Int-Term Inv. Grade,0.0073
FSLEX,Fidelity Envir and Alt Engy Fund,** 82 US Large Growth / 28 Intl Large Growth **,0.0085
NASDX,Shelton Nasdaq-100 Index Direct,US Large Growth,0.005
YYY,Amplify High Income ETF,** 12 US Large Value / 5 Intl Large Value / 3 Emerging Large Value / 80 High Yield **,0.0245
IPOD,Social Capital Hedosophia Holdings CO,MLP,
MDIV,Multi-Asset Diversified Income ETF,** 70 US Small Value / 30 High Yield **,0.0068
LCEVX,Invesco Diversified Dividend C,** 91 US Large Value / 8 Intl Large Value / 1 Cash **,0.0159
FSTYX,Federated Short-Term Income Y,Short-Term Inv. Grade,0.005
DIFAX,MFS Diversified Income A,** 30 US Large Value / 7 Intl Large Value / 5 Emerging Large Value / 56 High Yield / 2 Cash **,0.0099
BDEC,Innovator S&P 500 Buffer ETF Dec,US Large Blend,0.0079
CLMZX,Columbia Mortgage Opportunities Inst,High Yield,0.0075
OSIYX,Invesco Global Strategic Income Y,** 35 Int-Term Inv. Grade / 50 High Yield / 15 Cash **,0.0073
RYDAF,Shell PLC,Intl Large Blend,0.0
CBHIX,Victory Market Neutral Income I,** 9 US Large Value / 10 Intl Large Value / 3 Emerging Large Value / 78 Cash **,0.0043
TCHEY,Tencent Holdings ADR,Emerging Large Growth,
TTE,TotalEnergies SE ADR,Intl Large Blend,0.0
TWBIX,American Century Balanced Inv,** 58 US Large Blend / 2 Intl Large Blend / 40 Int-Term Inv. Grade **,0.0091
FTORX,Delaware Tax-Free Oregon A,Int-Term Inv. Grade,0.009
FSUPX,Fidelity Large-Cap Growth Index Fund Premium Cl,US Large Growth,0.0004
DDLS,WisdomTree Dyn Ccy Hdgd Intl SmCp Eq ETF,Intl Small Value,0.0048
DFIV,Dimensional International Value ETF,Intl Large Value,0.0027
DFAS,Dimensional US Small Cap ETF,US Small Blend,0.0026
XES,SPDR S&P Oil & Gas Equipment&Svcs ETF,** 90 US Small Value / 5 Intl Small Value / 5 Emerging Small Value **,0.0035
JIEIX,Aberdeen International Sust Ldrs I,** 90 Intl Large Growth / 10 Emerging Large Growth **,0.0113
DILRX,DFA International Large Cap Growth,Intl Large Growth,0.0029
SITM,SiTime Corp Ordinary Shares,US Small Growth,0.0
IMTM,iShares MSCI Intl Momentum Factor ETF,Intl Large Blend,0.003
DFWVX,DFA World ex US Value Port I,** 80 Intl Large Value / 20 Emerging Large Value **,0.0043
WRDLY,Worldline SA ADR,Intl Mid Growth,0.0
BURBY,Burberry Group PLC ADR,Intl Mid Blend,0.0
ICLR,Icon PLC,US Mid Growth,0.0
fswcx,"Fidelity® SAI US Value Index(USD,FSWCX)",US Large Value,0.0015
MONOY,MonotaRO Co Ltd ADR,Intl Large Growth,0.0
OCDDY,Ocado Group PLC ADR,Intl Large Growth,0.0
RTOKY,Rentokil Initial PLC ADR,Intl Mid Growth,0.0
SSDOY,Shiseido Co Ltd ADR,Intl Large Blend,0.0
TLPFY,Teleperformance SE ADR,Intl Large Growth,0.0
PCDIX,PIMCO CA Sh Dur Municipal Income Instl,Short-Term Inv. Grade,0.0033
HOCPY,Hoya Corp ADR,Intl Large Growth,0.0
MXMPX,Great-West Moderate Profile Inv,** 45 US Large Blend / 15 Intl Large Blend / 5 Emerging Large Blend / 35 High Yield **,0.0092
FFNW,First Financial Northwest Inc,US Micro,0.0
PCT,PureCycle Technologies Inc Ordinary Shares,US Small Value,0.0
STAFX,Allspring Large Cap Growth A,US Large Growth,0.0107
AEPGX,American Funds Europacific Growth A,** 90 Intl Large Growth / 7 US Large Growth / 3 Cash **,0.008
FTABX,"Fidelity® Tax-Free Bond(USD,FTABX)",Int-Term Inv. Grade,0.0025
FCCQX,Franklin CA Interm-Term Tx-Fr Inc A,Int-Term Inv. Grade,0.0074
EFT,EV Floating Rate Income,High Yield,0.0224
HGLB,Highland Global Allocation Fund,** 50 US Small Value / 2 Intl Small Value / 3 Emerging Small Value / 25 High Yield / 20 Cash **,0.0088
GTHX,G1 Therapeutics Inc,US Small Growth,
TAIL,Cambria Tail Risk ETF,Non-Traditional,0.0059
DSCF,Discipline Fund ETF,** 20 US Large Blend / 20 Intl Large Blend / 5 Emerging Large Blend / 55 Long-Term Inv. Grade **,0.0039
FIW,First Trust Water ETF,** 92 US Mid Blend / 6 Intl Mid Blend / 2 Emerging Mid Blend **,0.0054
XOUT,GraniteShares XOUT US Large Cap ETF,US Large Growth,0.006
DBMF,iMGP DBi Managed Futures Strategy ETF,Managed Futures,0.0085
SGDJ,Sprott Junior Gold Miners ETF,** 90 Intl Small Blend / 10 Emerging Small Blend **,0.005
ESGR,Enstar Group Ltd,Intl Small Value,0.0
FTAI,Fortress Transportation and Infrastructure Investors LLC,US Small Growth,0.0
ALMY,Alchemy Creative Inc,US Micro,0.0
TREE,LendingTree Inc,US Small Growth,0.0
SADAX,Allspring Ultra Short-Term Income A,** 80 Short-Term Inv. Grade / 20 Cash **,0.0051
QRTEP,Qurate Retail Inc Pref Share,US Mid Growth,0.0
GSRCX,Goldman Sachs Rising Dividend Gr C,US Large Value,0.0178
HGICX,Hartford Core Equity C,US Large Blend,0.0147
MFECX,MFS Growth C,US Large Growth,0.0162
HBLCX,Hartford Balanced Income C,** 48 US Large Value / 52 High Yield **,0.0164
JDBAX,Janus Henderson Balanced A,** 64 US Large Growth / 36 Int-Term Inv. Grade **,0.0089
AMCX,AMC Networks Inc Class A,US Small Value,0.0
PODD,Insulet Corp,US Mid Growth,0.0
FTBFX,"Fidelity® Total Bond Fund(USD,FTBFX)",Int-Term Inv. Grade,0.0045
FWONK,Liberty Formula One Group C,US Mid Growth,0.0
HBI,HANESBRANDS INC,US Small Value,0.0
FWONA,Liberty Formula One Group A,US Mid Growth,0.0
U,Unity Software Inc Ordinary Shares,US Mid Blend,0.0
FIDPX,Federated Hermes Intl Dividend Strategy,Intl Large Value,0.0048
CHNG,Change Healthcare Inc Ordinary Shares,US Small Value,0.0
GTES,Gates Industrial Corp PLC,US Small Blend,0.0
INT,World Fuel Services Corp,US Small Value,0.0
FMTIX,Franklin Moderate Allocation A,** 48 US Large Blend / 16 Intl Large Blend / 36 Int-Term Inv. Grade **,0.0088
TEQIX,Franklin Mutual Quest A,** 36 US Large Value / 37 Intl Large Value / 11 Int-Term Inv. Grade / 16 Cash **,0.0104
FSGRX,Franklin Small Cap Growth A,US Small Growth,0.0103
FTCHX,"Invesco Technology Investor(USD,FTCHX)",US Large Growth,0.0119
DHAMX,Centre American Select Equity Inv,US Large Blend,0.0146
CLSN,Celsion Corp,US Small Value,0.0
FXR,First Trust Indtls/PrdcrDurbAlphaDEX ETF,** 98 US Mid Blend / 2 Intl Mid Blend **,0.0061
GEM,Goldman Sachs ActiveBeta EMkts Eq ETF,** 65 Emerging Large Blend / 35 Intl Large Blend **,0.0045
IAT,iShares US Regional Banks ETF,US Mid Value,0.0041
AVTR,Avantor Inc,US Mid Growth,0.0
VLGSX,Vanguard Long-Term Treasury Idx Admiral,Long-Term Treasury,0.0007
SSAQX,State Street US Core Equity Fund,US Large Blend,0.0014
SIEIX,State Street Instl International Eq Inv,Intl Large Blend,0.0055
SSAFX,State Street Aggregate Bond Idx,Int-Term Inv. Grade,0.00025
PRSNX,T. Rowe Price Global Multi-Sector Bd Inv,Int-Term Inv. Grade,0.0065
FTEC,"Fidelity® MSCI Information Tech ETF(USD,FTEC)",US Large Growth,0.0008
LIKAX,BlackRock LifePath® Index 2040 Inv A,** 50 US Large Blend / 20 Intl Large Blend / 15 Emerging Large Blend / 15 Int-Term Inv. Grade **,0.0039
TVLAX,Touchstone Value A,** 95 US Large Value / 4 Intl Large Value / 1 Cash **,0.0108
BGIKX,Baillie Gifford International Alpha K,** 5 US Large Growth / 79 Intl Large Growth / 16 Emerging Large Growth **,0.0059
MSAQX,Morgan Stanley Inst Asia Opp I,** 25 Intl Large Growth / 72 Emerging Large Growth / 3 Cash **,0.0108
AMPL,Amplitude Inc Class A,US Small Value,0.0
BILL,Bill.com Holdings Inc Ordinary Shares,US Mid Value,0.0
GTLB,GitLab Inc Class A,US Mid Growth,0.0
MYOV,Myovant Sciences Ltd,Intl Small Growth,0.0
NEWR,New Relic Inc,US Small Blend,0.0
CTRE,CareTrust REIT Inc,US Real Estate,
PD,PagerDuty Inc,US Small Blend,0.0
FTEXX,"Fidelity Municipal Money Market(USD,FTEXX)",Cash/Money Market,0.0
UPWK,Upwork Inc,US Small Growth,0.0
BIGPX,BlackRock 60/40 Target Allocation Instl,** 46 US Large Blend / 15 Intl Large Blend / 4 Emerging Large Blend / 30 Int-Term Inv. Grade / 5 Cash **,0.0028
ADIL,Adial Pharmaceuticals Inc,US Micro,0.0
YCBD,cbdMD,US Micro,0.0
SQFT,Presidio Property Trust Inc Ordinary Shares Class A,US Real Estate,0.0
ARTL,Artelo Biosciences Inc,US Micro,0.0
AVPT,AvePoint Inc Ordinary Shares - Class A,US Small Value,0.0
AYTU,Aytu BioPharma Inc,US Micro,0.0
FTEMX,Fidelity® Total Emerg Mkts,** 50 Emerging Large Blend / 30 Emerging Market Debt / 20 Intl Large Blend **,0.011
WISH,ContextLogic Inc Ordinary Shares - Class A,US Small Growth,0.0
FTI,TechnipFMC PLC,US Mid Value,0.0
GMBL,Esports Entertainment Group Inc,Intl Small Growth,0.0
IS,ironSource Ltd,Intl Mid Growth,0.0
KPLT,Katapult Holdings Inc Ordinary Shares,US Micro,0.0
KBNT,Kubient Inc Ordinary Shares,US Micro,0.0
ORGN,Origin Materials Inc Shs,US Mid Blend,0.0
PRFX,PainReform Ltd Ordinary Shares,Intl Small Value,0.0
TBLT,ToughBuilt Industries Inc,US Micro,0.0
BBIG,Vinco Ventures Inc,US Micro,0.0
FBIIX,Fidelity® International Bond Index,** 50 Int-Term Inv. Grade / 50 Long-Term Inv. Grade **,0.0006
BRGAX,iShares Russell 1000 Large-Cap Idx Inv A,US Large Blend,0.0038
IWSY,ImageWare Systems Inc,US Micro,0.0
FTIEX,"Fidelity® Total International Equity(USD,FTIEX)",Intl Large Growth,0.0115
LMAT,LeMaitre Vascular Inc,US Small Growth,0.0
FJTKX,Fidelity Freedom 2045 K6,** 44 US Large Blend / 30 Intl Large Blend / 15 Emerging Large Blend / 6 High Yield / 5 Cash **,0.005
QQQM,Invesco NASDAQ 100 ETF,** 97 US Large Growth / 3 Intl Large Growth **,0.0015
LIHKX,BlackRock LifePath Index 2045 K,** 53 US Large Blend / 30 Intl Large Blend / 8 Emerging Large Blend / 7 Int-Term Inv. Grade / 2 Cash **,0.0009
MALMX,BlackRock Short-Term Municipal Instl,Short-Term Treasury,0.0036
JPGSX,JPMorgan U.S. GARP Equity I,US Large Growth,0.0059
FKTQX,Franklin CA Tax Free Income R6,Municipal Bond,0.0047
FUMBX,Fidelity® Shrt-Term Trs Bd Index,Short-Term Treasury,0.0003
KYCCF,Keyence Corp,Intl Large Growth,0.0
INSG,Inseego Corp,US Micro,0.0
FTNT,Fortinet Inc,US Mid Growth,0.0
TSP,TuSimple Holdings Inc Ordinary Shares - Class A,US Small Growth,0.0
FZIIX,Fidelity Advisor® Interm Muni Inc I,** 96 Int-Term Inv. Grade / 4 Cash **,0.0041
PFMIX,PIMCO Municipal Bond Instl,** 90 Long-Term Inv. Grade / 10 Cash **,0.0046
LCRIX,Leuthold Core Investment I,** 52 US Large Blend / 15 Int-Term Inv. Grade / 33 Cash **,0.0118
DVHIX,Delaware National Hi-Yld Muni Bd Instl,High Yield,0.006
ABTYX,AB High Income Municipal Advisor,High Yield,0.006
FLDR,Fidelity® Low Duration Bond Factor ETF,Short-Term Inv. Grade,0.0015
ALTVX,AB Municipal Income National Advisor,Int-Term Inv. Grade,0.005
MISHX,AB Municipal Income,High Yield,0.0007
SMDYX,Western Asset Short Duration Muni Inc I,Short-Term Inv. Grade,0.004
LSDFX,Lord Abbett Short Duration Tax Free F,Int-Term Inv. Grade,0.0055
FTR,"Frontier Communications Corp Class B(USD,FTR)",US Small Value,0.0
DWAC,Digital World Acquisition Corp Class A,US Mid Growth,0.0
FAZ,Direxion Daily Financial Bear 3X ETF,Non-Traditional,0.0101
MICT,MICT Inc,US Small Growth,0.0
ARYRX,American Century One Choice 2035 R,** 40 US Large Blend / 18 Intl Large Blend / 39 Int-Term Inv. Grade / 3 Cash **,0.0132
HLIPX,JPMorgan Core Plus Bond I,** 70 Int-Term Inv. Grade / 22 High Yield / 8 Cash **,0.0046
ACES,ALPS Clean Energy ETF,** 90 US Mid Growth / 10 Intl Mid Growth **,0.0055
SWLSX,Schwab Large-Cap Growth,** 96 US Large Growth / 4 Cash **,0.0099
LSSIX,Loomis Sayles Small Cap Growth Instl,** 95 US Small Growth / 3 Emerging Small Growth / 2 Cash **,0.0092
JHNBX,JHancock Bond A,** 77 Int-Term Inv. Grade / 18 High Yield / 5 Cash **,0.0077
VMGRX,Vanguard Mid Cap Growth Inv,** 93 US Mid Growth / 4 Intl Mid Growth / 3 Cash **,0.0033
AER,AERCAP HOLDINGS NV     F,Intl Mid Value,0.0
FTS,"Fortis Inc(USD,FTS)",US Large Value,0.0
STTBX,Virtus Seix Investment Grade Tx-Exc Bd I,Int-Term Inv. Grade,0.0054
AYX,Alteryx Inc Class A,US Small Blend,0.0
DCT,Duck Creek Technologies Inc Ordinary Shares,US Small Growth,0.0
PTTFX,T. Rowe Price Total Return,** 80 Long-Term Inv. Grade / 20 High Yield **,0.0046
BKLC,BNY Mellon US Large Cap Core Equity ETF,US Large Blend,0.0
SWLGX,Schwab ® US Large-Cap Growth Idx,US Large Growth,0.00035
AOUT,American Outdoor Brands Inc Ordinary Shares,US Small Blend,0.0
BHYAX,BlackRock High Yield Bond Inv A,High Yield,0.0092
WHIYX,Delaware Ivy High Income Fund Class Y,High Yield,0.01
DBO,Invesco DB Oil,Non-Traditional,0.0075
FTSL,"First Trust Senior Loan ETF(USD,FTSL)",Bank Loans,0.0088
USDC,USData Corp,US Micro,0.0
DMB,BNY Mellon Muni Bond Infrastructure,High Yield,0.0187
TCCO,Technical Communications Corp,US Micro,0.0
HIPS,GraniteShares HIPS US High Income ETF ,** 65 US Small Value / 35 High Yield **,0.0241
TRECX,T. Rowe Price Emerging Mkts Corp Bd,High Yield,0.0088
FKUTX,Franklin Utilities A1,** 93 US Mid Value / 7 Intl Mid Value **,0.0072
CFVI,CF Acquisition Corp VI Class A,Non-Traditional,0.0
COSIX,Columbia Strategic Income A,** 30 Int-Term Inv. Grade / 70 High Yield **,0.0092
JHI,JH Investors Trust,High Yield,0.0145
JHS,JH Income Securities,** 55 Int-Term Inv. Grade / 40 High Yield / 5 Cash **,0.013
MLCT,Malachite Innovations Inc,US Micro,0.0
FTV,"Fortive Corp(USD,FTV)",US Large Growth,0.0
RPSIX,T. Rowe Price Spectrum Income,Int-Term Inv. Grade,0.0062
APHKX,Artisan International Value Instl,** 10 US Large Blend / 70 Intl Large Blend / 15 Emerging Large Blend / 5 Cash **,0.0103
HCA,HCA Healthcare Inc,US Large Value,0.0
VSENX,JPMorgan Small Cap Equity R6,US Small Blend,0.0075
IGN,iShares North Amer Tech-Multimd Ntwk ETF,US Mid Blend,0.0043
SGINX,DWS GNMA S,** 80 Int-Term Inv. Grade / 20 Cash **,0.0057
SHSCX,BlackRock Health Sciences Opps Inv C,** 92 US Large Blend / 8 Intl Large Blend **,0.0184
MAKOX,Matthews Korea Investor,Intl Large Blend,0.0119
TRULX,T. Rowe Price US Large-Cap Core,** 95 US Large Blend / 5 Intl Large Blend **,0.0064
TQCCX,Touchstone Dividend Equity C,US Large Value,0.0169
BKCC,BlackRock Capital Investment Corp,US Micro,0.0
FUJHY,"Subaru Corp ADR(USD,FUJHY)",Intl Large Value,0.0
WTRG,Essential Utilities Inc,US Mid Blend,0.0
TROSX,T. Rowe Price Overseas Stock,Intl Large Blend,0.0077
GMS,GMS Inc,US Small Value,0.0
FGPRB,Ferrellgas Partners LP Unit - Class B,US Small Value,0.0
VET,Vermilion Energy Inc,Intl Mid Value,0.0
PJUL,Innovator S&P 500 Power Buffer ETF July,Non-Traditional,0.0079
PAUG,Innovator S&P 500 Power Buffer ETF - Aug,Non-Traditional,0.0079
POCT,Innovator S&P 500 Power Buffer ETF Oct,Non-Traditional,0.0079
PSEP,Innovator S&P 500 Power Buffer ETF - Sep,Non-Traditional,0.0079
PNOV,Innovator S&P 500 Power Buffer ETF Nov,Non-Traditional,0.0079
KMLM,KFA Mount Lucas Strategy ETF,Non-Traditional,0.009
fumix,"Fidelity® SAI US Momentum Index(USD,FUMIX)",US Large Growth,0.0015
ETHO,Etho Climate Leadership US ETF,US Mid Blend,0.0047
HEGD,Swan Hedged Equity US Large Cap ETF,Non-Traditional,0.0087
DFAI,Dimensional International Cr Eq Mkt ETF,Intl Large Blend,0.0018
DFAU,Dimensional US Core Equity Market ETF,US Large Blend,0.0012
MLPX,Global X MLP & Energy Infrastructure ETF,** 77 US Mid Value / 23 Intl Mid Value **,0.0045
SPCX,SPAC and New Issue ETF,Non-Traditional,0.0095
PSR,Invesco Active US Real Estate,US Real Estate,0.0035
FPRO,Fidelity Real Estate Investment ETF,US Real Estate,0.0059
TRTY,Cambria Trinity ETF,Non-Traditional,0.0044
EMNT,PIMCO Enhanced Short Mtrty Actv ESG ETF,** 90 Short-Term Inv. Grade / 10 Cash **,0.0024
CSIQ,Canadian Solar Inc,Intl Small Value,0.0
BCSA,Blockchain Coinvestors Acquisition Corp I,Non-Traditional,0.0
FUN,Cedar Fair LP,US Small Value,0.0
DTCAX,BNY Mellon Sust US Equity A,US Large Blend,0.0095
QQQE,Direxion NASDAQ-100® Equal Wtd ETF,US Large Growth,0.0035
ASRAX,Invesco Global Real Estate Income A,Intl Real Estate,0.0119
LIPKX,BlackRock LifePath® Index 2050 K,US Large Blend,0.0009
AY,Atlantica Sustainable Infrastructure PLC,US Mid Blend,0.0
IEA,Infrastructure and Energy Alternatives Inc,US Small Blend,0.0
ITOCF,ITOCHU Corp,Intl Large Value ,0.0
LILAK,Liberty Latin America Ltd Class C,Intl Mid Value,0.0
NU,Nu Holdings Ltd Ordinary Shares Class A,Intl Mid Growth,0.0
BKRIY,Bank of Ireland Group PLC ADR,Intl Mid Value,0.0
DFAX,Dimensional World ex US Core Eq 2 ETF,Intl Large Blend ,0.0031
fuqix,"Fidelity® SAI US Quality Index(USD,FUQIX)",US Large Growth,0.0011
QTELX,AQR Emerging Multi-Style II I,Emerging Large Value,0.0071
QTERX,AQR Emerging Multi-Style II R6,Emerging Large Value,0.0061
RBCUX,Russell Inv Tax-Exempt Bond M,Int-Term Inv. Grade,0.0043
RHYTX,Russell Inv Tax-Exempt High Yield Bd M,High Yield,0.0054
RTIUX,Russell Inv Tax-Managed Intl Eq M,Intl Large Blend,0.0094
RTXMX,Russell Inv Tax-Managed Real Assets M,Intl Mid Blend,0.0098
RTMTX,Russell Inv Tax-Managed US Large Cap M,US Large Blend,0.0082
RTOUX,Russell Inv Tax-Managed US Mid&Sm Cap M,US Small Blend,0.011
GSIUX,Goldman Sachs Emerging Markets Dbt R6,High Yield,0.0085
HELFY,HelloFresh SE ADR,Intl Mid Growth ,0.0
EMREX,JPMorgan Emerging Mkts Rsrch Enh Eq I,Emerging Large Blend,0.0045
HLEIX,JPMorgan Equity Index I,US Large Blend,0.002
FUSEX,"Fidelity® 500 Index Investor(USD,FUSEX)",US Large Blend,0.0002
VSIEX,JPMorgan International Equity I,Intl Large Blend,0.007
IUESX,JPMorgan International Focus I,Intl Large Blend,0.0075
OIEAX,JPMorgan International Rsrch Enh Eq I,Intl Large Blend,0.0035
HLQVX,JPMorgan Large Cap Value I,US Large Value,0.0069
SSBWX,State Street Target Retirement 2030 I,** 37 US Large Blend / 18 Intl Large Blend / 9 Emerging Large Blend / 32 Int-Term Inv. Grade / 4 Cash **,0.0029
SSCKX,State Street Target Retirement 2035 K,** 41 US Large Blend / 25 Intl Large Blend / 5 Emerging Large Blend / 25 Long-Term Inv. Grade / 4 Cash **,0.0009
COLD,Americold Realty Trust,US Real Estate,0.0
KOTMY,Koito Manufacturing Co Ltd ADR,Intl Mid Blend ,0.0
MMUFX,MFS Utilities A,US Large Value,0.0099
PTRB,PGIM Total Return Bond ETF,** 85 Int-Term Inv. Grade / 15 Cash **,0.0049
FALCX,Strategic Advisers® Large Cap,** 97 US Large Blend / 3 Intl Large Blend **,0.0024
FUSIX,"Strategic Advisers® Fidelity® Intl(USD,FUSIX)",Intl Large Growth,0.0013
CSQ,Calamos Strategic Total Return,** 62 US Large Growth / 38 Int-Term Inv. Grade **,0.0203
RGT,Royce Global Value Trust,** 42 US Small Growth / 58 Intl Small Growth **,0.0139
DOCN,Digital Ocean Holdings Inc,US Small Growth,0.0
HOLX,Hologic Inc,US Mid Blend,0.0
DTEC,ALPS Disruptive Technologies ETF,** 67 US Mid Growth / 28 Intl Mid Growth / 5 Emerging Mid Growth **,0.005
DOL,WisdomTree International LargeCp Div ETF,Intl Large Value,0.0048
TCCPY,TechnoPro Holdings Inc ADR ,Intl Mid Growth ,0.0
ALNY,Alnylam Pharmaceuticals Inc,US Mid Growth,0.0
TSINX,T. Rowe Price Spectrum International EqI,Intl Large Blend,0.0074
TRPIX,T. Rowe Price Value I,** 93 US Large Blend / 7 Intl Large Blend **,0.0063
FCG,First Trust Natural Gas ETF,** 97 US Mid Value / 3 Intl Mid Value **,0.006
FUSVX,Fidelity 500 Index Fund Premium Cl,US Large Blend,0.0002
DFEN,Direxion Dly Aerospace&Def Bl 3X ShsETF,** 70 US Large Blend / 30 Cash **,0.0096
SPLG,SPDR® Portfolio S&P 500 ETF,US Large Blend,0.0003
VGRNX,Vanguard Global ex-US Real Est Idx Ins,Intl Real Estate,0.0011
AMSF,AMERISAFE Inc,US Small Value,0.0
BCPC,Balchem Corp,US Small Blend,0.0
TRUMY,Terumo Corp ADR,Intl Large Growth,0.0
BLMN,Bloomin Brands Inc,US Small Value,0.0
CTLT,Catalent Inc,US Mid Growth,0.0
CCSI,Consensus Cloud Solutions Inc Ordinary Shares,US Small Value,0.0
CEG,Constellation Energy Corp,US Mid Value,0.0
EGBN,Eagle Bancorp Inc,US Small Blend,0.0
BRSP,BrightSpire Capital Inc,US Real Estate,
WHD,Cactus Inc,US Mid Growth,
KALL,KraneShares MSCI All China ETF,Emerging Large Blend,0.0048
AHH,Armada Hoffler Properties Inc,US Small Value,
TPRKY,Travis Perkins PLC ADR,Intl Small Value,0.0
CRTX,Quince Therapeutics,US Large Blend,
UE,Urban Edge Properties,US Real Estate,
SANA,Sana Biotechnology Inc,US Small Growth,
REVG,REV Group Inc,US Small Value,
MPLN,MultiPlan Corp Ordinary Shares,US Small Value,
IMVT,Immunovant Inc,US Mid Blend,
DSGN,Design Therapeutics Inc,US micro,
BFB,Brown-Forman Corporation,US Small Blend,
CYTK,Cytokinetics Inc,US Mid Blend,0.0
JAMFX,Jacob Internet Inv,** 92 US Small Growth / 8 Emerging Small Growth **,0.0202
UNVGY,Universal Music Group NV ADR,Intl Large Blend,0.0
GDOT,Green Dot Corp Class A,US Small Value,0.0
PPTAX,Virtus KAR Global Quality Dividend A,** 50 US Large Value / 50 Intl Large Value **,0.0135
NBRFX,Neuberger Berman Real Estate Tr,US Real Estate,0.0137
IVCGF,Iveco Group NV Ordinary Shares,Intl Mid Blend,0.0
BTMIX,Baird Short-Term Municipal Bond Instl ,Short-Term Inv. Grade,0.003
AWIIX,CIBC Atlas Income Opportunities Instl,** 70 US Large Blend / 30 Int-Term Treasury **,0.0071
AWWIX,CIBC Atlas International Growth Instl,Intl Large Growth,0.0094
AWEIX,CIBC Atlas Disciplined Equity Instl,US Large Growth,0.0072
HCAIX,Harbor Capital Appreciation Inv,** 90 US Large Growth / 10 Intl Large Growth **,0.0102
MGNX,Macrogenics Inc,US Micro,0.0
FIKMX,Fidelity Advisor® Real Estate Income Z,US Real Estate,0.0059
FRDAX,Franklin Rising Dividends Adv,US Large Blend,0.0059
CTMRX,Columbia Intermediate Dur Muni Bd Inst2,Int-Term Inv. Grade,0.0033
PRTMX,T. Rowe Price Summit Municipal Intrm I,Int-Term Inv. Grade,0.0038
CSVFX,Columbia International Div Inc Inst,Intl Large Value,0.0102
ESAIY,Eisai Co Ltd ADR (Unsponsored),Intl Large Blend,0.0
TESIX,Franklin Mutual Shares A,** 77 US Large Value / 13 Intl Large Value / 5 High Yield / 5 Cash **,0.0001
SVVC,Firsthand Technology Value Fund Inc,Non-Traditional,0.0
AEVA,Aeva Technologies Inc Ordinary Shares,US Small Growth,0.0
VABS,Virtus Newfleet ABS/MBS ETF,Short-Term Inv. Grade,0.0039
NIQVX,Neuberger Berman International Eq Inv,** 10 US Large Blend / 90 Intl Large Blend ** ,0.0119
LSCRX,Loomis Sayles Small Cap Value Retail,US Small Blend,0.0115
GNMA,iShares GNMA Bond ETF,Int-Term Inv. Grade,0.001
DMCVX,BNY Mellon Opportunistic Midcap Value A,US Mid Blend,0.0114
TTGXX,Government Money Fund - I Class,Cash/Money Market,0.002
TERXX,Tax-Exempt Money Fund - I Class,Cash/Money Market,0.0025
TCMVX,TIAA-CREF Mid-Cap Value Retail,US Mid Value,0.0076
FSTRX,Federated Hermes MDT Large Cap Value A,US Mid Value,0.0099
SWORX,Schwab Target 2055,*** 58 US Mid Blend / 33 Intl Mid Blend / 9 Int-Term Inv. Grade ***,0.0058
BFLY,Butterfly Network Inc Ordinary Shares - Class A,US Small Value,0.0
EMHC,SPDR® Bloomberg EM USD Bd ETF,Emerging Market Debt,0.0023
OILK,ProShares K-1 Free Crude Oil Strategy,Commodities,0.0071
UTAJX,Target Enrollment 2032/2033,** 46 US Large Blend / 30 Intl Large Blend / 24 Int-Term Inv. Grade **,0.00142
CMGR,Clubhouse Media Group Inc,US Micro ,
IBDR,iShares iBonds Dec 2026 Term Corp ETF,Short-Term Inv. Grade,0.001
HXBZX,Virtus Seix Tax-Exempt Bond A,Int-Term Inv. Grade,0.0083
PCLIX,PIMCO CommoditiesPLUS Strategy Instl,Commodities,0.0074
WFCMX,Allspring Managed Acct CoreBuilder M,Non-Traditional,0.0003
SMSMY,Sims Ltd ADR,Intl Mid Value,
ICAD,icad Inc,US Micro,0.0
KARS,KraneShares Eltc Vhl and Ft Mbly ETF,** 20 US Large Growth / 80 Intl Large Growth **,0.007
SCHY,Schwab International Dividend Equity ETF,Intl Large Value,0.0014
AIO,Virtus AI & Tech Opp Fund,** 47 US Large Growth / 8 Intl Large Growth / 20 High Yield / 25 Non-Traditional **,0.0217
AE,Adams Resources & Energy Inc,US Micro,0.0
BNR,Burning Rock Biotech Ltd ADR,Emerging Small Growth,0.0
KOPN,Kopin Corp,US Micro,0.0
SLGC,SomaLogic Inc Class A,US Small Blend,0.0
SURF,Surface Oncology Inc,US Micro,0.0
RNA,Avidity Biosciences Inc Ordinary Shares,US Small Blend,0.0
RCKT,Rocket Pharmaceuticals,US Small Value,0.0
ZI,ZoomInfo Technologies Inc Class A,US Mid Growth,0.0
MAXN,Maxeon Solar Technologies Ltd Ordinary Shares,Intl Mid Value,0.0
CCOI,Cogent Communications Holdings Inc,US Small Blend,
NWE,NorthWestern Corp,US Small Blend,
RWL,Invesco S&P 500 Revenue ETF,US Large Value,0.0039
WERN,Werner Enterprises Inc,US Small Blend,
CSIFX,Calvert Balanced A,** 52 US Large Growth / 45 Int-Term Inv. Grade / 3 Cash **,0.0091
CGAEX,Calvert Global Energy Solutions A,** 34 US Mid Blend / 58 Intl Mid Blend / 8 Emerging Mid Blend **,0.0124
CGJAX,Calvert US Large Cap Growth Rspnb Idx A,US Large Growth,0.0049
PFPWX,Parnassus Value Equity Institutional,US Large Value,0.0065
FAGAX,Fidelity Advisor® Growth Opps A,** 90 US Large Growth / 10 Intl Large Growth **,0.0089
POSAX,Principal Global Real Estate Sec A,** 60 US Real Estate / 40 Intl Real Estate **,0.0131
CARA,Cara Therapeutics Inc,US Small Growth,0.0
NSSC,NAPCO Security Technologies Inc,US Small Growth,0.0
ARI,Apollo Commercial Real Estate Finance Inc,US Real Estate,0.0
CLMT,Calumet Specialty Products Partners LP,MLP,0.0
THQ,Tekla Healthcare Opportunities,US Large Blend,0.0187
THW,Tekla World Healthcare,** 79 US Large Blend / 21 Intl Large Blend **,0.0191
UMGNF,Universal Music Group NV,US Large Blend,
IBDW,iShares iBonds Dec 2031 Term Corp ETF,Int-Term Inv. Grade,0.001
IBDP,iShares iBonds Dec 2024 Term Corp ETF,Short-Term Inv. Grade,0.001
OIA,Invesco Muni Income Opps Trust,Long-Term Inv. Grade,0.0162
BFFAX,American Funds Bond Fund of Amer F3,** 30 Short-Term Inv. Grade / 20 Int-Term Inv. Grade / 50 Long-Term Inv. Grade **,0.002
RMM,RiverNorth Managed Duration Muni Inc Fd,Long-Term Inv. Grade,0.0279
IBDU,iShares iBonds Dec 2029 Term Corp ETF,Int-Term Inv. Grade,0.001
IBTD,iShares iBonds Dec 2023 Term Tr ETF,Short-Term Treasury,0.0007
IBTE,iShares iBonds Dec 2024 Term Tr ETF,Short-Term Treasury,0.0007
IBDQ,iShares iBonds Dec 2025 Term Corp ETF,Short-Term Inv. Grade,0.001
GHI,Greystone Housing Impact Investors LP,MLP,0.0
AVK,Advent Convertible & Income Fund,** 10 US Large Blend / 10 Int-Term Inv. Grade / 35 High Yield / 45 Non-Traditional **,0.0354
DHF,BNY Mellon High Yield Strategies Fund,High Yield,0.0171
NMAI,Nuveen Multi-Asset Income,** 25 US Large Blend / 18 Intl Large Blend / 10 Emerging Large Blend / 42 High Yield / 5 Non-Traditional **,0.0253
JRI,Nuveen Real Asset Income and Growth,** 20 US Mid Value / 26 Intl Mid Value / 33 Int-Term Inv. Grade / 20 Non-Traditional **,0.0263
BBBIX,BBH Limited Duration I,Short-Term Inv. Grade,0.0027
PDO,PIMCO Dynamic Income Opportunities Fund,High Yield,0.0279
IDE,Voya Infrastructure Industrials & Matls,44 US Large Value / 47 Intl Large Value / 9 Emerging Large Value **,0.0122
NCHRX,Nuveen CA High Yield Municipal Bond I,High Yield,0.0077
WFSTX,Allspring Discovery Innovation A,US Large Growth,0.0123
SSTVX,Allspring Short-Term Bd Pl A,** 55 Short-Term Inv. Grade / 45 Short-Term Treasury **,0.007
EQIAX,Allspring Emerging Markets Eq Inc A,Emerging Large Value,0.0155
DIFTY,Daito Trust Construction Co Ltd ADR,Intl Large Value,0.0
HLT,Hilton Worldwide Holdings Inc,US Mid Growth,0.0
HKMPY,Hikma Pharmaceuticals PLC ADR,Intl Mid Growth,0.0
HCMLY,Holcim Ltd ADR,Intl Large Blend,0.0
DSCPX,Davenport Small Cap Focus,** 87 US Small Blend / 3 Intl Small Blend / 3 Emerging Small Blend / 7 Cash **,0.0089
HYPMY,Hypera SA ADR,Emerging Large Growth,0.0
JAPSY,Japan Airlines Co Ltd ADR,Intl Large Blend,0.0
JCYGY,Jardine Cycle & Carriage Ltd ADR,Intl Large Value,0.0
MARUY,Marubeni Corp ADR,Intl Large Value,0.0
OUKPY,Metso Corp ADR,Intl Mid Growth,0.0
NEXNY,Nexans ADR,Intl Mid Blend,0.0
NE,Noble Corp PLC Class A,US Mid Value,0.0
SCBFY,Standard Chartered PLC ADR,Intl Large Value,0.0
AOXY,Advanced Oxygen Technologies Inc,US Micro,0.0
PINIX,Principal International I Inst,** 78 Intl Large Blend / 22 Emerging Large Blend **,0.0079
ULGX,Urologix Inc,US Micro,0.0
AIQ,Global X Artfcl Intlgc & Tech ETF,** 72 US Large Growth / 18 Intl Large Growth / 10 Emerging Large Growth **,0.0068
NXTG,First Trust IndXX NextG ETF,*** 37 US Large Blend / 20 Intl Large Blend / 43 Emerging Large Blend ***,0.007
HITI,High Tide Inc,Intl Small Blend,
GELYY,Geely Automobile Holdings Ltd ADR,Intl Large Blend,
CCWAX,American Funds Capital World Bond 529A,World Bond,0.0099
CIMAX,American Funds Income Fund of Amer 529A,** 46 US Large Value / 21 Intl Large Value / 25 Int-Term Inv. Grade / 8 Cash **,0.006
CICAX,American Funds Invmt Co of Amer 529A,** 84 US Large Blend / 11 Intl Large Blend / 5 Cash **,0.0062
ASXC,Asensus Surgical Inc,US Small Value,
CSPAX,American Funds SMALLCAP World 529A,** 43 US Mid Growth / 36 Intl Mid Growth / 15 Emerging Mid Growth / 6 Cash **,0.0104
CVAC,CureVac NV Ordinary Shares,Intl Small Blend,0.0
ILCB,iShares Morningstar U.S. Equity ETF,US Large Blend,0.0003
VCRIX,MainStay CBRE Global Infrastructure I,** 49 US Large Blend / 47 Intl Large Blend / 4 Emerging Large Blend,0.0097
NESIX,Needham Small Cap Growth Institutional,US Micro,0.0121
NINLX,Neuberger Berman Intrinsic Value I,** 88 US Small Blend / 4 Intl Small Blend / 3 Emerging Small Blend / 5 Cash **,0.0101
NBPIX,Neuberger Berman Large Cap Value Instl,** 90 US Large Value / 10 Intl Large Value **,0.0061
BPTIX,Baron Partners Institutional,US Large Growth,0.0104
NOBOX,Northern Bond Index,Int-Term Inv. Grade,0.0007
THCH,TH International Ltd Ordinary Shares,Emerging Small Growth,0.0
HCP,"HCP Inc(USD,HCP)",US Mid Blend,0.0
FSCPX,Fidelity® Select Consumer Discret Port,US Large Growth,0.0076
LBSAX,Columbia Dividend Income A,US Large Value,0.0091
ODYY,Odyssey Group International Inc,US Micro,
WLTAX,Delaware Ivy Limited-Term Bond A,Short-Term Inv. Grade,0.0078
ICDAX,Delaware Ivy International Val A,Intl Large Value,0.012
IYSAX,Delaware Ivy Smid Cap Core Fund Class A,US Small Blend,0.0114
IRSAX,Delaware Real Estate Securities A,US Real Estate,0.012
VIIGX,Vanguard Intmdt-Term Trs Idx Instl,Int-Term Treasury,0.0005
VSBIX,Vanguard Short-Term Treasury Idx Instl,Short-Term Treasury,0.0005
BRMKX,iShares Russell Mid-Cap Index K,US Mid Blend,0.0006
TFOIX,Transamerica Capital Growth I,** 80 US Large Growth / 20 Intl Large Growth **,0.0079
SSCQX,State Street Target Retirement 2040,*** 45 US Large Blend / 33 Intl Large Blend / 22 Short-Term Inv. Grade ***,0.0168
FEYAX,Fidelity Advisor Asset Manager® 85%,*** 48 US Large Blend / 39 Intl Large Blend / 13 Short-Term Inv. Grade ***,0.0098
TASK,TaskUs Inc Class A,US Small Blend,0.0
BTSMX,Boston Trust SMID Cap,US Mid Blend,0.0075
VITNX,Vanguard Instl Ttl Stk Mkt Idx I,US Large Blend,0.0003
SMAWF,Siemens AG,Intl Large Growth,
MSMLX,Matthews EM Sm Coms Inv,Emerging Large Growth,0.0137
IMSCX,IMS Capital Value,US Large Growth,0.0182
PVMIX,Principal MidCap Value I Inst,US Mid Blend,0.0069
NRXP,NRX Pharmaceuticals Inc Ordinary Shares,US Micro,0.0
MVPS,Amplify Thematic All-Stars ETF,** 90 US Large Growth / 5 Intl Large Growth / 5 Emerging Large Growth **,0.0049
DBP,Invesco DB Precious Metals,Commodities,0.0075
WMFAX,Allspring Municipal Bond A,Int-Term Inv. Grade,0.0075
TNA,Direxion Daily Small Cap Bull 3X ETF,US Small Blend,0.0109
BBBYQ,Bed Bath & Beyond Inc,US Micro,0.0
AMTD,AMTD IDEA Group ADR,Emerging Mid Blend,0.0
DUHP,Dimensional US High Profitability ETF,US Large Blend,0.0021
DSSMX,DFA Selective State Municipal Bond Instl,Int-Term Inv. Grade,0.0023
PMBPX,Principal MidCap R5,** 93 US Mid Growth / 7 Intl Mid Growth **,0.0084
PHTTX,Principal LifeTime Hybrid 2020 Instl,** 55 Int-Term Inv. Grade / 30 US Large Blend / 10 Intl Large Blend / 5 Emerging Large Blend **,0.0038
TIPZ,PIMCO Broad US TIPS ETF,Inflation Protected,0.002
JMUTX,Janus Henderson Multi-Sector Income T,Short-Term Inv. Grade,0.0084
PDVAX,PIMCO Diversified Inc A,Int-Term Inv. Grade,0.0115
AFDIX,American Century Sustainable Equity Inv,US Large Blend,0.0079
PXWEX,Impax Ellevate Global Women's Ldr Inv,** 66 US Large Blend / 34 Intl Large Blend **,0.0077
TVOAX,Touchstone Small Cap Value A,US Small Blend,0.0138
LE,Lands' End Inc,US Micro,
SRSCQ,Sears Canada Inc,US Micro,
EIORX,Eaton Vance OR Municipal Income I,** 60 Long-Term Inv. Grade / 40 Int-Term Inv. Grade **,0.0045
SSDSX,DWS Small Cap Growth S,US Small Growth,0.0098
BTIIX,DWS Equity 500 Index Inst,US Large Blend,0.002
SWYNX,Schwab Target 2060 Index,** 65 US Large Blend / 35 Intl Large Blend **,0.0008
UTAAX,Target Enrollment 2020/2021,*** 30 US Large Blend / 10 Intl Large Blend / 60 Short-Term Inv. Grade ***,0.002
UTADX,Target Enrollment 2024/2025,*** 35 US Large Blend / 15 Intl Large Blend / 50 Short-Term Inv. Grade ***,0.002
BCRED,Blackstone Private Credit Fund,Non-Traditional,0.0125
BREIT,Blackstone Real Estate Income Trust,Real Estate,0.0125
SREIT,Starwood Real Estate Income Trust,Real Estate,0.0125
ABNIX,abrdn International Small Cp Inst,** 70 Intl Mid Growth / 20 Emerging Mid Growth / 10 US Mid Growth **,0.01
RFDI,First Trust RiverFront Dyn Dev Intl ETF,Intl Large Blend,0.0083
ACP,abrdn Income Credit Strategies Fund,High Yield,0.037
IHIT,Invesco High Income 2023 Target Term,High Yield,0.0254
CSF,VictoryShares US Discv Enh Vol Wtd ETF,** 25 US Small Blend / 75 Cash **,0.0037
CDC,VictoryShares US EQ Inc Enh Vol Wtd ETF,** 25 US Mid Value / 75 Cash **,0.0035
NARAX,Virtus Newfleet Multi-Sector S/T Bd A,Short-Term Inv. Grade,0.009
NVEE,NV5 Global Inc,US Small Growth,
CDLX,Cardlytics Inc,US Small Value,0.0
MHH,Mastech Digital Inc,US Small Value,0.0
AW1,American West Metals Ltd(Delisted),US Micro,0.0
RDBBF,Redbubble Ltd,Intl Small Value,0.0
AVSC,Avantis® US Small Cap Equity ETF ,US Small Value,0.0025
DFIC,Dimensional International Core Eq 2 ETF,** 10 US Large Blend / 90 Intl Large Blend **,0.0023
DIHP,Dimensional International High Pbly ETF,** 10 US Large Blend / 90 Intl Large Blend **,0.0029
EMYB,Embassy Bancorp Inc,US Micro,0.0
GLBE,Global E Online Ltd,Intl Mid Growth,0.0
FISB,1st Cap Bancorp,US Micro,0.0
FNDE,Schwab Fundamental Emerg Mkts Lg Co ETF,** 22 Intl Large Value / 78 Emerging Large Value **,0.0039
AVBH,Avidbank Holdings Inc,US Micro,0.0
ASTR,Astra Space Inc Class A,US Micro,0.0
FAFEX,Fidelity Advisor Freedom® 2030 A,** 55 US Large Blend / 30 Intl Large Blend / 15 Emerging Large Blend **,0.0091
AIVL,WisdomTree US Al Enhanced Val ETF,** 96 US Large Value / 4 Intl Large Value **,0.0038
ETB,EV Tax-Managed Buy-Write Inc,US Large Blend,0.0
OEC,Orion SA,US Small Blend,0.0
FV,First Trust Dorsey Wright Focus 5 ETF,** 98 US Mid Blend / 2 Intl Mid Blend ** ,0.009
FXZ,First Trust Materials AlphaDEX® ETF,** 97 US Mid Value / 3 Emerging Mid Value ** ,0.0061
ENDO,Thermic Sciences International Corp,US Micro,0.0
FIIAX,Fidelity Advisor® Mid Cap II A,** 96 US Mid Blend / 4 Intl Mid Blend **,0.0101
FSCDX,Fidelity Advisor® Small Cap A,** 96 US Small Blend / 4 Intl Small Blend **,0.0133
KRNY,Kearny Financial Corp,US Small Value,0.0
REVS,Columbia Research Enhanced Value ETF,** 99 US Large Value / 1 Intl Large Value **,0.0019
DLRpJ,Digital Realty Trust Inc 5.250% Preferred Shares Series J,US Mid Blend,0.0
MSpO,Morgan Stanley 4.25% Preferred Shares Series O,US Large Value,0.0
PEBpE, Pebblebrook Hotel Trust 6.375% Preferred Stock Series E,US Small Blend,0.0
SCHWpD,Charles Schwab Corp 5.95% Preferred Share Series D,US Large Blend,0.0
VNOpL,Vornado Realty Trust 5.4% Preferred Share Series L,US Small Value,0.0
CURLF,Curaleaf Holdings Inc,US Mid Growth,0.0
NVHIX,Nuveen Short Duration Hi Yld Muni Bd I,High Yield,0.0057
MRPT,MacReport net Inc,US Micro,0.0
PRTAX,T. Rowe Price Tax-Free Income Inv,Int-Term Investment Grade,0.0053
RSPU,Invesco S&P 500® Equal Weight Utilts ETF,US Mid Value,0.004
HCSG,HEALTHCARE SVC GROUP,US Small Growth,0.0
LGMAX,Loomis Sayles Global Allocation Portfolio,** 78 US Large Growth / 22 Intl Large Growth **,0.0114
MRIBX,MFS Research International Portfolio (Class B),** 10 US Large Blend / 7 Emerging Large Blend / 83 Intl Large Blend **,0.0175
JAHYX,Janus Henderson High-Yield T ,High Yield,0.0087
HFMDX,Hennessy Cornerstone Mid Cap 30 Inv,US Small Blend,0.0135
MSFRX,MFS Total Return A,** 90 US Large Value / 10 Intl Large Value **,0.0072
SPXU,ProShares UltraPro Short S&P500,Non-Traditional,0.009
FTXL,First Trust Nasdaq Semiconductor ETF,** 95 US Large Blend / 5 Intl Large Blend **,0.006
FNEFX,American Funds New Economy F3,** 80 US Large Growth / 17 Intl Large Growth / 3 Emerging Large Growth **,0.0041
FRERX,Franklin Total Return R6,** 20 Short-Term Inv. Grade / 33 Int-Term Inv. Grade / 47 Long-Term Inv. Grade **,0.0052
HDGFX,Hartford Dividend and Growth F,** 90 US Large Blend / 10 Intl Large Blend **,0.0063
HMVFX,Hartford MidCap Value F,** 96 US Mid Value / 4 Intl Mid Value **,0.0077
HYIFX,Invesco High Yield R6,High Yield,0.0065
VVOSX,Invesco Value Opportunities R6,** 92 US Mid Blend / 8 Intl Mid Blend **,0.0078
ACTSX,Invesco High Yield Municipal R6,High Yield,0.0055
VKMSX,Invesco Municipal Income R6 ,Long-Term Inv. Grade,0.0051
SMEFX,Invesco Small Cap Equity R6,** 98 US Small Growth / 2 Intl Small Growth **,0.008
PBH,Prestige Consumer Healthcare Inc,US Small Blend,0.0
ZIMV,ZimVie Inc Ordinary Shares,US Small Value,0.0
URE,ProShares Ultra Real Estate,US Real Estate,0.0095
LONSX,Lord Abbett National Tax Free F3,Long-Term Inv. Grade,0.0047
MIDLX,MFS International New Discovery R6,** 9 Emerging Mid Blend / 3 US Mid Blend / 88 Intl Mid Blend **,0.009
MPMNX,MFS Municipal Income R6,Long-Term Inv. Grade,0.0044
HMDFX,Hartford MidCap F,** 98 US Mid Growth / 2 Emerging Mid Growth **,0.0074
ALVRQ,Alvarion Ltd.,Intl Small Value,0.0
UCO,ProShares Ultra Bloomberg Crude Oil,Commodities,0.0162
GHC,Graham Holdings Co,US Small Blend,0.0
BPAVX,Boston Partners All Cap Value Inv,** 94 US Large Value / 6 Intl Large Value ** ,0.0105
FGROX,Emerald Growth Institutional,US Small Growth,0.0073
MGRDX,MFS International Growth R6,** 10 US Large Growth / 8 Emerging Large Growth / 82 Intl Large Growth **,0.007
FREGX,Nuveen Real Estate Securities R6,US Mid Blend,0.0085
SGMD,Sugarmade Inc,US Micro,0.0
AMFNX,Virtus AlphaSimplex Mgd Futs Strat R6,Non-Traditional,0.0133
FMKPX,Fidelity Freedom® Index 2030 Premier,** 37 US Large Blend / 18 Intl Large Blend / 7 Emerging Large Blend / 38 Long-Term Inv. Grade **,0.0006
QCEQIX,CREF Equity Index R3,US Large Blend,0.0017
TCRIX,TIAA-CREF Lifecycle 2030 Institutional,** 36 US Large Blend / 36 Int-Term Inv. Grade / 21 Intl Large Blend / 5 US Real Estate / 2 Cash **,0.0042
JTKAX,JHancock Global Thematic Opps A,** 70 US Large Blend / 30 Intl Large Blend ** ,0.0119
IPPXX,Invesco Treasurer's Ser Tr Prem Instl,Cash/Money Market,0.0018
PHX,PHX Minerals Inc Class A,US Small Blend,0.0
CPRX,Catalyst Pharmaceuticals Inc,US Small Value,0.0
CXT,Crane NXT Co.,US Mid Value,0.0
UCPC,UniCapital Corp,US Micro,0.0
OPRA,Opera Limited,Intl Small Value,0.0
SGUXX,Schwab Government Money Fund- Ultra Shares,Cash/Money Market,0.0019
ATAI,ATAI Life Sciences NV,US Small Value,0.0
FREY,FREYR Battery ,US Small Value,0.0
SQNS,Sequans Communications SA ADR,Intl Small Value,0.0
TBLA,Taboola.com Ltd,US Small Value,0.0
IMUX,Immunic Inc,US Small Value,0.0
PFL,PIMCO Income Strategy Fund,Int-Term Investment Grade,0.0137
UNRV,Unrivaled Brands Inc,US Micro,0.0
SPHY,SPDR® Portfolio High Yield Bond ETF ,High Yield,0.0005
CFAGX,Commerce MidCap Growth,US Mid Growth,0.0078
NARI,Inari Medical Inc Ordinary Shares ,US Small Growth,0.0
INO,Inovio Pharmaceuticals Inc,US Small Growth,0.0
OTRK,Ontrak Inc,US Small Value,0.0
ZYXI,Zynex Inc,US Small Growth,0.0
ADAP,Adaptimmune Therapeutics PLC ADR,Intl Small Value,0.0
CODX,Co-Diagnostics Inc Registered Shs,US Small Blend,0.0
DGLY,Digital Ally Inc,US Small Value,0.0
GBLX,GB Sciences Inc,US Micro,0.0
HYLN,Hyliion Holdings Corp Ordinary Shares - Class A,US Small Value,0.0
IDEX,Ideanomics Inc,US Small Value,0.0
IDN,Intellicheck Inc,US Small Blend,0.0
LEGH,Legacy Housing Corp,US Small Value,0.0
PERI,Perion Network Ltd,US Small Growth,0.0
PLTK,Playtika Holding Corp Ordinary Shares,US Small Blend,0.0
PGNY,Progyny Inc,US Small Growth,0.0
SRG,Seritage Growth Properties Class A,US Small Value,0.0
SFT,Shift Technologies Inc Ordinary Shares - Class A,US Small Value,0.0
TALK,Talkspace Inc Ordinary Shares,US Small Blend,0.0
FEMFD,FE Battery Metals Corp,Intl Small Growth,0.0
TMPO,Tempo Automation Holdings Inc,US Small Growth,0.0
VVPR,Vivopower International PLC,US Small Value,0.0
DYAI,Dyadic International Inc ,US Small Blend,0.0
NYMXF,Nymox Pharmaceutical Corp,Intl Small Value,0.0
VMAR,Vision Marine Technologies Inc,Intl Small Blend,0.0
VALLX,Value Line Larger Companies Focused Inv,US Large Growth,0.0114
FBRT,Franklin BSP Realty Trust Inc Ordinary Shares,US Real Estate,0.0
FSV,FirstService Corp Ordinary Shares,Intl Mid Growth,0.0
VALAX,Al Frank Adv,US Large Value,0.0124
GTSYX,Invesco Small Cap Growth Y,** 90 US Small Growth / 10 Intl Small Growth **,0.0091
JOEMX,JOHCM Emerging Markets Opps Instl,Emerging Large Blend,0.0103
MCVIX,MFS Mid Cap Value I,US Mid Value,0.0074
MERIX,The Merger Fund I,Non-Traditional,0.0125
JSHIX,Janus Henderson Short Duration Flex Bd I,Short-Term Inv. Grade,0.0045
DRVN,Driven Brands Holdings Inc Ordinary Shares,US Small Growth,0.0
SGRY,Surgery Partners Inc ,US Small Growth,0.0
JALGX,JHancock Multimanager Lifestyle Gr A,** 50 US Large Blend / 20 Intl Large Blend / 10 Emerging Large Blend / 10 Int-Term Inv. Grade / 10 High Yield **,0.0136
LGIH,LGI Homes Inc,US Small Blend,0.0
CALF,Pacer US Small Cap Cash Cows 100 ETF,US Small Value,0.0059
LVHI,Franklin Intl Low Volatility Hi Div ETF ,** 13 US Large Value / 87 Intl Large Value **,0.004
XMHQ,Invesco S&P MidCap Quality ETF,** 99 US Mid Blend / 1 Emerging Mid Blend **,0.0025
CSMCX,Congress Small Cap Growth Institutional,** 93 US Small Growth / 7 Intl Small Growth **,0.01
LCSIX,LoCorr Long/Short Commodity Strats I,Commodities,0.0218
PETPX,PIMCO Real Estate Real Return StrategyI2,US Real Estate,0.0084
TSIIX,Thornburg Strategic Income I,High Yield,0.006
AOM,iShares Core Moderate Allocation ETF,** 63 US Large Blend / 31 Intl Us Large Blend / 6 Emerging Large Blend **,0.0015
SMCPOX,Wellington CIF II - Small Cap Opportunities,US Small Value,0.0078
HD,The Home Depot Inc,US Large Growth,0.0
FWTKX,Fidelity Freedom® 2035 K6,**38 US Large Blend / 35 Intl Large Blend / 27 Int-Term Inv. Grade,0.0041
WHF,WhiteHorse Finance Inc,US Small Value,0.0
TRSTX,TRSTX,** 82 Short-Term Inv. Grade / 18 Cash **,0.0018
PRUUX,T. Rowe Price US Trs Long-Term Idx I ,Long-Term Inv. Grade,0.0008
VB ,Vanguard Small-Cap ETF ,US Small Blend,0.0005
OTLY,Oatly Group AB ADR,Intl Small Value,0.0
JCAPX,Janus Henderson Forty I,US Large Growth,0.0064
SPX,S&P 500 PR,US Large Blend,0.0
ONON,On Holding AG,US Mid Growth,0.0
LIPAX,BlackRock LifePath® Index 2050 Inv A,** 59 US Large Blend / 39 Intl Large Blend / 2 Int-Term Inv. Grade **,0.0039
RNPCX,American Funds New Perspective R3,** 50 US Large Growth / 40 Intl Large Growth / 10 Cash **,0.0106
MYD,BlackRock MuniYield,Long-Term Inv. Grade,0.0082
CCALX,Conestoga Small Cap Institutional ,US Small Growth,0.009
INAR,InternetArray Inc ,US Small Value,
NWGC,New World Gold Corp,US Small Value,0.0
ELCR,Electric Car Co Inc,US Small Value,0.0
INND,Innerscope Hearing Technologies Inc,US Small Value,0.0
TLLTF,TILT Holdings Inc ,US Small Value,0.0
DRIP,Direxion Dly S&P Oil&Gs Ex&Prd Br 2X ETF,Non-Traditional,0.0109
OEGYX,Invesco Discovery Mid Cap Growth Y,US Mid Growth,0.0079
AIVBX,American Funds International Vntg A ,** 85 Intl Large Growth / 15 Cash **,0.0097
ETIIX,Parametric TABS Interm-Term Muni Bd I,Int-Term Inv. Grade,0.006
PBYMX,Pioneer AMT-Free Municipal Y,Long-Term Inv. Grade,0.0049
LYJN,Lyric Jeans Inc,US Small Value,0.0
DUST,Direxion Daily Gold Miners Bear 2X ETF,Non-Traditional,0.0107
NPSGX,Nicholas Partners Small Cap Gr Instl,US Small Growth,0.0099
WCMVX,WCM Focused International Value Ins,US Large Blend,0.0125
FIMKX,Fidelity Advisor® Focused Em Mkts I,Emerging Large Blend,0.0103
VIMCX,Virtus KAR Mid-Cap Core I,US Mid Growth,0.0095
GRNQ,Greenpro Capital Corp,Emerging Small Value,0.0
MEIJX,MFS Value R4,** 92 US Large Value /  8 Intl Large Value **,0.0055
MCRY,"Mercury Systems, Inc",US Small Value,0.0
FTKFX,Fidelity® Total Bond K6,Int-Term Inv. Grade,0.003
MATV,"Mativ Holdings, Inc.",US Small Value,0.0
GSSMX,Goldman Sachs Small Cap Value A ,US Small Blend,0.0123
ONGIX,JPMorgan Investor Growth & Income A,US Large Blend,0.0095
PHDAX,PIMCO High Yield A,High Yield,0.009
AMRK,A-Mark Precious Metals Inc,US Small Value,0.0
AFSIA,"AmTrust Financial Services, Inc.",US Small Value,0.0
AFSIB,  AmTrust Financial Services 7.25 Non-Cumulative Preferred Shs Series B,US Mid Value,0.0
GGR,Gogoro Inc,Emerging Mid Blend,0.0
AFSIC,Amtrust Financial Services 7.625 Non-Cumulative Preferred Shs Series C,US Small Value,0.0
DGICA,Donegal Group Inc Class A,US Small Value,0.0
MNTX,Manitex International Inc,US Small Value,0.0
PPIH,Perma-Pipe International Holdings Inc,US Small Value,0.0
PMN,ProMIS Neurosciences Inc,Intl Small Value,0.0
RWWI,Rand Worldwide Inc,US Small Value,0.0
WLMSQ,Williams Industrial Services Group Inc,US Small Value,0.0
DRISX,Foundry Partners Sm Cp Val Instl,** 97 US Small Value / 3 Intl Small Value **,0.01
APPH,AppHarvest Inc Ordinary Shares,US Micro,0.0
LIZKX,BlackRock LifePath® Index 2060 K,** 65 US Large Blend / 30 Intl Large Blend / 5 Emerging Large Blend **,0.0009
URINX,Victory Target Retirement Income,** 23 US Large Blend / 12 Intl Large Blend / 55 Int-Term Inv. Grade / 10 Cash **,0.0054
URTRX,Victory Target Retirement 2030,** 38 US Large Blend / 22 Intl Large Blend / 35 Int-Term Inv. Grade / 5 Cash **,0.0054
RSCC,Russell Small Cap Completeness Index,US Small Growth,0.0
AMR,Alpha Metallurgical Resources Inc ,US Small Blend,0.0
TIEXX,TIAA-CREF Money Market R,Cash/Money Market,0.0037
DMREX,DFA Municipal Real Return Institutional,Short-Term Inv. Grade,0.0024
FCSTX,Fidelity® California Ltd Trm Tax-Free Bd,Short-Term Inv. Grade,0.0029
LTCIX,Thornburg CA Limited-Term Muni Instl,** 91 Int-Term Inv. Grade / 9 Cash **,0.0049
OTIIX,T. Rowe Price Small-Cap Stock I,** 85 US Small Growth / 8 Intl Small Growth / 7 Cash **,0.0077
GWH,ESS Tech Inc Ordinary Shares,US Micro,0.0
PIIVX,The Private Shares Fund I,Non-Traditional,0.0226
TIPWX,Bluerock Total Income+ Real Estate I ,Non-Traditional,0.0178
DFAIX,DFA Short-Duration Real Return Instl,Short-Term Inv. Grade,0.0022
DWFIX,DFA World ex US Government Fxd Inc I ,Int-Term Inv. Grade,0.0019
TRPWX,TIAA-CREF Mid-Cap Growth Instl,** 82 US Mid Growth / 18 Intl Mid Growth **,0.0048
TISPX,TIAA-CREF S&P 500 Index Instl,US Large Blend,0.0005
QCSTRX,CREF Stock R1,** 65 US Large Blend / 35 Intl Large Blend **,0.0049
FRSLX,Nuveen Mid Cap Growth Opps A,US Mid Growth,0.0117
ACCNX,American Century Core Plus Inv,Int-Term Inv. Grade,0.0055
FEGRX,First Eagle Global R6,** 57 US Large Blend / 25 Intl Large Blend / 18 Emerging Large Blend **,0.0079
ITBFX,Hartford Total Return Bond F,Int-Term Inv. Grade,0.0032
SSBOX,State Street Target Retirement 2020 K,** 24 US Large Blend / 15 Intl Large Blend / 61 Int-term Inv. Grade **,0.0009
VTS,Vitesse Energy Inc,US Small Growth,0.0
TMDIX,AMG TimesSquare Mid Cap Growth Z,** 90 US Mid Growth / 8 Intl Mid Growth / 2 Cash **,0.0098
HHH,Howard Hughes Holdings Inc,US Small Blend,0.0
AWMIX,CIBC Atlas Mid Cap Equity Institutional ,** 95 US Mid Growth / 2 Intl Mid Growth / 3 Cash **,0.0083
NWCAX,Nuveen Winslow Large-Cap Growth ESG A,** 90 US Large Growth / 10 Intl Large Growth **,0.009
UTL,Unitil Corporation,US Small Value,0.0
PDEZX,PGIM Jennison Emerging Markets Eq Opps Z,** 52 Emerging Large Growth / 48 Intl Large Growth **,0.0105
EMDV,ProShares MSCI Emerg Mkts Div Growers,Emerging Large Blend,0.006
VGYAX,Vanguard Global Wellesley Income Admiral,** 15 US Large Value / 21 Intl Large Value / 64 Int-Term Inv. Grade **,0.0029
VGRLX,Vanguard Global ex-US Real Est Idx Adm,Intl Real Estate,0.0012
FDTKX,Fidelity Freedom® 2025 K6,** 26 US Large Blend / 26 Intl Large Blend / 48 Int-Term Inv. Grade **,0.0034
FGTKX,Fidelity Freedom® 2030 K6,** 31 US Large Blend / 29 Intl Large Blend / 40 Int-Term Inv. Grade **,0.0037
CNA,CNA Financial Corp,US Mid Value,0.0
FVIAX,Fidelity Advisor® Government Income A,** 30 Short-Term Inv. Grade / 20 Int-Term Inv. Grade / 50 Long-Term Inv. Grade **,0.0077
DNB,Dun & Bradstreet Holdings Inc Ordinary Shares,US Small Value,0.0
FBIN,Fortune Brands Innovations Inc,US Mid Blend,0.0
OLPX,Olaplex Holdings Inc,US Small Value,0.0
RVTY,Revvity Inc,US Mid Growth,0.0
RCM,R1 RCM Inc,US Small Growth,0.0
TW,Tradeweb Markets Inc,US Mid Growth,0.0
UNVR,Univar Solutions,US Small Value,0.0
PACK,Ranpak Holdings Corp Ordinary Shares - Class A,US Small Value,0.0
ABBNY,ABB Ltd ADR,Intl Large Growth,0.0
AAVMY,ABN AMRO Bank NV ADR,Intl Small Value,0.0
AMIGY,Admiral Group PLC ADR,Intl Mid Blend,0.0
ATEYY,Advantest Corp ADR,Intl Large Growth,0.0
AGESY,Ageas SA/ NV ADR ,Intl Mid Value,0.0
AJINY,Ajinomoto Co Inc ADR,Intl Large Growth,0.0
ANZGY,ANZ Group Holdings Ltd ADR,Intl Large Value,0.0
ARZGY,Assicurazioni Generali ADR,Intl Large Value,0.0
NCBDY,BANDAI NAMCO Holdings Inc ADR,Intl Large Blend,0.0
BTDPY,Barratt Developments PLC ADR,Intl Mid Value,0.0
TGIPX,T. Rowe Price Spectrum Mod Gr Allc I,** 55 US Large Blend / 30 Intl Large Blend / 15 Int-Term Inv. Grade **,0.0065
AGI,"Alamos Gold Inc(USD,AGI)",Intl Small Growth,0.0
CJPRY,Central Japan Railway Co ADR,Intl Large Growth,0.0
CRZBY,Commerzbank AG ADR,Intl Large Value,0.0
COVTY,Covestro AG ADR ,Intl Mid Blend,0.0
DNKEY,Danske Bank A/S ADR,Intl Large Blend,0.0
DLAKY,Deutsche Lufthansa AG ADR,Intl Mid Value,0.0
EJPRY,East Japan Railway Co ADR,Intl Large Growth,0.0
ENGGY,Enagas SA ADR,Intl Mid Value,0.0
FSUGY,Fortescue Metals Group Ltd ADR ,Intl Large Value,0.0
FSNUY,Fresenius SE & Co KGaA ADR,Intl Large Value,0.0
hdb,"HDFC Bank Ltd ADR(USD,HDB)",Emerging Large Growth,0.0
HKHHY,Heineken Holding NV ADR,Intl Large Blend,0.0
HLDCY,Henderson Land Development Co Ltd ADR ,Intl Large Value,0.0
HNNMY,Hennes & Mauritz AB ADR,Intl Large Value,0.0
HSQVY,Husqvarna AB ADR,Intl Mid Blend,0.0
IKTSY,Intertek Group PLC ADR,Intl Mid Blend,0.0
ITOCY,ITOCHU Corp ADR,Intl Large Value,0.0
JAPAY,Japan Tobacco Inc ADR,Intl Large Blend,0.0
JRONY,Jeronimo Martins SGPS SA ADR,Intl Large Growth,0.0
JMPLY,Johnson Matthey PLC ADR,Intl Mid Value,0.0
FNRAX,Franklin Natural Resources Adv,** 70 US Large Blend / 30 Intl Large Blend **,0.0085
NDVVX,MFS New Discovery Value R6,US Small Value,0.0084
KIGRY,KION GROUP AG ADR,Intl Mid Growth,0.0
KNBWY,Kirin Holdings Co Ltd ADR,Intl Large Value,0.0
LGGNY,Legal & General Group PLC ADR ,Intl Large Value,0.0
FINMY,Leonardo SpA ADR,Intl Mid Blend,0.0
MQBKY,Macquarie Group Ltd ADR,Intl Large Blend,0.0
MZDAY,Mazda Motor Corp ADR,Intl Large Value,0.0
MTSFY,Mitsui Fudosan Co Ltd ADR,Intl Large Blend,0.0
MFG,Mizuho Financial Group Inc ADR,Intl Large Blend,0.0
SAVA,Cassava Sciences Inc,US Small Growth,0.0
GASNY,Naturgy Energy Group SA ADR,Intl Large Blend,0.0
NPSCY,Nippon Steel Corp ADR ,Intl Large Blend,0.0
NDEKY,Nitto Denko Corp ADR,Intl Large Blend,0.0
NMR,Nomura Holdings Inc ADR,Intl Large Blend,0.0
NTDTY,NTT Data Group Corp ADR,Intl Large Blend,0.0
OVCHY,Oversea-Chinese Banking Corp Ltd ADR,Intl Large Value,0.0
PANDY,Pandora A/S ADR ,Intl Mid Blend,0.0
QBIEY,QBE Insurance Group Ltd ADR,Intl Large Value,0.0
RNECY,Renesas Electronics Corp ADR,Intl Large Growth,0.0
SEKEY,Seiko Epson Corp ADR,Intl Mid Value,0.0
HCMC,Healthier Choices Management Corp,US Micro,0.0
SKHSY,Sekisui House Ltd ADR,Intl Large Value,0.0
SKFRY,SKF AB ADR,Intl Mid Blend,0.0
SMGZY,Smiths Group PLC ADR,Intl Mid Blend,0.0
SUBCY,Subsea 7 SA ADR,Intl Mid Blend,0.0
SSUMY,Sumitomo Corp ADR,Intl Large Value,0.0
SMMYY,Sumitomo Metal Mining Co Ltd ADR,Intl Large Blend,0.0
STBFY,Suntory Beverage & Food Ltd ADR,Intl Large Blend,0.0
SWDBY,Swedbank AB ADR,Intl Large Blend,0.0
TLGPY,Telstra Group Ltd ADR,Intl Large Blend,0.0
TEZNY,Terna SpA ADR ,Intl Large Blend,0.0
PLNHF,Planet 13 Holdings Inc Ordinary Shares,US Small Blend,0.0
TKGSY,Tokyo Gas Co Ltd ADR,Intl Large Growth,0.0
VONOY,Vonovia SE ADR,Intl Large Value,0.0
WFAFY,Wesfarmers Ltd ADR,Intl Large Blend,0.0
WJRYY,West Japan Railway Co ADR,Intl Large Blend,0.0
YAHOY,Z Holdings Corp ADR,Intl Large Blend,0.0
FILBX,American Funds Inflation Linked Bd F3,Inflation Protected,0.0029
PFIUX,PIMCO Dynamic Bond Instl,Non-Traditional,0.0076
OIGCX,Invesco Oppenheimer International Gr C,Intl Large Growth,0.0183
IUTCX,Invesco Dividend Income C,** 89 US Large Value / 11 Intl Large Value **,0.0169
SHRG,Sharing Services Global Corp,US Micro,0.0
OARDX,Invesco Rising Dividends A,** 96 US Large Blend / 4 Intl Large Blend **,0.0096
OPOCX,Invesco Discovery A,** 96 US Small Growth / 4 Intl Small Growth **,0.0102
IARAX,Invesco Real Estate A,US Real Estate,0.0124
ETHSX,Eaton Vance Worldwide Health Sci A ,** 71 US Large Growth / 29 Intl Large Growth **,0.0121
PRUAX,PGIM Jennison Utility A,** 86 US Mid Value / 14 Intl Mid Value **,0.0083
AUR,Aurora Innovation Inc Class A,US Small Value,0.0
BRZE,Braze Inc Class A,US Small Growth,0.0
LOB,Live Oak Bancshares Inc,US Small Blend,0.0
TMDX,TransMedics Group Inc ,US Small Growth,0.0
CZBS,Citizens Bancshares Corp,US Small Value,0.0
TFSIX,Franklin Mutual Financial Services A,** 60 US Mid Value / 40 Intl Mid Value **,0.0137
KNSA,Kiniksa Pharmaceuticals Ltd Class A,US Small Growth,0.0
IOT,Samsara Inc Ordinary Shares - Class A,US Mid Growth,0.0
BOC,Boston Omaha Corp Class A,US Small Growth,0.0
MNDY,Monday.Com Ltd Ordinary Shares,US Mid Growth,0.0
NCNO,Ncino Inc Ordinary Shares,US Small Growth,0.0
NEO,NeoGenomics Inc,US Small Blend,0.0
RNLX,Renalytix PLC ADR,US Small Blend,0.0
WING,Wingstop Inc,US Small Growth,0.0
FWMIX,American Funds Washington Mutual F3 ,** 89 US Large Blend / 7 Intl Large Blend / 4 Cash **,0.0027
QUBT,Quantum Computing Inc,US Micro,0.0
GOBSX,BrandywineGLOBAL Global Opp Bond IS,World Bond,0.0056
FMGGX,Franklin Small-Mid Cap Growth R6,** 92 US Mid Growth / 3 Intl Mid Growth / 5 Cash **,0.0051
PRJQX,PGIM Jennison Global Opportunities R6,** 60 US Large Growth / 40 Intl Large Growth **,0.0083
PWJQX,PGIM Jennison International Opps R6 ,Intl Large Growth,0.0084
FGTXX,Goldman Sachs FS Government Instl,Cash/Money Market,0.0018
MRGKX,MFS Core Equity R6,** 96 US Large Blend / 4 Intl Large Blend **,0.0057
TQPYX,Touchstone Strategic Income Opp Y,High Yield,0.0075
BLPAX,American Funds Moderate Gr & Inc A,**44 US Large Blend / 21 Intl Large Blend / 28 Int-Term Inv. Grade / 7 Cash **,0.0066
TNET,Trinet Group Inc,US Small Blend,0.0
BLPCX,American Funds Moderate Gr & Inc C,**44 US Large Blend / 21 Intl Large Blend / 28 Int-Term Inv. Grade / 7 Cash **,0.0139
DLHIX,Delaware Healthcare I,** 82 US Large Blend  / 18 Intl Large Blend  **,0.0096
HAOSX,Harbor International Core Institutional,Intl Large Blend,0.0085
HAISX,Harbor International Small Cap Instl,Intl Small Value,0.0093
FLCA,Franklin FTSE Canada ETF,Intl Large Blend,0.0009
CULRX,Calvert Ultra-Short Duration Income R6,Short-Term Inv. Grade,0.0043
JSDUX,JPMorgan Short Duration Bond R6,Short-Tern Inv. Grade,0.0028
LUBOX,Lord Abbett Ultra Short Bond F3,Short-Term Inv. Grade,0.0023
MJLXX,JPMorgan Liquid Assets Money Mkt Morgan,Cash/Money Market,0.0059
CARS,Cars.com Inc,US Small Value,0.0
HLTOY,Hellenic Telecommunication Organization SA ADR,Intl Mid Blend,0.0
INCO,Columbia India Consumer ETF,Emerging Large Growth,0.0075
MMTC,Micro Imaging Technology Inc ,US Small Value,0.0
PCOR,Procore Technologies Inc,US Mid Growth,0.0
ATFAX,Invesco Limited Term Municipal Income A,Short-Term Inv. Grade,0.0058
MCFTX,MFS CA Municipal Bond A,Long-Term Inv. Grade,0.007
UMCVX,Invesco VI American Value I,** 77 US Mid Value / 23 Intl Mid Value **,0.0088
SMEAX,Invesco Small Cap Equity A,** 94 US Small Growth / 6 Intl Small Growth **,0.0126
LAMAX,Lord Abbett Dividend Growth A,US Large Blend,0.0092
HDEF,"Xtrackers MSCI EAFE High Div Yld Eq ETF(USD,HDEF)",Intl Large Value,0.002
GSMCX,Goldman Sachs Mid Cap Value Instl,US Mid Blend,0.0083
ACEIX,Invesco Equity and Income A,** 60 Us Large Value / 6 Intl Large Value / 21 Int-Term Inv. Grade / 13 Cash **,0.0079
FKUSX,Franklin US Government Secs A1,Int-Term Inv. Grade,0.0076
LDFVX,Lord Abbett Fundamental Equity A,US Large Value,0.0096
ACGIX,Invesco Growth and Income A,** 90 US Large Value / 10 Intl Large Value,0.0078
LMGAX,Lord Abbett Growth Opportunities A,** 92 US Mid Growth / 8 Intl Mid Growth **,0.0096
FKALX,Federated Hermes Kaufmann Small Cap R6,US Small Growth,0.0089
MINJX,MFS International Intrinsic Value R6,Intl Large Blend,0.0067
SRJCX,JPMorgan SmartRetirement® 2035 C,** 47 US Large Blend / 24 Intl Large Blend / 25 Int-Term Inv. Grade / 4 Cash **,0.0141
SPXCF,Singapore Exchange Ltd,Intl Large Blend,0.0
EWN,iShares MSCI Netherlands ETF,Intl Large Growth,0.005
ATNXQ,"Athenex, Inc.",US Small Value,0.0
FRCB,First Republic Bank ,US Small Value,0.0
TCELX,T. Rowe Price China Evolution Equity,Intl Large Blend,0.014
PREMX,T. Rowe Price Emerging Markets Bond,Int-Term Inv. Grade,0.0099
QCBMIX,CREF Core Bond R3,Int-Term Inv. Grade,0.0023
QCILIX,CREF Inflation-Linked Bond R3,Inflation Protected,0.00185
MAWIX,BlackRock Strategic Global Bond Instl ,World Bond,0.0055
QCGLIX,CREF Global Equities R3,** 65 US Large Blend / 35 Intl Large Blend **,0.0025
QCMMIX,CREF Money Market Account Class R3,Cash/Money Market,0.0018
UUP,Invesco DB US Dollar Bullish,Non-Traditional,0.0075
QCSCIX,CREF Social Choice R3,** 42 US Large Blend / 18 Intl Large Blend / 40 Int-Term Inv. Grade **,0.00205
AFAXX,American Funds US Government MMkt A,Cash/Money Market,0.0052
FNGAX,Franklin Intl Growth A,Intl Large Growth,0.0112
FKBAX,Franklin Total Return A,Int-Term Inv. Grade,0.0091
FRSTX,Franklin Strategic Income A,Short-Term Inv. Grade,0.0093
FI,Fiserv Inc,US Large Blend,0.0
QTEC,First Trust NASDAQ-100-Tech Sector ETF,** 90 US Large Growth / 10 Intl Large Growth **,0.0057
TECB,iShares US Tech Breakthrough Mltsctr ETF,US Large Growth,0.004
JEPAX,JPMorgan Equity Premium Income A,US Large Blend,0.0085
ANCTF,Alimentation Couche-Tard Inc,Intl Large Blend,0.0
BKPIX,ProFunds Banks UltraSector Inv,US Large Value,0.0171
ASC,Ardmore Shipping Corp,Intl Small Blend,0.0
HDSN,Hudson Technologies Inc,US Small Growth,0.0
SPYI,NEOS S&P 500(R) High Income ETF,US Large Blend,0.0068
PPNAX,Putnam Strategic Intermediate Muncpl A,Int-Term Inv. Grade,0.0084
PGEOX,George Putnam Balanced A,** 61 US Large Blend / 39 Int. Term Inv. Grade ** ,0.0094
PMYAX,Putnam Core Equity Fund A,US Large Blend,0.0099
AGOVX,Invesco Income A,Non-Traditional,0.0097
CWVIX,Calvert International Equity I,Intl Large Growth,0.0089
FBGKX,Fidelity® Blue Chip Growth K,US Large Growth,0.0059
VCSAX,Vanguard Consumer Staples Index Admiral,US Large Blend,0.001
ALSRX,Alger Small Cap Growth Institutional I,** 89 US Small Growth / 11 Intl Small Growth **,0.013
FDHIX,First Trust Short Duration High Inc I,Bank Loans,0.01
DSEP,FT Cboe Vest US Equity Dp Bffr ETF Sep,US Large Blend,0.0085
SIVBQ,SVB Financial Group,US Mid Blend,0.0
FDTX,Fidelity® Disruptive Technology ETF,** 77 US Large Growth / 23 Intl Large Growth **,0.005
FMED,Fidelity® Disruptive Medicine ETF,** 93 US Mid Growth / 7 Intl Mid Growth **,0.005
FDCF,Fidelity® Disruptive Communications ETF ,** 83 US Large Growth / 17 Intl Large Growth **,0.005
APDMX,Artisan Mid Cap Advisor,US Mid Growth,0.0105
VUIAX,Vanguard Utilities Index Adm,US Mid Value,0.001
JBGAX,JHancock Blue Chip Growth A ,US Large Growth,0.0114
VIESX,Virtus KAR Emerging Markets Small-Cap I,** 54 Intl Mid Growth / 46 Emerging Mid Growth **,0.015
GIFIX,Guggenheim Floating Rate Strats Instl,Bank Loans,0.0078
MINGX,MFS International Intrinsic Value R3,Intl Large Blend,0.0103
GBIAX,Nationwide Bond Index A,Int-Term Inv. Grade,0.0065
GIIAX,Nationwide International Index A,Intl Large Blend,0.0069
GMXAX,Nationwide Mid Cap Market Idx A,US Mid Blend,0.0069
TWEIX,American Century Equity Income Inv ,** 79 US Large Value / 21 Intl Large Value **,0.0093
VDVIX,Vanguard Developed Markets Index Inv,Intl Large Blend,0.0016
GMRAX,Nationwide Small Cap Index A ,US Small Blend,0.0068
AMRS,Amyris Inc,US Small Value,0.0
SSPIX,SEI S&P 500 Index F (SIMT) ,US Large Blend,0.0025
JAAA,Janus Henderson AAA CLO ETF,Short-Term Inv. Grade,0.0022
ARGX,argenx SE ADR,Intl Mid Growth,0.0
XBRAF,Xebra Brands Ltd,US Small Value,0.0
FFBOX,American Funds Bond Fund of Amer 529-F-2,Int-Term Inv. Grade,0.0033
IGPT,Invesco AI and Next Gen Software ETF,** 87 US Large Growth / 13 Intl Large Growth **,0.006
IMCDY,IMCD NV ADR,Intl Mid Blend,0.0
DGCIX,Delaware Corporate Bond Inst,Int-Term Inv. Grade,0.0057
PLTPX,PIMCO Long-Term US Government I2,Long-Term Inv. Grade,0.00575
KHDHF,KHD Humboldt Wedag International AG,Intl Small Value,0.0
PRTIX,T. Rowe Price US Treasury Interm Idx,Int-Term Inv. Grade,0.0027
FLLA,Franklin FTSE Latin America ETF,Intl Large Value,0.0019
FLGB,Franklin FTSE United Kingdom ETF ,Intl Large Blend,0.0009
FLJP,Franklin FTSE Japan ETF,Intl Large Blend,0.0009
ODD,Oddity Tech Ltd Class A,US Small Growth,0.0
VTC,Vanguard Total Corporate Bond ETF,Int-Term Inv. Grade,0.0004
BEDZ,AdvisorShares Hotel ETF,** 80 US Mid Growth / 20 Intl Mid Growth **,0.0099
CBLAX,Columbia Balanced A ,** 55 US Large Growth / 45 Int-Term Inv. Grade **,0.0092
DXF,Dunxin Financial Holdings Ltd ADR,Intl Small Value,0.0
CRXPF,Vert Infrastructure Ltd,Intl Small Growth,0.0
GEG,Great Elm Group Inc,US Small Value,0.0
TNWCX,TIAA-CREF Social Choice LwCrbn Eq Instl,US Large Growth,0.0031
SCIJX,Hartford Schroders International Stk SDR,Intl Large Growth,0.0071
ASVDX,American Century Small Cap Value R6,US Small Value,0.0074
TRLIX,TIAA-CREF Large-Cap Value Instl ,US Large Value,0.0041
TISEX,TIAA-CREF Quant Small-Cap Equity Instl,US Small Value,0.0042
TECL,Direxion Daily Technology Bull 3X ETF,** 81 US Large Growth / 19 Cash **,0.0097
OPTT,Ocean Power Technologies Inc,US Small Value,0.0
REFR,Research Frontiers Inc,US Small Blend,0.0
UTMD,Utah Medical Products Inc,US Small Blend,0.0
SMCI,Super Micro Computer Inc,US Small Growth,0.0
ROM,ProShares Ultra Technology,** 88 US Large Growth / 12 Cash **,0.0096
BRTXX, BlackRock Liquidity TempFund Cash Mgmt,Cash/Money Market,0.0068
SNPE,Xtrackers S&P 500 ESG ETF,US Large Blend,0.001
SBOW,SilverBow Resources Inc,US Small Value,0.0
VGO,VIGO Photonics SA,Intl Small Blend,0.0
BSFIX,Baron Small Cap Instl,** 93 US Small Growth / 3 Intl Small Growth / 4 Cash **,0.0104
TQMIX,AMG TimesSquare Mid Cap Growth I,** 89 US Mid Growth / 7 Intl Mid Growth / 4 Cash **,0.0103
BCOIX,Baird Core Plus Bond Inst,Int-Term Inv. Grade,0.003
FIKOX,Fidelity Advisor® Corporate Bond Z,Int-Term Inv. Grade,0.0036
FIFRX,Franklin Growth R6,** 95 US Large Growth / 5 Intl Large Growth **,0.0047
FIQSX,Fidelity Advisor® Floating Rate Hi Inc Z,Bank Loans,0.0062
FIKPX,Fidelity Advisor® Government Income Z,Long-Term Inv. Grade,0.0036
FIWDX,Fidelity Advisor® Strategic Income Z,** 45 Int-Term Inv. Grade / 55 High Yield **,0.0062
RLBEX,American Funds American Balanced R4,** 55 US Large Blend / 7 Intl Large Blend / 31 Int-Term Inv. Grade / 7 Cash **,0.006
CGDV,Capital Group Dividend Value ETF,** 92 US Large Value / 8 Intl Large Value **,0.0033
DFNL,Davis Select Financial ETF,** 75 US Large Value /  25 Intl Large Value **,0.0063
DUSA,Davis Select US Equity ETF,US Large Value,0.0061
DWLD,Davis Select Worldwide ETF,** 50 US Large Blend / 50 Intl Large Blend **,0.0063
FLLV,Franklin U.S. Low Volatility ETF,US Large Blend,0.0029
ATPYX,Aquila High Income Y,High Yield,0.0101
HDPSX,Hodges Small Cap,US Small Blend,0.0128
MRFOX,Marshfield Concentrated Opportunity,** 90 US Large Blend / 10 Cash **,0.0102
FMPDC,Fidelity VIP FundsManager 85,** 52 US Large Growth / 35 Intl Large Growth / 13 Int-Term Inv. Grade **,0.0087
FAMRX,Fidelity Asset Manager® 85%,** 52 US Large Growth / 37 Intl Large Growth / 11 Int-Term Inv. Grade **,0.0069
FGDKX,Fidelity® Growth Discovery K,** 86 US Large Growth / 14 Intl Large Growth **,0.0073
FNSFX,Fidelity Freedom® 2060 K,** 48 US Large Blend / 40 Intl Large Blend / 12 Long-Term Inv. Grade **,0.0065
AVTA,Avantax Inc ,US Small Value,0.0
SVOL,Simplify Volatility Premium ETF,** 15 US Large Blend / 30 Int-Term Inv. Grade / 40 Non-Traditional / 15 Cash **,0.0066
VSCVX,Victory Integrity Small-Cap Value A,US Small Value,0.0143
MFRHX,MFS Research R3,US Large Growth,0.0079
FDNRX,Franklin DynaTech R,** 90 US Large Growth / 10 Intl Large Growth **,0.0107
FMDRX,Franklin Mutual Global Discovery R6,** 50 US Large Value / 50 Intl Large Value **,0.0092
MDLVX,BlackRock Advantage Large Cap Val Inv A,US Large Value,0.0079
NFEAX,Columbia Large Cap Growth Opp A,US Large Growth,0.0105
CVMRX,Calvert Emerging Markets Equity R6,** 56 Intl Large Growth / 44 Emerging Large Growth **,0.0092
ESBLX,Eaton Vance Floating Rate R6,Bank Loans,0.0069
PFRSX,Principal Real Estate Securities Fd R-6,US Real Estate,0.008
SFCNX,Allspring California Ltd-Trm Tx-FrInst,Int-Term Inv. Grade,0.005
GSAT,"Globalstar, Inc.",US Small Value,0.0
TSNAX,Touchstone Sands Capital Select Growth A ,US Large Growth,0.0113
QCGRIX,CREF Growth R3,US Large Growh,0.00215
INKM,SPDR® SSgA Income Allocation ETF,** 27 US Mid Value / 9 Intl Mid Value / 44 Int-Term Inv. Grade / 20 Non-Traditional **,0.005
FRCSX,Franklin Small Cap Value R6 ,** 90 US Small Value / 10 Intl Small Value **,0.006
VICR,Vicor Corp,US Small Growth,0.0
UCSBX,Victory CA Bond,Long-Term Inv. Grade,0.0059
UCMCX,Victory Cornerstone Moderately Cnsrv,** 24 US Large Value / 20 Intl Large Value / 56 Int-Term Inv. Grade **,0.0124
USISX,Victory Income Stock,US Large Value,0.0074
USAGX,Victory Precious Metals and Minerals,** 13 US Mid Value / 87 Intl Mid Value **,0.0118
USGNX,Victory Government Securities,Int-Term Inv. Grade,0.0053
MTOIX,MainStay Income Builder I,** 38 US Large Value / 21 Intl Large Value / 41 Int-Term Inv. Grade **,0.0077
TIGR,UP Fintech Holding Ltd ADR,Intl Small Value,0.0
HY,Hyster-Yale Materials Handling Inc Class A,US Small Value,0.0
FMCVX,Franklin MicroCap Value R6,US Micro,0.0088
WOMN,Impact Shares YWCA Women's Empwrmt ETF,US Large Blend,0.0075
BLNDX,Standpoint Multi-Asset Institutional,Non-Traditional,0.013
GWMGF,Great Western Minerals Group Ltd,Intl Small Value,0.0
TSLL,Direxion Daily TSLA Bull 1.5X Shares,Non-Traditional,0.0108
ASGI,abrdn Global Infrastructure Income Fund ,** 31 US Large Blend / 53 Intl Large Blend / 16 Non-Traditional **,0.0135
ECAT,BlackRock ESG Capital Allocation Term,** 39 Us Large Growth / 18 Intl Large Growth / 39 Short-Term Inv. Grade / 4 Cash ** ,0.013
RPBAX,T. Rowe Price Balanced,** 43 US Large Blend / 21 Intl Large Blend / 33 Int-Term Inv. Grade / 3 Cash **,0.0061
CVTA,Corteva Inc ,Intl Mid Blend,0.0
LTCAX,Thornburg CA Limited-Term Muni A ,Int-Term Inv. Grade,0.0074
FTGFX,Templeton Growth R6,** 50 US Large Blend / 50 Intl Large Blend **,0.0074
LPG,Dorian LPG Ltd,US Small Blend,0.0
LVPA,Lvpai Group Ltd,Intl Small Value,0.0
ATLC,Atlanticus Holdings Corp,US Small Value,0.0
DHT,DHT Holdings Inc ,US Small Blend,0.0
EVC,Entravision Communications Corp Class A,US Small Value,0.0
ETD,Ethan Allen Interiors Inc,US Small Value,0.0
FNLC,First Bancorp Inc,US Small Value,0.0
FRBA,First Bank,US Small Value,0.0
ITOS,ITeos Therapeutics Inc Ordinary Shares,US Small Value,0.0
SIGA,SIGA Technologies Inc,US Small Value,0.0
FDEVX,Templeton Developing Markets R6,** 60 Emerging Large Value / 40 Intl Large Value **,0.01
SPFI,South Plains Financial Inc,US Small Value,0.0
TMFG,Motley Fool Global Opportunities ETF,** 66 US Large Growth / 34 Intl Large Growth **,0.0085
ATHpC,Athene Holding Ltd Pref Share,Preferred Stock,0.0
CpJ,Citigroup Inc Pref Share,Preferred Stock,0.0
DUKpA,Duke Energy Corp Pref Share,Preferred Stock,0.0
ALLpJ,Allstate Corp Pref Share,Preferred Stock,0.0
FpC,Ford Motor Company 6.20% Notes,Preferred Stock,0.0
RZC,REINSURANCE GROUP OF AMERICA Inc. 7.125% Fixed-Rate Reset Sub. Deb. due 2052,Non-Traditional,0.0
DSPIX,BNY Mellon Instl S&P 500 Stk Idx I,US Large Blend,0.0021
GRNT,Granite Ridge Resources Inc Ordinary Shares - Class A ,US Small Growth,0.0
FTFGX,Templeton Foreign R6,** 85 Intl Large Value / 10 Emerging Large Value / 5 US Large Value **,0.0071
TAMVX,T. Rowe Price Mid-Cap Value Adv,US Mid Value,0.0107
ACTDX,Invesco High Yield Municipal Y,High Yield,0.006
FSEIX,Nuveen Mid Cap Value I,US Mid Value,0.0091
PSYGX,Putnam Small Cap Growth Y ,** 90 US Small Growth / 10 Intl Small Growth **,0.01
MSSCX,AMG Frontier Small Cap Growth I ,** 89 US Small Growth / 7 Intl Small Growth / 4 Cash **,0.0094
JEPRX,JPMorgan Equity Premium Income R6 ,US Large Blend,0.0035
JHTCX,JPMorgan Hedged Equity 3 C,Non-Traditional,0.0135
CNSDX,Invesco Convertible Securities Y ,Non-Traditional,0.0069
FGKNX,Franklin Strategic Income R6,** 60 Int-Term Inv. Grade / 40 High Yield **,0.0052
REXRpB,Rexford Industrial Realty Inc Pref Share,Preferred Stock,0.0
HERO,Global X Video Games & Esports ETF,** 32 US Mid Growth / 68 Intl Mid Growth **,0.005
COCM,Comerton Corp,US Small Value,0.0
FUSEF,Fuse Battery Metals Inc,US Small Value,0.0
BLKCF,Global Gaming Technologies Corp ,US Small Growth,0.0
HZHI,Horizons Holdings International Corp,US Small Blend,0.0
IMXI,International Money Express Inc,US Small Blend,0.0
PWRMF,Power Metals Corp,Intl Small Blend,0.0
BOSS,Global X Founder-Run Companies ETF,Non-Traditional,0.0045
PSCC,Invesco S&P SmallCap Consumer Stapl ETF,US Small Blend,0.0029
FZCXX,Fidelity Government Money Market Fund,Cash/Money Market,0.0032
MXSBX,Empower SecureFoundation® Bal Inv,** 40 US Large Blend / 40 Int-Term Inv. Grade / 20 Intl Large Blend **,0.006
GBCHF,Metaverse Capital Corp Ordinary Shares,Non-Traditional,0.0
IAI,iShares US Broker-Dealers&Secs Exchs ETF,US Large Blend,0.004
HYEG,Hydrogen Engine Center Inc,US Small Growth,0.0
PHK,PIMCO High Income,High Yield,0.0092
FLSAX,Fidelity Advisor® Leveraged Co Stk A,** 90 US Large Growth / 10 Intl Large Growth **,0.0105
FXN,First Trust Energy AlphaDEX® ETF,US Mid Value,0.0062
WEMAX,Allspring Emerging Growth A,US Small Growth,0.0127
FDBAX,Federated Hermes Corporate Bond A ,Int-Term Inv. Grade,0.0086
FTRE,Fortrea Holdings Inc,US Small Blend,0.0
PZIEX,Pzena Emerging Markets Value Instl,Emerging Large Value,0.0
MXLSX,Empower Small Cap Value Inv,US Small Value,0.0109
UNCRY,UniCredit SpA ADR ,Intl Large Blend,0.0
ENDPQ,Endo International PLC,Intl Small Value,0.0
SHYTX,DWS Strategic High Yield Tax-Free S,High Yield,0.0057
KREF,KKR Real Estate Finance Trust Inc,US Small Value,0.0
GCXXF,Granite Creek Copper Ltd,Intl Small Blend,0.0
NTCPF,NorthIsle Copper and Gold Inc,Intl Small Value,0.0
OBE,Obsidian Energy Ltd,Intl Small Blend,0.0
VLTO,Veralto Corp,US Mid Blend,0.0
MXINX,Empower International Index Inv,Intl Large Blend,0.0065
NFRA,FlexShares STOXX Global Broad Infras ETF,** 40 US Large Value /  60 Intl Large Value **,0.0047
EWZS,iShares MSCI Brazil Small-Cap ETF,Emerging Mid Blend,0.0058
NTAUX,Northern Tax-Advantaged U/S Fxd Inc,Cash/Money Market,0.0025
TRNEX,T. Rowe Price New Era I,** 57 US Large Value / 43 Intl Large Value **,0.0056
HYGV,FlexShares HY Val-Scrd Bd ,High Yield,0.0037
GRTS,Gritstone Bio Inc ,US Small Value,0.0
UWM,ProShares Ultra Russell2000,** 94 US Small Blend / 6 Cash **,0.0095
TCMGX,TIAA-CREF Mid-Cap Growth Retail,** 82 US Mid Growth / 18 Intl Mid Growth **,0.0078
RCSIX,RBC Small Cap Core I ,US Small Blend,0.0091
CART,Maplebear Inc,US Small Blend,0.0
HDUP,"HeadsUp Entertainment International Inc(USD,HDUP)",Intl Small Blend,0.0
KLG,WK Kellogg Co,US Small Blend,0.0
TRPBX,T. Rowe Price Spectrum Moderate Allc Inv,** 40 US Large Blend / 19 Intl Large Blend / 32 Int-Term Inv Grade / 9 Cash **,0.0075
NAMAX,Columbia Select Mid Cap Value Instl,US Mid Blend,0.0088
NGUAX,Neuberger Berman Large Cap Growth Inv,US Large Growth,0.0083
LVHD,Franklin U.S. Low Volatility Hi Div ETF ,US Mid Value,0.0027
TWEBX,"Tweedy, Browne Value",** 35 US large Blend / 60 Intl Large Blend / 5 Cash **,0.014
QUS,SPDR® MSCI USA StrategicFactors ETF,US Large Blend,0.0015
MXREX,Empower Real Estate Index Inv,US Real Estate,0.007
RYCIX,Rydex Consumer Products Inv,** 92 US Large Blend / 8 Intl Large Blend **,0.0139
PHYRX,PIMCO High Yield R,High Yield,0.0115
HARSX,Carillon Eagle Mid Cap Growth R5,US Mid Growth,0.0074
VETAX,Victory Sycamore Established Value A,** 95 US Mid Blend / 5 Intl Mid Blend ** ,0.009
FLPKX,Fidelity Low-Priced Stock K,** 60 US Mid Value / 40 Intl Mid Value **,0.0084
SMTCX,JPMorgan SmartRetirement® 2040 C,** 52 US Large Blend / 28 Intl Large Blend / 16 Int-Term Inv. Grade / 5 Cash **,0.014
FKUQX,Franklin Utilities A,** 95 US Mid Value / 5 Intl Mid Value **,0.0082
FLGC,Flora Growth Corp,US Small Value,0.0
IBRX,ImmunityBio Inc Ordinary Shares,US Small Blend,0.0
NTWK,NETSOL Technologies Inc,US Small Value,0.0
RNSDF,Renault SA,Intl Mid Value,0.0
VTECF,Vortex Energy Corp Ordinary Shares,US Small Value,0.0
YAMHF,Yamaha Motor Co Ltd,Intl Large Value,0.0
SWYHX,Schwab Target 2045 Index,** 60 US Large Blend / 27 Intl Large Blend / 13 Cash **,0.0008
ALGT,Allegiant Travel Co,US Small Growth,0.0
GDRX,GoodRx Holdings Inc Ordinary Shares - Class A ,US Small Blend,0.0
PLNH,Planet 13 Holdings Inc Ordinary Shares,US Small Value,0.0
MEDIF,MediPharm Labs Corp,US Small Value,0.0
SPXCY,Singapore Exchange Limited,Intl Large Blend,0.0
PCSFX,Principal Capital Securities S,** 47 Long-Term Inv. Grade / 53 Preferred Stock **,0.0
NBLWF,Noble Corporation plc,Intl Small Value,0.0
VMO,Invesco Muni Opps. Trust,Int-Term Inv. Grade,0.0176
WFRD,Weatherford International PLC Ordinary Shares,Intl Small Growth,0.0
WFDAX,Allspring Discovery SMID Cap Gr A,US Mid Growth,0.012
DHLGY,DHL Group ADR,Intl Large Value,0.0
MBGYY,Mercedes-Benz Group AG ADR,Intl Large Value,0.0
KCE,SPDR® S&P Capital Markets ETF,US Mid Value,0.0035
AGRPY,Absa Group Ltd ADR,Emerging Mid Value,0.0
AAAUX,American Century Strat Allc: Agrsv R6,** 50 US Large Blend / 22 Intl Large Blend / 22 Int-Term Inv. Grade / 6 Cash **,0.0045
ANBGX,American Funds Strategic Bond F3,** 91 Int-Term Inv. Grade / 9 Cash **,0.0033
MGRAX,MFS International Growth A,Intl Large Growth,0.0108
VZICX,Vanguard International Core Stock Adm,Intl large Blend,0.0038
VWICX,Vanguard International Core Stock Inv,Intl Large Blend,0.0048
FDSVX,Fidelity Growth Discovery,** 85 US Large Growth / 15 Intl Large Growth **,0.0083
ARGT,Global X MSCI Argentina ETF,Intl Mid Growth,0.0059
ALFVY,Alfa Laval AB ADR,Intl Mid Blend,0.0
FZIPX,Fidelity ZERO Extended Market Index ,US Small Blend,0.0
TENB,Tenable Holdings Inc,US Small Growth,0.0
FHIFX,Fidelity Focused High Income,High Yield,0.0075
BYD,Boyd Gaming Corp,US Small Blend,0.0
LINKX,BlackRock LifePath® Index 2030 K,** 34 US Large Blend / 20 Intl Large Blend / 46 Int-Term Inv. Grade **,0.0009
IEOHX,Voya Large Cap Growth Port I,US Large Growth,0.0067
JEPQ,JPMorgan Nasdaq Equity Premium Inc ETF,** 80 US Large Growth / 20 Non-Traditional **,0.0035
MMHYX,MFS Municipal High Income A ,High Yield,0.0061
AHCHY,Anhui Conch Cement Co Ltd ADR,Emerging Large Value,0.0
TFILX,T. Rowe Price Tax Free Income I,Int-Term Inv. Grade,0.0047
TTSIX,T. Rowe Price Tax-Free Shrt-Interm I,Short-Term Inv. Grade,0.0037
XSMO,Invesco S&P SmallCap Momentum ETF,US Small Growth,0.0039
PDDXX,Putnam Money Market A ,Cash/Money Market,0.0047
PDINX,Putnam Diversified Income A,Int-Term Inv. Grade,0.0104
HTBK,Heritage Commerce Corp,US Small Value,0.0
RLMD,Relmada Therapeutics Inc,US Small Value,0.0
SDZNY,Sandoz Group AG ADR,Intl Large Growth,0.0
FTRNX,Fidelity Trend,** 93 US Large Growth / 7 Intl Large Growth **,0.0058
ETILX,Eventide Gilead I,** 85 US Mid Growth / 15 Intl Mid Growth **,0.0118
TAST,Carrols Restaurant Group Inc,US Small Value,0.0
AWI,Armstrong World Industries Inc,US Small Blend,0.0
ETIHX,Eventide Healthcare & Life Sciences I,** 86 US Small Growth / 6 Intl Small Growth / 8 Non-Traditional **,0.0131
ETIMX,Eventide Balanced Fund Class I,** 50 US Mid Blend / 50 Int-Term Inv. Grade **,0.0082
ETIDX,Eventide Dividend Opportunities I,** 94 US Mid Blend / 6 Intl Mid Blend **,0.0095
GEMZX,GuideStone Funds Emerging Mkts Eq Inv,**58 Intl Large Blend / 42 Emerging Large Blend ,0.0141
GDMZX,GuideStone Funds Defensv Mkt Strats Inv,** 47 US Large Blend / 40 Int-Term Inv. Grade / 13 Non-Traditional **,0.0096
GSCZX,GuideStone Funds Small Cap Equity Inv,** 94 US Small Blend / 6 Intl Small Blend **,0.0121
GVEZX,GuideStone Funds Value Equity Investor,** 91 US Large Value / 9 Intl Large Value **,0.0092
MIIIX,Praxis Impact Bond I,Int-Term Inv. Grade,0.0049
MMDEX,Praxis Growth Index I,US Large Growth,0.0036
AVEFX,Ave Maria Bond,** 17 US Large Value / 75 Intl Large Value / 8 Cash **,0.0042
AHKSY,Asahi Kasei Corp ADR,Intl Large Value,0.0
TICIX,Timothy Plan Israel Common Values I,** 11 US Mid Blend / 89 Intl Mid Blend **,0.0157
TPHIX,Timothy Plan High Yield Bond I,High Yield,0.0099
TPIIX,Timothy Plan International I,Intl Large Blend,0.0135
BIBL,Inspire 100 ETF,US Mid Growth,0.0035
IBD,Inspire Corporate Bond ETF,Int-Term Inv. Grade,0.0045
EVER,EverQuote Inc Class A,US Small Value,0.0
RADCQ,Rite Aid Corp,US Small Value,0.0
CWEB,Direxion Dly CSI CHN Itnet Bull 2X Shrs,** 38 Emerging Large Growth / 15 Non-Traditional / 47 Cash **,0.0133
PBE,Invesco Biotechnology & Genome ETF,US Small Growth,0.0058
EVX,VanEck Environmental Svcs ETF,** 85 US Mid Growth / 15 Intl Mid Growth **,0.0055
ASMVY,ASMPT Ltd ADR,Intl Mid Value,0.0
SMOG,VanEck Low Carbon Energy ETF,** 35 US Large Growth / 65 Intl Large Growth **,0.0061
JJCTF,iPath® Bloomberg Copper SubTR ETN,Commodities,0.0075
LXU,LSB Industries Inc,US Small Value,0.0
SMSI,Smith Micro Software Inc,US Small Value,0.0
BUFMX,Buffalo Mid Cap,** 96 US Mid Growth / 1 Intl Mid Growth / 3 Cash **,0.0103
VVX,V2X Inc,US Small Value,0.0
SBFFX,American Funds ST Bd Fd of Amer F2,Short-Term Inv. Grade,0.004
AZTA,Azenta Inc,US Small Growth,0.0
BOE,BlackRock Enhanced Glbl Div Trust,** 55 US Large Blend / 45 Intl Large Blend **,0.0089
GGN,GAMCO Glb Gold Natural Res & Income,** 33 US Large Value / 49 Intl Large Value / 2 Long-Term Inv. Grade / 16 Cash **,0.0139
CMSCX,Columbia Small Cap Growth Inst,US Small Growth,0.0099
NMM,Navios Maritime Partners LP ,US Small Value,0.0
NHFIX,Northern High Yield Fixed Income,High Yield,0.006
SRCH,Searchlight Minerals Corp,US Small Value,0.0
CZBC,Citizens Bancorp,US Large Value,0.0
ORTYX,Aquila Tax-Free Trust of Oregon Y ,Int-Term Inv. Grade,0.0055
HDV,"iShares Core High Dividend ETF(USD,HDV)",US Large Value,0.0008
PSCD,Invesco S&P SmallCap Cnsmr Discret ETF,US Small Value,0.0029
CIVI,Civitas Resources Inc Ordinary Shares,US Small Value,0.0
ESEA,Euroseas Ltd ,Intl Small Blend,0.0
GSLpB,Global Ship Lease Inc Pref Share,Preferred Stock,0.0
HRZN,Horizon Technology Finance Corp,US Small Value,0.0
SRV,NXG Cushing Midstream Energy ord,MLP,0.0312
PILBF,Pilbara Minerals Ltd,Intl Mid Blend,0.0
TPZ,Tortoise Power & Energy Infrastructure,MLP,0.0151
ACV,Virtus Diversified Inc & Conv Fund,Non-Traditional,0.0406
BDORY,Banco do Brasil SA BB Brasil ADR,Emerging Large Value,0.0
WFL,Wellfully Ltd,Intl Small Value,0.0
CRT,Cross Timbers Royalty Trust ,US Small Value,0.0
BSM,Black Stone Minerals LP Partnership Units,US Small Value,0.0
GLP,Global Partners LP,US Small Value,0.0
ARNGF,Argonaut Gold Inc,Intl Small Value,0.0
FPAY,FlexShopper Inc,US Small Value,0.0
PR,Permian Resources Corp Class A,US Small Value,0.0
UIVM,VictoryShares International Val MomtETF,Intl Large Value,0.0035
TEMGX,Templeton Global Smaller Comp A,** 46 US Small Blend / 54 Intl Small Blend **,0.0132
TGVAX,Thornburg International Equity A,** 80 Intl Large Blend / 10 Emerging Large Blend / 10 Cash **,0.0123
BKKLY,Bangkok Bank PCL ADR,Emerging Large Value,0.0
JETAX,abrdn Global Equity Impact A,** 50 US Large Growth / 25 Intl Large Growth / 25 Emerging Large Growth **,0.0115
LACAX,Columbia Acorn A,US Mid Growth,0.0108
PSPFX,US Global Investors Global Res ,** 25 US Small Growth / 70 Intl Small Growth / 5 Cash **,0.016
FXY,Invesco CurrencyShares® Japanese Yen,Intl Large Blend,0.004
MVSSX,Victory Integrity Small-Cap Value R6,US Small Value,0.0096
PBMPX,Principal Core Plus Bond R5,Int-Term Inv. Grade,0.0077
PBRNX,PIMCO RealPath Blend Income Instl,** 20 US Large Blend / 20 Intl Large Blend / 60 Int-Term Inv. Grade **,0.0051
VSMIX,Invesco Small Cap Value Y ,** 80 US Small Value / 20 Intl Small Value **,0.0085
MNDKX,MFS New Discovery R6,** 83 US Small Growth / 14 Intl Small Growth / 3 Cash **,0.009
EU,enCore Energy Corp,US Small Growth,0.0
BPHLY,Bank of the Philippine Islands ADR,Emerging Large Blend,0.0
IZOZF,Izotropic Corp,US Small Value,0.0
OMMSF,Omineca Mining and Metals Ltd,Intl Small Blend,0.0
BOIL,ProShares Ultra Bloomberg Natural Gas,Commodities,0.0124
ANLDF,Anfield Energy Inc,US Small Value,0.0
NFUNF,Nuclear Fuels Inc,US Small Value,0.0
TTCFQ,Tattooed Chef Inc Ordinary Shares - Class A,US Small Value,0.0
SSDLX,State Street Target Retirement 2050 K,** 50 US Large Blend / 36 Intl Large Blend / 11 Short-Term Treasury / 3 Cash **,0.0009
CPU,Computershare Ltd,Intl Large Blend,0.0
ALPMF,Astellas Pharma Inc,Intl Large Blend,0.0
MHI,Pioneer Municipal High Income,High Yield,0.0162
BKRKY,PT Bank Rakyat Indonesia (Persero) Tbk ADR,Emerging Large Blend,0.0
NTG,Tortoise Midstream Energy Fund,** 86 US Mid Value / 12 Intl Mid Value / 2 High Yield **,0.0314
TBIL,US Treasury 3 Month Bill ETF,Short-Term Treasury,0.0015
TPYP,Tortoise North American Pipeline,** 99 US Mid Value / 1 Cash **,0.004
RSPI,RespireRx Pharmaceuticals Inc,US Small Value,0.0
CAVA,Cava Group Inc,US Small Growth,
FELG,Fidelity Enhanced Large Cap Growth ETF,US Large Growth,0.0018
FFFCX,Fidelity Freedom 2010,** 12 US Large Blend / 16 Intl Large Blend / 36 Int-Term Inv. Grade / 21 Short-Term Inv. Grade / 13 High Yield / 2 Cash **,0.0048
NVTAQ,Invitae Corp,US Small Value,0.0
MYNZ,Mainz Biomed NV,US Small Blend,0.0
BESIY,BE Semiconductor Industries NV ADR,Intl Mid Blend,0.0
JSMVX,Jackson Square SMID-Cap Growth Inv,** 95 US Mid Blend / 5 Intl Mid Blend **,0.0122
ZRFY,Zerify Inc,US Small Value,0.0
JATNX,Janus Henderson Glb Tech and Innovt N ,** 81 US Large Growth / 17 Intl Large Growth / 2 Cash **,0.0067
RSPN,Invesco S&P 500® Equal Wt Indls ETF,US Mid Blend,0.004
KNG,FT Cboe Vest S&P 500® Dv Ast Tgt Inc ETF ,** 98 US Mid Blend / 2 Intl Mid Blend **,0.0075
CGXU,Capital Group International Focus Eq ETF,** 3 US Large Growth / 95 Intl Large Growth / 2 Cash **,0.0054
QEPC,Q.E.P. Co Inc,US Small Value,0.0
EGY,VAALCO Energy Inc,US Small Value,0.0
SCYB,Schwab High Yield Bond ETF,High Yield,0.0003
CYTR,CytRx Corp,US Small Blend,0.0
BKGFY,Berkeley Group Holdings (The) PLC ADR,Intl Mid Value,0.0
YINN,Direxion Daily FTSE China Bull 3X ETF,** 60 Intl Large Growth / 40 Cash **,0.0147
DAPP,VanEck Digital Trfmt ETF,** 73 US Small Growth / 27 Intl Small Growth **,0.0051
NITXX,Northern Institutional Treasury,** 78 Cash / 22 Short-Term Treasury **,0.0015
PROVX,Provident Trust Strategy,** 8 Cash / 92 US Large Blend **,0.0097
ODIYX,Invesco Discovery Y,US Small Growth,0.0079
AZEK,The AZEK Co Inc Class A,US Small Blend,0.0
KEGX,Key Energy Services Inc,US Small Value,0.0
AMLI,American Lithium Corp,US Small Growth,0.0
FKNIX,Franklin NY Intermediate T/F Income A1,Int-Term Inv. Grade,0.0072
BDVSY,Bidvest Group Ltd ADR,Emerging Mid Blend,0.0
ARDVX,American Century One Choice 2040 Inv,** 42 US Large Blend / 20 Intl Large Blend / 38 Int-Term Inv. Grade **,0.0085
WVVIP,Willamette Valley Vineyards Inc Pref Share,Preferred Stock,0.0
VOC,VOC Energy Trust,US Small Value,0.0
GTSFX,Invesco Small Cap Growth R6,** 93 US Small Growth / 6 Intl Small Growth / 1 Cash **,0.0074
TIMVX,TIAA-CREF Mid-Cap Value Instl,** 96 US Mid Blend / 4 Intl Mid Blend **,0.0046
POVYX,Putnam International Equity Y,** 5 US Large Blend / 93 Intl Large Blend / 2 Cash **,0.0101
BF.A,Brown-Forman Corp Class A,US Mid Blend,0.0
MASRX,BlackRock S&P 500 Index Fund,US Large Growth,0.00193
SHOT,Safety Shot Inc ,US Small Growth,0.0
SCIEX,Hartford Schroders International Stk I,** 7 US Large Growth / 91 Intl Large Growth / 2 Cash **,0.0079
EGIEY,ENGIE Brasil Energia SA ADR,Emerging Large Blend,0.0
SPLM,Sentry Petroleum Ltd,US Small Growth,0.0
IBIT,iShares Bitcoin Trust ETF,Non-Traditional,0.0012
PEXMX,T. Rowe Price Extended Equity Market Idx,** 98 US Small Growth / 2 Intl Small Growth **,0.0025
MINO,PIMCO Muncpl Income Oppos Act Ex-Trd,** 22 Cash / 78 Long-Term Inv. Grade **,0.0039
CMWAY,Commonwealth Bank of Australia ADR,Intl Large Blend,0.0
MSBHF,Mitsubishi Corp,Intl Large Value,0.0
ANYYY,Aena SME SA ADR,Intl Large Growth,0.0
PFFV,Global X Variable Rate Preferred ETF,Long-Term Inv. Grade,0.0025
KAUIX,Federated Hermes Kaufmann IS,** 80 US Mid Growth / 12 Intl Mid Growth / 8 Cash **,0.0152
EKJYX,Allspring Premier Large Co Gr Inst,** 98 US Large Growth / 2 Intl Large Growth **,0.007
EPOKY,Epiroc AB DR,Intl Large Growth,0.0
KURA,Kura Oncology Inc,US Small Value,0.0
PYXS,Pyxis Oncology Inc,US Small Value,0.0
MTUS,Metallus Inc,US Small Blend,0.0
NVVE,Nuvve Holding Corp Ordinary Shares,US Small Value,0.0
SHRCX,Western Asset California Municipals A,Long-Term Inv. Grade,0.0073
XRT,SPDR® S&P Retail ETF,US Small Value,0.0035
ALTM,Arcadium Lithium PLC,US Small Growth,0.0
TPG,TPG Inc Ordinary Shares - Class A,US Small Value,0.0
TRSAX,T. Rowe Price Growth Stock Adv,** 95 US Large Growth / 5 Intl Large Growth **,0.0093
ELS,Equity Lifestyle Properties Inc,US Real Estate,0.0
SDGZX,DWS Capital Growth R6,US Large Growth,0.0061
FZAGX,Fidelity Advisor Equity Income Z,** 80 US Large Value / 18 Intl Large Value / 2 Cash **,0.0051
GSEUX,Goldman Sachs US Equity Insights R6,US Large Growth,0.0055
ATHDX,American Century Heritage R6,** 94 US Mid Growth / 4 Intl Mid Growth / 2 Cash **,0.0065
DVZRX,Delaware Small Cap Value R6,** 96 US Small Value / 3 Intl Small Value / 1 Cash **,0.0071
GCSUX,Goldman Sachs Small Cap Eq Insghts R6,** 96 US Small Blend / 4 Intl Small Blend **,0.0083
MAGKX,MoA Small Cap Growth Fund,** 97 US Small Growth / 2 Intl Small Growth / 1 Cash **,0.0083
NLOP,Net Lease Office Properties,US Small Blend,0.0
NAUT,Nautilus Biotechnology Inc Ordinary Shares,US Small Value,0.0
HEDJ,Europe Hedged Equity Fund,Intl Large Blend,0.0058
ABSI,Absci Corp,US Small Value,0.0
ADCT,ADC Therapeutics SA,Intl Small Blend,0.0
UUUU,Energy Fuels Inc,US Small Growth,0.0
AGFY,Agrify Corp Ordinary Shares,US Small Value,0.0
BLDE,Blade Air Mobility Inc Class A,US Small Value,0.0
BIOR,Biora Therapeutics Inc Ordinary Shares,US Small Value,0.0
RVVTF,Revive Therapeutics Ltd,US Small Value,0.0
PMAQX,Principal MidCap R-6,US Mid Growth,0.006
PCGRX,Pioneer Mid Cap Value A,US Mid Value,0.0119
SOAGY,Sartorius AG ADR,Intl Large Growth,0.0
EBKDY,Erste Group Bank AG. ADR,Intl Mid Value,0.0
TKO,TKO Group Holdings Inc,US Small Growth,0.0
AGDAX,AB High Income A,** 23 Int-Term Inv. Grade / 77 High Yield **,0.009
CTHCX,Columbia Global Technology Growth C,US Large Growth,0.0194
TLCYX,Touchstone Large Cap Y,** 95 US Large Blend / 3 Intl Large Blend / 2 Cash **,0.0081
PLCGX,Principal LargeCap Growth I R6,** 97 US large Growth / 2 Intl Large Growth / 1 Cash **,0.0059
USAWX,Victory Sustainable World,** 60 US Large Growth / 40 Intl Large Growth **,0.0108
SWLRX,Schwab® Monthly Income Income Payout,** 17 US Large Value / 13 Intl Large Value / 55 Int-Term Inv. Grade / 13 High Yield / 2 Cash **,0.0021
VKMMX,Invesco Municipal Income A, ** 90 Long-Term Inv. Grade / 5 Int-Term Inv. Grade / 5 Short-Term Inv. Grade **,0.0103
CMSpB,Consumers Energy Co Pref Share,US Mid Blend,0.0
UIEMX,Victory Emerging Markets Institutional,** 43 Emerging Large Blend / 1 US Large Blend / 2 Cash / 54 Intl Large Blend **,0.013
PL,Planet Labs PBC,US Small Growth,0.0
UIGRX,Victory Growth Institutional,** 95 US Large Growth / 3 Intl Large Growth / 2 Cash **,0.0082
UIISX,Victory Income Stock Institutional,US Large Value,0.0072
UIIFX,Victory International Institutional,** 95 Intl Large Blend / 3 Emerging Large Blend / 1 US Large Blend / 1 Cash ** ,0.0095
UISCX,Victory Small Cap Stock Institutional,** 99 US Small Blend / 1 Cash **,0.0096
MSXAX,MainStay S&P 500 Index A,** 98 US Large Growth / 2 Cash **,0.0052
MHCAX,MainStay MacKay High Yield Corp Bd A,** 94 High Yield / 6 Cash **,0.0096
MITTX,MFS Massachusetts Investors Tr A,US Large Growth,0.007
AIIEX,Invesco EQV International Equity A,** 10 US Large Growth / 3 Cash / 87 Intl Large Growth **,0.0127
CMBRX,Columbia Emerging Markets Bond R,** 51 Int-Term Inv. Grade / 11 Cash / 38 High Yield ** ,0.0139
MGXAX,MainStay Equity Allocation A,** 68 US Large Growth / 28 Intl Large Growth / 4 Cash **,0.0094
IJUL,Innovator MSCI EAFE Pwr Buffer ETF July,Non-Traditional,0.0085
SFRX,Seafarer Exploration Corp,US Micro,0.0
FNGU,MicroSectors™ FANG+™ 3X Leveraged ETN,US Large Growth,0.0095
ADUS,Addus HomeCare Corp ,US Small Blend,0.0
AIRG,Airgain Inc,US Small Blend,0.0
NTB,Bank of N.T Butterfield & Son Ltd,Intl Small Value,0.0
GNK,Genco Shipping & Trading Ltd,Intl Small Value,0.0
NEXN,Nexxen International Ltd ADR,US Small Value,0.0
RELY,Remitly Global Inc,US Small Growth,0.0
BAPR,Innovator S&P 500 Buffer ETF Apr New,Non-Traditional,0.0079
SHLS,Shoals Technologies Group Inc Ordinary Shares - Class A,US Small Growth,0.0
DWAS,Invesco Dorsey Wright SmallCap Momt ETF,** 98 US Small Growth / 2 Intl Small Growth **,0.006
UTRN,Vesper US Large Cap S-T Rvrsl Stgy ETF,** 96 US Mid Growth / 4 Intl Mid Growth **,0.0075
LLPFX,Longleaf Partners,** 79 US Mid Blend / 6 Intl Mid Blend / 15 Cash **,0.0079
OSS,One Stop Systems Inc,US Small Value,0.0
RXO,RXO Inc,US Small Blend,0.0
SMEGF,Siemens Energy AG Ordinary Shares,US Mid Blend,0.0
FPXI,First Trust International Eq Opps ETF,** 13 US Large Growth / 87 Intl Large Growth **,0.007
FDNI,First Trust Dow Jones Intl Intnt ETF,** 17 US Large Growth / 83 Intl Large Growth **,0.0065
ELF,e.l.f. Beauty Inc,US Small Blend,0.0
XSOE,WisdomTree EmMkts ex-Stt-Ownd EntrprsETF,** 70 Emerging Large Blend / 30 Intl Large Blend **,0.0032
IWL,iShares Russell Top 200 ETF,US Large Growth,0.0015
DNL,WisdomTree Global ex-US Qual Div Gr ETF,Intl Large Growth,0.0042
ANZAX,Virtus Convertible A,** 93 Non-Traditional / 1 Cash / 6 Int-Term Inv. Grade **,0.0096
SPEDX,Alger Dynamic Opportunities A,** 40 Cash / 60 US Large Growth **,0.0161
ALSAX,Alger Small Cap Growth A,US Small Growth,0.0132
BHCFX,Baron Health Care Retail,** 91 US Large Growth / 5 Cash / 4 Non-Traditional **,0.011
DBMAX,BNY Mellon Sm/Md Cp Gr A ,US Small Growth,0.01
CNWGX,Calamos Evolving World Growth A,** 17 US Large Growth / 82 Intl Large Growth / 1 Cash **,0.013
LCCAX,Columbia Contrarian Core A,** 98 US Large Growth / 2 Cash **,0.0097
COMAX,DWS Communications A,** 83 US Large Growth / 16 Intl Large Growth / 1 Cash **,0.0153
WILIX,William Blair International Ldrs I ,Intl Large Growth,0.009
KTCAX,DWS Science and Technology A,** 95 US Large Growth / 2 Intl Large Growth / 3 Cash **,0.0089
HAMGX,Harbor Disruptive Innovation Instl,** 84 US Large Growth / 15 Intl Large Growth / 1 Cash **,0.0083
SCVEX,Hartford Schroders International Stk A,** 7 US Large Growth / 91 Intl Large Growth / 2 Cash **,0.0105
MEGMX,Matthews Emerging Markets Equity Inv,** 45 Emerging Large Growth / 47 Intl Large Growth / 6 US Large Growth / 2 Cash **,0.0108
MIGPX,Morgan Stanley Inst Global Insgt A,** 62 US Large Growth / 34 Intl Large Growth / 4 Cash **,0.0132
RLSFX,RiverPark Long/Short Opportunity Retail,** 70 US Large Growth / 1 Intl Large Growth / 16 Cash / 13 Non-Traditional **,0.02
RMBKX,RMB Mendon Financial Services A,US Small Value,0.015
EGLE,EAGLE BULK SHIPPING INC. ,US Small Growth,0.0
HIMS,Hims & Hers Health Inc Ordinary Shares - Class A,US Small Growth,0.0
AWAY,Amplify Travel Tech ETF,** 36 US Mid Growth / 64 Intl Mid Growth **,0.0075
NCMGY,Newcrest Mining Ltd ADR,Intl Large Value,0.0
FNSOX,Fidelity Short-Term Bond Index,** 80 Short-Term Inv. Grade / 20 Int-Term Inv. Grade **,0.0003
FJRLX,Fidelity Limited Term Bond,** 5 Cash / 60 Short-Term Inv. Grade / 35 Int-Term Inv. Grade **,0.003
FELC,Fidelity Enhanced Large Cap Core ETF,US Large Blend,0.0018
LNDZF,Evome Medical Technologies Inc,US Small Blend,0.0
HNST,The Honest Co Inc,US Small Value,0.0
AIT,Applied Industrial Technologies Inc,US Small Growth,0.0
ARRY,Array Technologies Inc Ordinary Shares,US Small Growth,0.0
ATMU,Atmus Filtration Technologies Inc,US Small Blend,0.0
SOUN,SoundHound AI Inc Ordinary Shares - Class A,US Small Blend,0.0
AXNX,Axonics Inc,US Small Growth,0.0
NCLTY,Nitori Holdings Co Ltd ADR,Intl Large Blend,0.0
CDEVY,City Developments Ltd ADR,Intl Large Blend,0.0
DSFIY,DSM Firmenich AG ADR,Intl Large Growth,0.0
ESTA,Establishment Labs Holdings Inc,Intl Small Blend,0.0
EG,Everest Group Ltd,Intl Mid Value,0.0
EVRI,Everi Holdings Inc,US Small Blend,0.0
FRSH,Freshworks Inc Ordinary Shares Class A,US Small Growth,0.0
GDYN,Grid Dynamics Holdings Inc Ordinary Shares Class A,US Small Growth,0.0
HOMB,Home BancShares Inc,US Small Blend,0.0
KTOS,Kratos Defense & Security Solutions Inc,US Small Growth,0.0
KRYS,Krystal Biotech Inc,US Small Growth,0.0
OCPNF,Olympus Corp,Intl Large Growth,0.0
MDGL,Madrigal Pharmaceuticals Inc,US Small Growth,0.0
MYGN,Myriad Genetics Inc,US Small Growth,0.0
NOG,Northern Oil & Gas Inc,US Small Value,0.0
PWSC,PowerSchool Holdings Inc Class A,US Small Growth,0.0
QTWO,Q2 Holdings Inc,US Small Growth,0.0
ROHCY,Rohm Co Ltd ADR,Intl Mid Blend,0.0
SVV,Savers Value Village Inc,US Small Growth,0.0
SIBN,SI-BONE Inc,US Small Growth,0.0
SLGN,Silgan Holdings Inc,US Small Blend,0.0
TCMD,Tactile Systems Technology Inc,US Small Growth,0.0
ORKLY,Orkla ASA ADR,Intl Mid Blend,0.0
TWODY,Taylor Wimpey PLC ADR,Intl Mid Blend,0.0
MODG,Topgolf Callaway Brands Corp,US Small Blend,0.0
INN,Summit Hotel Properties Inc,US Small Value,0.0
AIRC,Apartment Income REIT Corp Class A,US Small Blend,0.0
CWST,Casella Waste Systems Inc Class A,US Small Growth,0.0
CPAY,Corpay Inc,US Mid Blend,0.0
HRBR,Harbor Diversified Inc,US Small Value,0.0
THISX,T. Rowe Price Health Sciences I,** 93 US Large Growth / 7 Intl Large Growth **,0.0067
JGVVX,JPMorgan Growth Advantage R6,US Large Growth,0.0055
HEI,HEICO CORP FORWARD SPLIT WITH STOCK SPLIT SHARES,US Mid Growth,0.0
RDDT,Reddit Inc Class A Shares,US Small Growth,0.0
BBTBX,Bridge Builder Core Bond,** 3 Cash / 10 Int-Term Treasury / 3 Short-Term Treasury / 12 Long-Term Treasury / 68 Int-Term Inv. Grade / 4 Long-Term Inv. Grade ** ,0.0013
BBVSX,Bridge Builder Small/Mid Cap Value,** 95 US Mid Blend / 4 Intl Mid Blend / 1 Cash **,0.0041
BBVLX,Bridge Builder Large Cap Value,** 89 US Large Value / 9 Intl Large Value / 2 Cash **,0.0023
BBGSX,Bridge Builder Small/Mid Cap Growth,** 94 US Mid Growth / 4 Intl Mid Growth / 2 Cash **,0.0038
BBIEX,Bridge Builder International Equity,** 6 US Large Blend / 92 Intl Large Blend / 2 Cash **,0.0036
BBGLX,Bridge Builder Large Cap Growth,** 94 US Large Growth / 4 Intl Large Growth / 2 Cash **,0.0019
ARTJX,Artisan International Small-Mid Investor,** 98 US Mid Growth / 2 Cash **,0.0131
BBCPX,Bridge Builder Core Plus Bond,** 10 Cash / 6 Short-Term Treasury / 4 Int-Term Treasury / 26 Long-Term Treasury / 54 Int-Term Inv. Grade **,0.002
CSPCY,CSPC Pharmaceutical Group Ltd ADR,Emerging Large Blend,0.0
ANBAX,American Funds Strategic Bond A,** 5 Cash / 17 Int-Term Treasury / 59 Long-Term Inv. Grade / 19 Int-Term Inv. Grade **,0.0072
LEE,Lee Enterprises Inc,US Small Value,0.0
EPLCX,MainStay Epoch US Equity Yield I,** 95 US Large Value / 3 Intl Large Value / 2 Cash **,0.0073
BGLSX,Boston Partners Global Long/Short Instl,non-traditional,0.0239
SUTXX,Schwab US Treasury Money Ultra,Cash/Money Market,0.0
PRNEX,T. Rowe Price New Era,** 67 US Large Value / 33 Intl Large Value **,0.0075
USM,United States Cellular Corp,US Small Value,0.0
BITB,Bitwise Bitcoin ETF,Non-Traditional,0.0
ACCD,Accolade Inc Ordinary Shares,US Small Blend,0.0
AGL,Agilon Health Inc,US Small Value,0.0
PGUCY,Prosegur Cash SA ADR,Intl Small Value,0.0
ARVN,Arvinas Inc,US Small Blend,0.0
ASND,Ascendis Pharma A/S ADR,Intl Large Blend,0.0
BSY,Bentley Systems Inc Ordinary Shares - Class B,US Mid Growth,0.0
CCCS,CCC Intelligent Solutions Holdings Inc,US Small Growth,0.0
DH,Definitive Healthcare Corp Class A,US Small Value,0.0
ENV,Envestnet Inc,US Small Growth,0.0
FWRG,First Watch Restaurant Group Inc,US Small Growth,
IMNM,Immunome Inc Ordinary Shares,US Small Growth,0.0
LFST,LifeStance Health Group Inc Ordinary Shares,US Small Blend,
MCW,Mister Car Wash Inc,US Small Blend,0.0
PTAIY,PT Astra International Tbk ADR,Emerging Large Blend,0.0
PHR,Phreesia Inc,Intl Small Blend,0.0
SMPL,The Simply Good Foods Co,US Small Blend,0.0
WRBY,Warby Parker Inc Ordinary Shares - Class A,US Small Growth,0.0
EXAI,Exscientia PLC ADR,Intl Small Growth,0.0
DUOL,Duolingo Inc,US Mid Growth,0.0
CSJIX,Cohen & Steers Realty Shares I,US Mid Blend,0.0088
DIEMX,Driehaus Emerging Markets Growth Instl,** 4 US Large Growth / 94 Emerging Large Growth / 2 Cash **,0.0109
DWOAX,BNY Mellon Research Growth A,** 98 US Large Growth / 2 Intl Large Growth **,0.0103
SWCGX,Schwab MarketTrack Conservative,** 28 US Large Blend / 12 Intl Large Blend / 6 Cash / 12 Short-Term Inv. Grade / 25 Long-Term Inv. Grade / 17 Int-Term Inv. Grade **,0.005
NTCO,Natura &Co Holding SA ADR,Intl Large Growth,0.0
PIFMY,PT Indofood Sukses Makmur Tbk ADR,Emerging Large Value,0.0
GNT,GAMCO Nat Res Gold & Income,** 35 US Large Value / 40 Intl Large Value / 20 Cash / 5 Short-Term Treasury **,0.0212
LSBNX,Loomis Sayles Bond N,** 36 High Yield / 23 Int-Term Inv. Grade / 7 Short-Term Inv. Grade / 31 Long-Term Inv. Grade / 3 US Small Value **,0.0061
OGGFX,JPMorgan Small Cap Growth I,** 97 US Small Growth / 2 Intl Small Growth / 1 Cash **,0.0099
FGUSX,Federated Hermes Govt Ultrashort IS,** 25 Cash / 75 Short-Term Inv. Grade **,0.0026
KVYO,Klaviyo Inc Class A common stock,US Mid Blend,0.0
NXT,NEXTracker Inc Ordinary Shares - Class A,US Small Growth,0.0
IJMXX,JPMorgan Municipal Money Market Inst,Cash/Money Market,0.0
WOWI,Metro One Telecommunications Inc,US Small Value,0.0
PUTKY,PT United Tractors Tbk ADR,Emerging Large Value,0.0
NWPX,Northwest Pipe Co,US Small Value,0.0
AEYE,AudioEye Inc,US Small Blend,0.0
UGRO,Urban-gro Inc Ordinary Shares,US Small Value,0.0
CHI,Calamos Convertible Opps & Income,** 30 High Yield / 67 Non-Traditional / 3 Cash **,0.044
GBRCF,Gold Bull Resources Corp,US Small Value,0.0
GTE,Gran Tierra Energy Inc,Intl Small Value,0.0
PLG,Platinum Group Metals Ltd,Intl Small Growth,0.0
FSMJX,Fidelity SAI Conservative Inc Muncpl Bd,** 4 Cash / 17 Short-Term Inv. Grade / 11 Int-Term Inv. Grade / 68 Long-Term Inv. Grade **,0.002
MDIHX,MFS Intl Diversification R3,** 5 US Large Blend / 93 Intl Large Blend / 2 Cash **,0.0108
ESPIX,Allspring Special Small Cap Value Adm,** 95 US Small Value / 3 Intl Small Value / 2 Cash **,0.0118
PTXKY,PT Xl Axiata Tbk ADR,Emerging Large Growth,0.0
IBTX,Independent Bank Group Inc,US Small Value,0.0
PMBIX,PIMCO Total Return II Instl,Int-Term Inv. Grade,0.0052
RSPM,Invesco S&P 500® Equal Weight Matrls ETF,** 96 US Mid Value / 4 Intl Mid Value **,0.004
UGSFX,American Funds US Government Sec F1,Int-Term Treasury,0.0068
CINCX,Calvert Income I,Int-Term Inv. Grade,0.0068
CSVZX,Columbia Select Large Cap Value Inst,** 96 US Large Value / 4 Intl Large Value **,0.0055
EIHMX,Eaton Vance National Municipal Income I,Long-Term Inv. Grade,0.005
FYC,First Trust Small Cap Gr AlphaDEX® ETF,US Small Growth,0.007
JHEM,JHancock Multifactor Em Mkts ETF,Emerging Large Blend,0.0049
KKPNY,Koninklijke KPN NV ADR,Intl Mid Blend,0.0
JDESX,JPMorgan US Research Enhanced Equity I ,** 98 US Large Growth / 2 Intl Large Growth **,0.0035
OMBIX,JPMorgan Mortgage-Backed Securities I,Int-Term Inv. Grade,0.004
FLGR,Franklin FTSE Germany ETF,Intl Large Blend,0.0009
EWI,iShares MSCI Italy ETF,Intl Large Value,0.005
MGBJX,MFS Global Opportunistic Bd I,Non-Traditional,0.007
VBTX,Veritex Holdings Inc,US Small Value,0.0
CMIUX,Six Circles Mgd Eq Port Intl Uncons,** 98 Intl Large Blend / 1 US Large Blend / 1 Cash **,0.0011
CMEUX,Six Circles Mgd Eq Port US Uncons,** 98 US Large Growth / 2 Intl Large Growth **,0.0006
ALAB,Astera Labs Inc,US Mid Growth,0.0
CNTTQ,CannTrust Holdings Inc,Intl Small Growth,0.0
SEM,Select Medical Holdings Corp,US Small Value,0.0
SGDLX,Sprott Gold Equity Investor,Commodities,0.0149
RSPT,Invesco S&P 500® Equal Weight Tech ETF,US Large Growth,0.004
TFAIX,T. Rowe Price Floating Rate ,Bank Loans,0.0063
BUFR,FT Vest Laddered Buffer ETF,Non-Traditional,0.0105
DHLYX,Diamond Hill Large Cap Y,US Large Value,0.0055
TRRNX,T. Rowe Price Retirement 2055,** 67 US Large Blend / 31 Intl Large Blend / 2 Cash **,0.0064
DFAPX,DFA Investment Grade I,** 16 Cash / 23 Long-Term Inv. Grade / 48 Int-Term Inv. Grade / 13 Short-Term Inv. Grade **,0.0019
LEGN,Legend Biotech Corp ADR,US Small Value,0.0
QQMG,Invesco ESG NASDAQ 100 ETF,US Large Growth,0.002
ASAI,Sendas Distribuidora SA ADR,Emerging Large Growth,0.0
MAGS,Roundhill Magnificent Seven ETF,US Large Growth,0.0029
HWDVX,Hartford World Bond R6,** 22 Cash / 20 High Yield / 23 Short-Term Inv. Grade / 14 Int-Term Inv. Grade / 21 Long-Term Inv. Grade **,0.0063
ATS,ATS Corp,Intl Mid Growth,0.0
TBBB,BBB Foods Inc Class A,Intl Mid Growth,0.0
JISGX,JPMorgan Small Cap Growth L,** 97 US Small Growth / 2 Intl Small Growth / 1 Cash **,0.0085
ESGRO,Enstar Group Ltd Pref Share,Preferred Stock,0.0
GMREpA,Global Medical REIT Inc Pref Share,Preferred Stock,0.0
OWL,Blue Owl Capital Inc Ordinary Shares - Class A,US Small Growth,0.0
BCUCY,Brunello Cucinelli SpA ADR,Intl Mid Growth,0.0
DPMAY,Diploma PLC ADR,US Mid Growth,0.0
SHPMY,Shanghai Pharmaceuticals Holding Co Ltd ADR repr Class H,Emerging Large Value,0.0
FREKF,Freee KK Ordinary Shares,Intl Small Growth,0.0
MAARF,M&A Research Institute Holdings Inc,Intl Mid Growth,0.0
MBLY,Mobileye Global Inc Ordinary Shares - Class A,Intl Large Growth,0.0
SRTOY,Sartorius Stedim Biotech SA ADR,Intl Large Growth,0.0
SBSNY,Schibsted ASA ADR,Intl Mid Growth,0.0
SEALpA,Seapeak LLC Pref Share,Preferred Stock,0.0
BACpN,Bank of America Corp 5% Preferred Share Series LL ,Preferred Stock,0.0
TRTNpB,Triton International Ltd Pref Shar,Preferred Stock,0.0
LEGAX,Columbia Large Cap Growth A,** 99 US Large Growth / 1 Cash **,0.01
MDPCX,BlackRock Sustainable Em Mkts Eq Inv A,** 40 Emerging Large Blend / 59 Intl Large Blend / 1 Cash **,0.0112
HELE,"Helen Of Troy Ltd(USD,HELE)",US Mid Blend,0.0
IAUF,iShares Gold Strategy ETF,Commodities,0.0025
RGHYX,RBC BlueBay High Yield Bond I,** 95 High Yield / 5 Cash **,0.0057
RPFGX,Davis Financial A,** 77 US Large Value / 23 Intl Large Value **,0.0095
SOLV,Solventum Corp,US Mid Value,0.0
MIDAX,MFS International New Discovery A,** 1 US Mid Blend / 94 Intl Mid Blend / 5 Cash **,0.0131
FLIC,First of Long Island Corp,US Small Value,0.0
CDUAF,Canadian Utilities Ltd Ordinary Shares - Class A,Intl Mid Value,0.0
END,Endurance Motive SA,Intl Small Value,0.0
LARK,Landmark Bancorp Inc,US Small Value,0.0
SGIOY,Shionogi & Co Ltd ADR,Intl Large Blend,0.0
NULG,Nuveen ESG Large-Cap Growth ETF,** 97 US Large Growth / 3 Intl Large Growth **,0.0026
FUGIX,Fidelity Advisor Utilities I,** 98 US Mid Value / 2 Cash **,0.0075
TDTT,FlexShares iBoxx 3Yr Target Dur TIPS ETF,Inflation Protected,0.0018
IGEB,iShares Investment Grade Systmtc Bd ETF,Int-Term Inv. Grade,0.0018
USTB,VictoryShares Short-Term Bond ETF,** 92 Short-Term Inv. Grade / 8 Cash **,0.0035
BMQIX,Baird Municipal Bond Institutional,Long-Term Inv. Grade,0.003
BSNIX,Baird Strategic Municipal Bond Instl,** 98 Int-Term Inv. Grade / 2 Cash **,0.003
FATIX,Fidelity Advisor Technology I,** 88 US Large Growth / 10 Intl Large Growth / 2 Cash **,0.0072
HPP,Hudson Pacific Properties Inc,US Real Estate,
HEOIX,Hartford Climate Opportunities I,** 61 US Large Growth / 37 Intl Large Growth / 2 Cash **,0.0089
JFIFX,JHancock Financial Industries I,** 83 US Large Blend / 14 Intl Large Blend / 3 Cash **,0.0097
APP,AppLovin Corp Ordinary Shares - Class A,US Mid Growth,0.0
CRDO,Credo Technology Group Holding Ltd,US Small Growth,0.0
GCT,GigaCloud Technology Inc Class A,US Mid Blend,0.0
ALAR,Alarum Technologies Ltd ADR,Intl Small Value,0.0
NVDL,GraniteShares 2x Long NVDA Daily ETF,Non-Traditional,0.0115
PRIM,Primoris Services Corp,US Small Growth,0.0
SWBGX,Schwab MarketTrack Balanced,** 45 US Large Blend / 15 Intl Large Blend / 35 Int-Term Inv. Grade / 5 Cash **,0.0048
HYSNY,Hysan Development Co Ltd ADR,Intl Real Estate,
ARM,ARM Holdings PLC ADR,Intl Large Blend,0.0
FSBW,FS Bancorp Inc,US Small Value,0.0
GEV,GE Vernova Inc,US Mid Growth,0.0
IGSC,IGS Capital Group Ltd,US Small Blend,0.0
SDCH,SideChannel Inc,US Small Growth,0.0
DOXIX,Dodge & Cox Income X,** 99 Int-Term Inv. Grade / 1 Cash **,0.0033
RERAX,American Funds Europacific Growth R1,** 4 US Large Growth / 92 Intl Large Growth / 3 Cash **,0.0157
FSMLX,Franklin Small Cap Growth R6,** 93 US Small Growth / 6 Intl Small Growth / 1 Cash **,0.0067
PRUZX,PGIM Jennison Utility Z,** 95 US Mid Value / 5 Intl Mid Value **,0.0057
PQTPX,PIMCO TRENDS Managed Futures Strat I2,Non-Traditional,0.02
IPXHY,Inpex Corp ADR,Intl Large Value,
PELPX,PIMCO Emerging Mkts Lcl Ccy and Bd I2,World Bond,0.0157
FUSAX,Franklin US Government Secs Adv,** 99 Int-Term Inv. Grade / 1 Cash **,0.006
VAFNX,Invesco American Franchise R5,** 95 US Large Growth / 5 Intl Large Growth **,0.0071
DMCFX,Invesco Discovery Mid Cap Growth R5,** 96 US Mid Growth / 1 Intl Mid Growth / 3 Cash **,0.0073
GTSVX,Invesco Small Cap Growth R5,** 94 US Small Growth / 6 Intl Small Growth **,0.0082
DJT,Trump Media & Technology Group Corp,US Mid Blend,0.0
ATCOpH,Atlas Corp Pref Share ,Preferred Stock,0.0
JMHLY,Jardine Matheson Holdings Ltd ADR,Intl Large Value,
SRL,Scully Royalty Ltd,Intl Small Value,0.0
VMNFX,Vanguard Market Neutral Inv,Non-Traditional,0.018
CCWIX,Baird Chautauqua International Gr Instl,** 7 US Large Growth / 90 Intl Large Growth / 3 Cash **,0.008
TTMIX,T. Rowe Price Comm & Tech I,**94 US Large Growth / 6 Intl Large Growth ** ,0.0068
PRUIX,T. Rowe Price Equity Index 500 I ,US Large Blend,0.0005
TSNIX,T. Rowe Price Science & Tech I,** 96 US Large Growth / 4 Intl Large Growth **,0.0069
TSVPX,T. Rowe Price Spectrum Diversified Eq I,** 79 US Large Blend / 20 Intl Large Blend / 1 Cash **,0.0058
PRIMX,T. Rowe Price Summit Municipal Inc I,** 97 Int-Term Inv. Grade / 3 Cash **,0.0039
MIEKX,MFS International Equity I,** 2 US Large Blend / 96 Intl Large Blend / 2 Cash **,0.0076
PSLIX,Principal SmallCap Inst,** 96 US Small Blend / 3 Intl Small Blend / 1 Cash **,0.0085
JBT,John Bean Technologies Corp,US Small Blend,
KVUE,Kenvue Inc,US Mid Blend,0.0
GSL,Global Ship Lease Inc Class A,Intl Small Value,0.0
PRVA,Privia Health Group Inc,US Small Growth,0.0
DIVI,Franklin Intl Core Div Tlt Idx ETF,Intl Large Blend,0.0009
FIQFX,Fidelity Advisor China Region Z,** 48 Intl Large Growth / 19 Intl Large Value / 29 Intl Large Blend / 2 Cash / 2 US Large Blend **,0.0078
AVEDX,Ave Maria Rising Dividend,** 88 US Large Blend / 11 Intl Large Blend / 1 Cash **,0.0092
OMSIX,Invesco Main Street R6,** 98 US Large Blend / 2 Intl Large Blend **,0.005
KCDMY,Kimberly - Clark de Mexico SAB de CV ADR,Emerging Large Blend,
MAAKX,MoA All American Fund,** 98 US Large Blend / 1 Intl Large Blend / 1 Cash **,0.0053
MAEIX,US Large Blend,MoA Equity Index Fund,0.0014
MACCX,MoA Catholic Values Index Fund Class,US Large Blend,0.0022
NRSRX,Neuberger Berman Sustainable Equity R6,** 94 US Large Blend / 6 Intl Large Blend **,0.006
CMJIX,Calvert US Mid Cap Core Rspnb Idx I,US Mid Blend,0.0024
FZAMX,Fidelity Advisor Mid Cap II Z,** 90 US Mid Blend / 9 Intl Mid Blend / 1 Cash **,0.0058
MAMEX,MoA Mid Cap Equity Index Fund,US Small Blend,0.0015
MAMVX,MoA Mid Cap Value Fund,** 97 US Mid Value / 3 Cash **,0.0074
CALRX,Calvert Small-Cap R6,US Small Blend,0.0086
KNYJY,KONE Oyj ADR,Intl Large Blend,
MASOX,MoA Small Cap Equity Index Fund,US Small Blend,0.0015
MAVKX,MoA Small Cap Value Fund,** 96 US Small Value / 2 Intl Small Value / 2 Cash **,0.0084
RSEJX,Victory RS Small Cap Growth R6,** 98 US Small Growth / 1 Intl Small Value / 1 Cash **,0.0106
MAAXX,MoA Money Market Fund,Cash/Money Market,0.0023
CDHRX,Calvert International Responsible Idx R6,** 5 US Large Blend / 95 Intl Large Blend **,0.0026
MAIFX,MoA International Fund,** 97 Intl Large Blend / 3 Cash **,0.0032
KT,KT Corp ADR,Intl Large Value,
CBORX,Calvert Bond R6,** 90 Int-Term Inv. Grade / 10 Cash **,0.0046
MABDX,MoA Core Bond Fund,Int-Term Inv. Grade,0.0045
MAMBX,MoA Intermediate Bond Fund,Int-Term Treasury,0.0047
CBARX,Calvert Balanced R6,** 57 US Large Growth / 2 Intl Large Growth / 37 Int-Term Inv. Grade / 4 Cash **,0.0062
FIKZX,Fidelity Advisor Asset Manager 50% Z,** 36 US Large Growth / 22 Intl Large Growth / 40 Int-Term Treasury / 2 Cash **,0.0048
MAANX,MoA Aggressive Allocation Fund,** 64 US Large Blend / 19 Intl Large Blend / 17 Int-Term Inv. Grade **,0.0036
MACHX,MoA Balanced Fund,** 62 US Large Blend / 34 Int-Term Treasury / 4 Cash **,0.0054
MACAX,MoA Conservative Allocation Fund,** 31 US Large Blend / 6 Intl Large Blend / 62 Int-Term Treasury / 1 Cash **,0.0047
MAMOX,MoA Moderate Allocation Fund,** 50 US Large Blend / 12 Intl Large Blend / 38 Int-Term Treasury **,0.0034
PPIPX,T. Rowe Price Spectrum Cnsrv Allc I,** 27 US Large Growth / 14 Intl Large Growth / 51 Int-Term Inv. Grade / 8 Cash **,0.0055
SWIM,Latham Group Inc,US Small Blend,
TPPAX,T. Rowe Price Spectrum Moderate Allc I,** 42 US Large Growth / 20 Intl Large Growth / 31 Int-Term Treasury / 7 Cash **,0.0062
GSRTX,Goldman Sachs Absolute Ret Trckr Inv,** 28 US Large Blend / 16 Intl Large Blend / 9 Int-Term Inv. Grade / 47 Cash **,0.0088
BIMBX,BlackRock Systematic Multi-Strat Instl,** 14 US Mid Value / 86 Int-Term Inv. Grade **,0.0093
EMTIX,Transamerica Emerging Markets Debt I,Emerging Market Debt,0.0085
ADFIX,American Century Diversified Bond Inv,** 31 Int-Term Treasury / 66 Int-Term Inv. Grade / 3 Cash **,0.006
FIIMX,Fidelity Advisor Mid Cap II I,** 89 US Mid Blend / 9 Intl Mid Blend / 2 Cash **,0.0071
QMHRX,AQR Managed Futures Strategy HV R6,** 1 Intl Mid Blend / 31 Int-Term Treasury / 38 Non-Traditional / 30 Cash **,0.0161
QRPRX,AQR Alternative Risk Premia R6,** 8 US Mid Value / 7 Intl Mid Value / 4 Int-Term Treasury / 60 Non-Traditional / 21 Cash **,0.0467
PARRX,PIMCO Real Return Admin,** 58 Int-Term Treasury / 31 Non-Traditional / 11 Cash **,0.0092
FCNTX,Fidelity Contrafund,** 90 US Large Growth / 6 Intl Large Growth / 4 Cash **,0.0063
HEmergingP,,US Micro,0.0
VRTGX,Vanguard Russell 2000 Growth Index I,US Small Growth,0.0008
VIK,Viking Holdings Ltd,Intl Mid Growth,0.0
JTEF,JPMorgan U.S. Tech Leaders ETF,** 91 US Large Growth / 8 Intl Large Growth / 1 Cash **,0.0065
HMNF,HMN Financial Inc,US Small Value,0.0
JTEK,JPMorgan U.S. Tech Leaders ETF ,** 91 US Large Growth / 8 Intl Large Growth / 1 Cash **,0.0065
OTLC,Oncotelic Therapeutics Inc,US Small Value,0.0
BUPXX,BlackRock Liquidity FedFund Prm,Cash/Money Market,0.0
EAGG,iShares ESG U.S. Aggregate Bond ETF,** 98 Int-Term Treasury / 2 Cash **,0.001
SCHQ,Schwab Long-Term US Treasury ETF,Long-Term Treasury,0.0003
AZEK,The AZEK Co Inc Class A,US Small Blend,0.0
LESL,Leslies Inc Ordinary Shares,US Small Value,
LFLIX,BrandywineGLOBAL Flexible Bond I,** 92 Int-Term Inv. Grade / 8 Cash **,0.0075
FLCB,Franklin U.S. Core Bond ETF,** 98 Int-Term Treasury / 2 Cash **,0.0015
FLDZX,Franklin Low Duration Total Return Adv,** 52 Short-Term Treasury / 48 Short-Term Inv. Grade **,0.0047
IIAXX,"Bank of America, NA RASP",Cash/Money Market,0.0
CSVIX,Calvert Small-Cap I,US Small Growth,0.0094
CFJIX,Calvert US Large Cap Value Rspnb Idx I,US Large Value,0.0024
TSBHX,Nuveen Core Impact Bond I,** 46 Int-Term Treausry / 54 Int-Term Inv. Grade **,0.0043
NULV,Nuveen ESG Large-Cap Value ETF,US Large Value,0.0026
HEES,H&E Equipment Services Inc,US Small Value,0.0
DCUE,Dominion Energy Inc Series A,US Small Blend,0.0
MYTAY,Magyar Telekom PLC ADR,Emerging Mid Blend,
HIMS,Hims & Hers Health Inc Ordinary Shares - Class A,US Small Growth,0.0
EIDO,iShares MSCI Indonesia ETF,Intl Large Value,0.0059
JPEM,JPMorgan Diversified Return EMkts Eq ETF,Emerging Large Blend,0.0044
EEMX,SPDR® MSCI Em Mkts Fssl Ful Free RsrvETF,Emerging Large Blend,0.003
FLIA,Franklin International Aggregate Bd ETF,World Bond,0.0025
CRANX,CCM Community Impact Bond Institutional,Int-Term Inv. Grade,0.0044
ADAIX,AQR Diversified Arbitrage I,Non-Traditional,0.0153
EMHY,iShares J.P. Morgan EM High Yld Bd ETF,High Yield,0.005
BAFWX,Brown Advisory Sustainable Growth I,** 98 US Large Growth / 2 Cash **,0.0064
MGAWY,Megaworld Corp ADR,Emerging Mid Value,
GSIEX,Goldman Sachs International Eq ESG Instl,** 2 US Large Growth / 96 Intl Large Growth / 2 Cash **,0.0087
NRDS,Nerdwallet Inc Class A,US Small Blend,0.0
WPSGX,AB Concentrated Growth Advisor,** 98 US Large Growth / 2 Cash **,0.0075
FRCZX,Franklin CA Interm-Term Tx-Fr Inc Adv,** 25 High Yield / 32 Short-Term Inv. Grade / 43 Int-Term Inv. Grade **,0.0049
PSApN,Public Storage Pref Share,Preferred Stock,0.0
PSApQ,Public Storage Pref Share,Preferred Stock,0.0
DEEIX,Delaware Extended Duration Bond Inst,Long-Term Inv. Grade,0.0057
CYAN,Cyanotech Corp,US Small Value,0.0
FRORX,Franklin OR Tax Free Income A1,Long-Term Inv. Grade,0.0067
MLAB,Mesa Laboratories Inc,US Small Value,
UHALB,U-Haul Holding Co Ordinary Shares - Series N,US Mid Value,0.0
MMT,MFS Multi-Market Income,High Yield,0.0292
SABA,Saba Capital Income & ops Fund II,Non-Traditional,0.0
MDRA,Medra Corp,US Small Growth,0.0
ZAZA,ZaZa Energy Corp,US Small Value,0.0
RUM,Rumble Inc,US Small Growth,0.0
TTI,Tetra Technologies Inc,US Small Blend,0.0
ARKB,ARK 21Shares Bitcoin ETF,Non-Traditional,0.0021
ETpI,Energy Transfer LP Pref Share,Preferred Stock,0.0
MECDX,MainStay Epoch Capital Growth A,** 67 US Large Growth / 33 Intl Large Growth **,0.0115
TIGO,Millicom International Cellular SA,Intl Large Blend,
AGRDX,American Century Growth R6,US Large Growth,0.0057
CDDYX,Columbia Dividend Income Inst3,US Large Value,0.0055
PBFKX,Pioneer Bond K,Int-Term Inv. Grade,0.0036
JRTFX,JHancock 2025 Lifetime Blend Ptf R6,** 35 US Large Blend / 18 Intl Large Blend / 44 Int-Term Inv. Grade / 3 Cash **,0.0035
BBDC,Barings BDC Inc,US Small Value,0.0
AHLpC,Aspen Insurance Holdings Ltd Pref Share ,Preferred Stock,0.0
CpN,Citigroup Capital XIII Pref Share,Preferred Stock,0.0
CHMIpB,Cherry Hill Mortgage Investment Corp Pref Share,Preferred Stock,0.0
DLNGpB,Dynagas LNG Partners LP Pref Share,Preferred Stock,0.0
REIT,ALPS Active REIT ETF,US Real Estate,0.0068
MITEY,Mitsubishi Estate Co Ltd ADR,Intl Large Blend,
ANNPX,Virtus Convertible Inst,Non-Traditional,0.0071
CCLD,CareCloud Inc,US Small Value,0.0
MCYVX,MainStay Candriam Emerging Mkts Eq Inv,Emerging Large Growth,0.0167
DTGRX,BNY Mellon Technology Growth A,** 87 US Large Growth / 13 Intl Large Growth **,0.0122
MCOAX,MainStay MacKay Convertible A,Non-Traditional,0.0095
GOVXX,Federated Hermes Govt Obl Advisor,Cash/Money Market,0.0
FLIN,Franklin FTSE India ETF,Intl Large Growth,0.0019
SPHR,Sphere Entertainment Co Ordinary Shares - Class A,US Small Value,0.0
OIBAX,Invesco International Bond A,** 75 World Bond / 25 Cash **,0.0105
EDD,MS Emerging Markets Domestic,Emerging Market Debt,0.0232
MGYOY,MOL Hungarian Oil and Gas PLC ADR,Intl Mid Value,
NCZ,Virtus Convertible & Income Fund II,Non-Traditional,0.000287
ONCY,Oncolytics Biotech Inc,US Small Value,0.0
LIFIX,Lord Abbett Inflation Focused I,Inflation Protected,0.0053
FTRBX,Federated Hermes Total Return Bond IS,Int-Term Inv. Grade,0.0039
NERYX,Loomis Sayles Core Plus Bond Y,** 93 Int-Term Inv. Grade / 7 Cash **,0.0049
SCVNX,Allspring Small Company Value Inst,US Small Value,0.0085
ARYNX,American Century Global Real Estate I,** 72 US Real Estate / 28 Intl Real Estate **,0.0092
DHANX,Centre American Select Equity Instl,US Large Blend,0.0105
CDDRX,Columbia Dividend Income Inst2,US Large Value,0.006
MONDY,Mondi PLC ADR,Intl Mid Value,
FIQIX,Fidelity Advisor Intl Small Cap Z,** 4 US Mid Blend / 91 Intl Mid Blend / 5 Cash **,0.0093
FGADX,Franklin Gold and Precious Metals Adv,** 8 US Small Growth / 92 Intl Small Growth **,0.0067
GSIKX,Goldman Sachs International Eq Inc Instl,Intl Large Value,0.0085
PMFYX,Pioneer Multi-Asset Income Y,** 21 US Large Value / 24 Intl Large Value / 37 Int-Term Inv. Grade / 6 Cash / 12 Non-Traditional **,0.0067
RCLIX,T. Rowe Price US Large-Cap Core I,US Large Blend,0.0058
EIISX,Parametric International Equity I,Intl Large Blend,0.0051
AGLXY,AGL Energy Ltd ADR,Intl Mid Blend,0.0
AFLYY,Air France-KLM ADR,Intl Small Value,0.0
CRBG,Corebridge Financial Inc,US Mid Value,0.0
GNGBY,Getinge AB ADR,Intl Mid Blend,0.0
MTUAY,MTU Aero Engines AG ADR,Intl Large Growth,
IPSEY,Ipsen SA ADR,Intl Mid Blend,0.0
ISUZY,Isuzu Motors Ltd ADR,Intl Large Value,0.0
KURRY,Kuraray Co Ltd ADR,Intl Mid Blend,0.0
MDIBY,Mediobanca SpA ADR,Intl Mid Blend,0.0
NWG,NatWest Group PLC ADR,Intl Large Value,0.0
NHYDY,Norsk Hydro ASA ADR,Intl Mid Growth,0.0
PRYMY,Prysmian SpA ADR,Intl Large Growth,0.0
RANJY,Randstad NV ADR,Intl Mid Value,0.0
RXEEY,Rexel SA ADR,Intl Mid Value,0.0
SMTOY,Sumitomo Electric Industries Ltd ADR,Intl Large Value,0.0
NDBKY,Nedbank Group Ltd ADR,Emerging Mid Value,
SWRAY,Swire Pacific Ltd ADR,Intl Large Value,0.0
TOPPY,Toppan Holdings Inc ADR,Intl Large Blend,0.0
AMGIX,American Century Discplnd Cor Val I,US Large Value,0.0046
GQEIX,GQG Partners US Select Quality Eq Instl,US Large Growth,0.0049
IBMQ,iShares iBonds Dec 2028 Term Muni Bd ETF,Int-Term Inv. Grade,0.0018
IBMN,iShares iBonds Dec 2025 Term Muni Bd ETF,Short-Term Inv. Grade,0.0189
IBMO,iShares iBonds Dec 2026 Term Muni Bd ETF,Short-Term Inv. Grade,0.0018
IBMP,iShares iBonds Dec 2027 Term Muni Bd ETF,Int-Term Inv. Grade,0.0018
IBMR,iShares iBonds Dec 2029 Term Muni Bd ETF,Int-Term Inv. Grade,0.0018
DFSV,Dimensional US Small Cap Value ETF,US Small Value,0.0031
hesay,"Hermes International SA ADR(USD,HESAY)",Intl Large Growth,0.0
MSpF,Morgan Stanley Pref Share,Preferred Stock,0.0
VLISX,Vanguard Large Cap Index Institutional,US Large Blend,0.0004
EQCpD,Equity Commonwealth Pref Share,Preferred Stock,0.0
RFNEX,American Funds Fundamental Invs R4,** 80 US Large Growth / 18 Intl Large Growth / 2 Cash **,0.0063
RGAEX,American Funds Growth Fund of Amer R4,** 88 US Large Growth / 9 Intl Large Growth / 3 Cash **,0.0065
ILGGX,Columbia Integrated Large Cap Gr Instl,US Large Growth,0.0054
RNPEX,American Funds New Perspective R4,** 52 US Large Growth / 44 Intl Large Growth / 4 Cash **,0.0077
TBIRX,Nuveen Bond Index Retirement,** 45 Int-Term Treasury / 54 Int-Term Inv. Grade / 1 Cash **,0.0032
TRLCX,Nuveen Large Cap Value Retire,** 96 US Large Value / 3 Intl Large Value / 1 Cash **,0.0066
RWMEX,American Funds Washington Mutual R4,** 88 US Large Blend / 8 Intl Large Blend / 4 Cash **,0.0061
DSCSY,Disco Corp ADR,Intl Large Growth,0.0
LISAX,Lord Abbett Intermediate Tax Free A,Int-Term Inv. Grade,0.007
TRIEX,Nuveen International Eq Idx Retire,Intl Large Blend,0.003
RWIEX,American Funds Capital World Gr&Inc R4,** 48 US Large Growth / 48 Intl Large Growth / 4 Cash **,0.0076
IEYYX,Delaware Climate Solutions Y,** 61 US Mid Value / 39 Intl Mid Value **,0.0124
MTCHX,MFS Technology R3,** 89 US Large Growth / 6 Intl Large Growth / 5 Cash **,0.0114
JQUA,JPMorgan US Quality Factor ETF,US Large Blend,0.0012
GMRE,Global Medical REIT Inc,US Real Estate,0.0
SLRC,SLR Investment Corp,US Small Blend,0.0
FSMD,Fidelity Small-Mid Multifactor ETF,US Small Blend,0.0015
ITCAX,Western Asset Interm Maturity CA Muni A,Int-Term Inv. Grade,0.0075
LSDAX,Lord Abbett Short Duration Tax Free A,Short-Term Inv. Grade,0.0065
CHTYX,Invesco Charter Y,US Large Growth,0.0078
JWWFX,Janus Henderson Global Research I,** 72 US Large Growth / 28 Intl Large Growth **,0.0062
PYEQX,Pioneer Equity Income Y,US Large Value,0.0081
SWRLX,Touchstone International Value A,Intl Large Value,0.0127
SPRX,Spear Alpha ETF,US Large Growth,0.0075
COPP,Sprott Copper Miners ETF,Commodities,0.0065
PNST,Pinstripes Holdings Inc Ordinary Shares - Class A,US Micro,0.0
NURE,Nuveen Short-Term REIT ETF,US Real Estate,0.0036
CTApA,EIDP Inc Pref Share,Preferred Stock,0.0
METpA,MetLife Inc Pref Share,Preferred Stock,0.0
MFSSX,MFS MA Municipal Bond A,Long-Term Inv. Grade,0.0082
GXXAX,abrdn US Sustainable Leaders A,** 91 US Large Growth / 8 Intl Large Growth / 1 Cash **,0.0119
NHHS,NorthStar Healthcare Income Inc,US Small Value,0.0
NLYpG,Annaly Capital Management Inc Pref Share,Preferred Stock,0.0
CSSPQ,Chicken Soup for the Soul Entertainment Inc Pref Share,Preferred Stock,0.0
GPRE,Green Plains Inc,US Small Blend,0.0
RCpE,Ready Capital Corp Pref Share,Preferred Stock,0.0
NLYpI,Annaly Capital Management Inc Pref Share,Preferred Stock,0.0
DKL,Delek Logistics Partners LP,US Small Value,0.0
FHYVX,Franklin High Yield Tax Free Inc Adv,High Yield,0.0057
THMIX,Thornburg Intermediate Municipal Inst,Long-Term Inv. Grade,0.0048
TADGX,T. Rowe Price Dividend Growth Advisor,** 90 US Large Blend / 10 Intl Large Blend **,0.0089
WICVX,Wasatch Small Cap Value Institutional,US Small Blend,0.0107
ATEC,Alphatec Holdings Inc,US Small Blend,0.0
BXC,BlueLinx Holdings Inc,US Small Value,0.0
CFB,CrossFirst Bankshares Inc Ordinary Shares,US Small Blend,0.0
CRK,Comstock Resources Inc,US Small Value,0.0
CUBI,Customers Bancorp Inc,US Small Blend,0.0
CYH,Community Health Systems Inc,US Small Value,0.0
DHIL,Diamond Hill Investment Group Inc Class A,US Small Value,0.0
ENVA,Enova International Inc,US Small Blend,0.0
IDT,IDT Corp Class B,US Small Blend,0.0
SMUUF,SCB X PCL Units Non-Voting Depository Receipt,Emerging Large Value,0.0
IIIN,Insteel Industries Inc,US Small Blend,0.0
MCBS,MetroCity Bankshares Inc,US Small Blend,0.0
OSCR,Oscar Health Inc Class A,US Small Growth,0.0
PAHC,Phibro Animal Health Corp Class A,US Small Value,0.0
PRDO,Perdoceo Education Corp,US Small Blend,0.0
REX,REX American Resources Corp,US Small Growth,0.0
RUSHA,Rush Enterprises Inc Class A,US Small Blend,0.0
STRL,Sterling Infrastructure Inc,US Small Growth,0.0
TITN,Titan Machinery Inc,US Small Value,0.0
TK,Teekay Corp,US Small Value,0.0
SHTDY,Sinopharm Group Co Ltd ADR,Emerging Large Value,0.0
VCTR,Victory Capital Holdings Inc Class A,US Small Blend,0.0
MTRDX,MainStay MacKay Tot Ret Bnd R6,Int-Term Inv. Grade,0.0045
LSSNX,Loomis Sayles Small Cap Gr N,** 94 US Small Growth / 3 Intl Small Growth / 4 Cash **,0.0083
ESCWX,Embark Small Cap Equity Institutional,** 95 US Small Blend / 5 Intl Small Blend **,0.0069
JTRNX,Janus Henderson Transition I,** 62 US Large Blend / 36 Intl Large Blend / 2 Cash **,0.0
AASRX,American Beacon Small Cap Value R6,** 92 US Small Value / 4 Intl Small Value / 4 Cash **,0.0077
FOCSX,Fidelity Small Cap Growth K6,** 92 US Small Growth / 6 Intl Small Growth / 2 Cash **,0.006
SMECF,SMC Corp,Intl Large Blend,0.0
PCTTX,PIMCO California Municipal Bond A ,** 92 Long-Term Inv. Grade / 8 Cash **,0.0079
VWSYF,Vestas Wind Systems A/S,Intl Large Growth,0.0
GMIXX,Nationwide Government Money Market R6,** 16 Short-Term Treasury / 84 Cash **,0.0044
FSDPX,Fidelity Select Materials,** 90 US Mid Blend / 10 Intl Mid Blend **,0.0071
FMDE,Fidelity Enhanced Mid Cap ETF,** 98 US Mid Blend / 1 Intl Mid Blend / 1 Cash **,0.0023
FBTAX,Fidelity Advisor Biotechnology A,** 90 US Mid Growth / 10 Intl Mid Growth **,0.0097
VFAIX,Vanguard Financials Index Admiral,** 96 US Large Value / 2 Intl Large Value / 2 Cash **,0.001
FSTEX,Invesco Energy Inv,** 67 US Large Value / 33 Intl Large Value **,0.0123
SIVpQ,SVB Financial Group Pref Share,Preferred Stock,0.0
FTQGX,Fidelity Focused Stock,** 92 US Large Growth / 7 Intl Large Growth / 1 Cash **,0.0047
SNMRY,Snam SpA ADR,Intl Large Blend,0.0
GAIA,Gaia Inc Class A,US Small Blend,0.0
PBPB,Potbelly Corp,US Small Growth,0.0
LCTX,Lineage Cell Therapeutics Inc,US Small Growth,0.0
PAM,Pampa Energia SA ADR,Intl Mid Growth,0.0
CSMIX,Columbia Small Cap Value I A,** 93 US Small Value / 7 Intl Small Value **,0.0124
MASNX,iMGP Alt Strats Inv,** 15 US Mid Blend / 3 Intl Mid Blend / 25 Int-Term Inv. Grade / 10 Cash / 47 High Yield **,0.0162
PAUAX,PIMCO All Asset All Authority A,Non-Traditional,0.0566
ACRS,Aclaris Therapeutics Inc,US Small Blend,0.0
ACET,Adicet Bio Inc Ordinary Shares,US Small Value,0.0
ADMA,ADMA Biologics Inc,US Small Growth,0.0
SMPNY,Sompo Holdings Inc ADR,Intl Large Value,0.0
ADVM,Adverum Biotechnologies Inc,US Small Blend,0.0
AFMD,Affimed NV,US Small Value,0.0
AENT,Alliance Entertainment Holding Corp Ordinary Shares - Class A,US Small Value,0.0
ALLO,Allogene Therapeutics Inc,US Small Value,0.0
ALLT,Allot Ltd,Intl Small Value,0.0
AMAL,Amalgamated Financial Corp Ordinary Shares Class A,US Small Blend,0.0
APEI,American Public Education Inc,US Small Blend,0.0
AMLX,Amylyx Pharmaceuticals Inc,US Small Blend,0.0
HOUS,Anywhere Real Estate Inc,US Small Value,0.0
APLT, APLT Morningstar Rating Unlock,US Small Value,0.0
SSEZY,SSE PLC ADR,Intl Large Blend,0.0
ABUS,Arbutus Biopharma Corp,Intl Small Value,0.0
ARIS,Aris Water Solutions Inc Class A,US Small Value,0.0
ARQ,Arq Inc,US Small Value,0.0
ASRT,Assertio Holdings Inc,US Small Value,0.0
MHVIY,Mitsubishi Heavy Industries Ltd ADR,Intl Large Growth,0.0
SW,Smurfit WestRock PLC ,US Large Blend,0.0
CHDVX,Cullen High Dividend Equity I,** 86 US Large Value / 14 Intl Large Value **,0.0075
KGGIX,Kopernik Global All-Cap I,** 13 US Mid Value / 74 Intl Mid Value / 13 Cash **,0.0104
CIHIX,Cullen International High Dividend I,** 95 Intl Large Value / 5 Cash **,0.01
ERASX,Eaton Vance Atlanta Capital SMID-Cap R6,US Mid Growth,0.0082
KSRYY,KOSE Corp ADR,Intl Mid Growth,0.0
AGN,Allergan PLC,Intl Large Value,0.0
JSOZX,JPMorgan Strategic Income Opports R6 ,** 58 Cash / 42 Short-Term Inv. Grade **,0.005
ATRO,Astronics Corp,US Small Growth,0.0
AX,Axos Financial Inc,US Small Blend,0.0
BSVN,Bank7 Corp,US Small Blend,0.0
BALY,Ballys Corp Shs -144A,US Small Value,0.0
BTMD,Biote Corp,US Small Value,0.0
CHMI,Cherry Hill Mortgage Investment Corp,US Real Estate,0.0
XFOR,X4 Pharmaceuticals Inc,US Small Value,0.0
XNCR,Xencor Inc,US Small Growth,0.0
WINT,Windtree Therapeutics Inc,US Small Value,0.0
HEWG,"iShares Currency Hedged MSCI Germany ETF(USD,HEWG)",Intl Large Value,0.0053
WKME,WalkMe Ltd Ordinary Shares,US Small Blend,0.0
WTI,W&T Offshore Inc,US Small Value,0.0
VYNE,VYNE Therapeutics Inc,US Small Value,0.0
DSP,Viant Technology Inc Ordinary Shares - Class A ,US Small Growth,0.0
USNA,Usana Health Sciences Inc,US Small Value,0.0
UVSP,Univest Financial Corp,US Small Value,0.0
UEIC,Universal Electronics Inc,US Small Value,0.0
UFI,Unifi Inc,US Small Value,0.0
GROW,US Global Investors Inc Class A,US Small Value,0.0
TROO,TROOPS Inc,Intl Small Blend,0.0
RFDTX,American Funds 2025 Trgt Date Retire R6,** 35 US Large Blend / 15 Intl Large Blend / 45 Int-Term Inv. Grade / 5 Cash **,0.0031
TSEM,Tower Semiconductor Ltd,Intl Mid Blend,0.0
SKIN,The Beauty Health Co Ordinary Shares - Class A,US Small Value,0.0
TECX,Tectonic Therapeutic Inc,US Micro,0.0
SYRS,Syros Pharmaceuticals Inc,US Small Value,0.0
SGMA,Sigmatron International Inc,Intl Small Value,0.0
SRRK,Scholar Rock Holding Corp,US Small Value,0.0
RVP,Retractable Technologies Inc,US Small Value,0.0
RM,Regional Management Corp,US Small Value,0.0
ARESF,Artis Real Estate Investment Trust,** 54 US Real Estate / 46 Intl Real Estate **,0.0
PTCT,PTC Therapeutics Inc,US Small Growth,0.0
BSPAX,iShares S&P 500 Index Investor A,US Large Blend,0.0035
PLX,Protalix BioTherapeutics Inc,Intl Small Value,0.0
PGRU,PropertyGuru Group Ltd,Intl Mid Blend,0.0
BPRN,Princeton Bancorp Inc,US Small Value,0.0
DTIL,Precision BioSciences Inc,US Small Value ,0.0
PSTV,Plus Therapeutics Inc,US Small Value,0.0
OPHC,OptimumBank Holdings Inc ,US Small Value,0.0
OABI,OmniAb Inc ,US Small Value,0.0
NXTC,NextCure Inc,US Small Value,0.0
MODV,ModivCare Inc,US Small Value,0.0
INKT,MiNK Therapeutics Inc,US Micro,0.0
EISIX,Carillon ClariVest Intl Stock I,Intl Large Value,0.0096
MEC,Mayville Engineering Co Inc,US Small Blend,0.0
MHLD,Maiden Holdings Ltd,Intl Small Blend,0.0
MTG,MGIC Investment Corp,US Small Value,0.0
LXFR,Luxfer Holdings PLC,US Small Blend,0.0
LUNA,Luna Innovations Inc,US Small Blend,0.0
JYNT,The Joint Corp,US Small Growth,0.0
IZEA,IZEA Worldwide Inc,US Small Value,0.0
IOVA,Iovance Biotherapeutics Inc,US Small Value,0.0
IONQ,IonQ Inc Class A,US Small Growth,0.0
ITIC,Investors Title Co,US Small Value,0.0
QASCX,Federated Hermes MDT Small Cap Core A,US Small Blend,0.0114
IBOC,International Bancshares Corp,US Small Blend,0.0
IGIC,International General Insurance Holdings Ltd Ordinary Shares,Intl Small Blend,0.0
INLX,Intellinetics Inc,US Small Growth,0.0
INMB,INmune Bio Inc,US Small Value,0.0
INM,InMed Pharmaceuticals Inc,Intl Small Value,0.0
IBCP,Independent Bank Corp (Ionia MI),US Small Value,0.0
IMMR,Immersion Corp,US Small Blend,0.0
IHRT,iHeartMedia Inc,US Small Value,0.0
IESC,IES Holdings Inc,US Small Growth,0.0
ICL,ICL Group Ltd,Intl Mid Value,0.0
HICGX,Hennessy Cornerstone Growth Inst,** 90 US Small Value / 10 Intl Small Value **,0.0101
ICCH,ICC Holdings Inc,US Small Value,0.0
HUIZ,Huize Holding Ltd ADR,Intl Mid Blend,0.0
HSON,Hudson Global Inc,US Small Value,0.0
BVS,Bioventus Inc Class A,US Small Value,0.0
BBIO,BridgeBio Pharma Inc,US Small Growth,0.0
HOUR,Hour Loop Inc ,US Small Blend,0.0
HOTH,Hoth Therapeutics Inc Ordinary Shares,US Small Value,0.0
BCOV,Brightcove Inc,US Small Value,0.0
BV,BrightView Holdings Inc,US Small Value,0.0
BWEN,Broadwind Inc,US Small Blend,0.0
SSASX,State Street Income Fund,** 85 Int-Term Inv. Grade / 15 Cash **,0.0017
HFBL,Home Federal Bancorp Inc of louisiana,US Small Value,0.0
BY,Byline Bancorp Inc,US Small Value,0.0
CANF,Can Fite Biofarma Ltd ADR,Intl Small Value,0.0
HLLY,Holley Inc Class A,US Small Value,0.0
CZOOF,Cazoo Group Ltd Ordinary Shares - Class A,Intl Small Growth,0.0
CNTY,Century Casinos Inc,US Small Value,0.0
HQI,HireQuest Inc,US Small Blend,0.0
HEPA,Hepion Pharmaceuticals Inc,US Small Value,0.0
CSBR,Champions Oncology Inc,US Small Value,0.0
HAYW,Hayward Holdings Inc,US Small Blend,0.0
MMHDX,MainStay MacKay High Yield Muncpl Bd C,** 45 Long-Term Inv. Grade / 45 High Yield / 10 Cash **,0.0162
HAYN,Haynes International Inc,US Small Blend,0.0
CMRX,Chimerix Inc,US Small Value,0.0
HNVR,Hanover Bancorp Inc,US Small Value,0.0
CHT,Chunghwa Telecom Co Ltd ADR,Intl Large Blend,0.0
CIVB,Civista Bancshares Inc,US Small Value,0.0
HGTY,Hagerty Inc Ordinary Shares - Class A,US Small Blend,0.0
CCB,Coastal Financial Corp,US Small Growth,0.0
GRIN,Grindrod Shipping Holdings Ltd Ordinary Shares,Intl Small Value,0.0
GPMT,Granite Point Mortgage Trust Inc,US Small Value,0.0
GHM,Graham Corp,US Small Growth,0.0
GEN,Gen Digital Inc,US Mid Value,0.0
GDEN,Golden Entertainment Inc,US Small Value,0.0
IDYA,IDEAYA Biosciences Inc,US Small Blend,0.0
IMCR,Immunocore Holdings PLC ADR,Intl Large Blend,0.0
MURA,Mural Oncology PLC,Intl Small Blend,0.0
YI,111 Inc 1 ADR represents 2 Class Common stocks,Intl Small Blend,0.0
FENG,Phoenix New Media Ltd ADR,Intl Small Blend,0.0
CMMB,Chemomab Therapeutics Ltd ADR,Intl Small Blend,0.0
CONN,Conn's Inc,US Small Value,0.0
CNTX,Context Therapeutics Inc,US Small Value,0.0
CUE,Cue Biopharma Inc Ordinary Shares,US Small Blend,0.0
PZZA,Papa John's International Inc,US Small Blend,0.0
FATRX,Frost Total Return Bond Investor,Int-Term Inv. Grade,0.0072
CVRX,CVRx Inc,US Small Blend,0.0
NVRI,Enviri Corp,US Small Value,0.0
FATE,Fate Therapeutics Inc,US Small Blend,0.0
FXNC,First National Corp,US Small Value,0.0
FUNC,First United Corp,US Small Value,0.0
FONR,Fonar Corp,US Small Value,0.0
GAME,GameSquare Holdings Inc,US Small Value,0.0
GENK,GEN Restaurant Group Inc Class A Shares,US Small Blend,0.0
GCO,Genesco Inc,US Small Value,0.0
GLBZ,Glen Burnie Bancorp,US Small Value,0.0
CSVAX,Columbia International Div Inc A,Intl Large Blend,0.0127
LODE,Comstock Inc,US Small Blend,0.0
RAYE,Rayliant Quantamental Emer Mkt Eq ETF,Intl Large Blend,0.0088
RAYC,Rayliant Quantamental China Equity ETF,Intl large Blend,0.008
TLTW,iShares 20+ Year Trs Bd Buywrt Stgy ETF,Long-Term Treasury,0.0035
XBIO,Xenetic Biosciences Inc,US Small Value,0.0
SOPA,Society Pass Inc,Intl Small Blend,0.0
SMBK,SmartFinancial Inc,US Small Value,0.0
AIHS,Senmiao Technology Ltd,Intl Small Value,0.0
SLQT,SelectQuote Inc Ordinary Shares,US Small Value,0.0
PRTH,Priority Technology Holdings Inc,US Small Value,0.0
HF,HFF Inc Class A,US Small Growth,0.0
PRPO,Precipio Inc,US Small Value,0.0
NODK,NI Holdings Inc,US Small Value,0.0
NCSM,NCS Multistage Holdings Inc,US Small Value,0.0
MYTE,MYT Netherlands Parent BV ADR,Intl Small Blend,0.0
GLDD,Great Lakes Dredge & Dock Corp,US Small Blend,0.0
FTK,Flotek Industries Inc,US Small Value,0.0
XGN,Exagen Inc Ordinary Shares,US Small Value,0.0
RAYA,Erayak Power Solution Group Inc Class A,Intl Small Value,0.0
ELA,Envela Corp,US Small Blend,0.0
ELDN,Eledon Pharmaceuticals Inc ,US Small Value,0.0
USOI,Credit Suisse X-Lnks Crde OlShrsCvCllETN,Commodities,0.0085
CLMB,Climb Global Solutions Inc,US Small Value,0.0
CEAD,CEA Industries Inc,US Small Value,0.0
BTCT,BTC Digital Ltd Ordinary Shares,Intl Small Value,0.0
IBTA,Ibotta Inc Class A common stock,US Small Growth,0.0
CSAN,Cosan SA ADR,Intl Mid Blend,0.0
BTC,Grayscale Bitcoin Mini Trust (BTC),Non-Traditional,0.0015
EXFY,"Expensify, Inc.",US Small Value,0.0
ARSIX,AMG River Road Small Cap Value I,** 86 US Small Value / 4 Intl Small Value / 10 Cash **,0.011
DRTHX,BNY Mellon Sustainable US Eq Fd Z,** 99 US Large Growth / 1 Cash **,0.0076
SCINX,DWS CROCI International S,** 3 US Large Value / 97 Intl Large Value **,0.0093
DNA,Ginkgo Bioworks Holdings Inc,US Small Growth,0.0
KTCSX,DWS Science and Technology S,** 93 US Large Growth / 2 Intl Large Growth / 5 Cash **,0.0071
ARKQ,ARK Autonomous Technology&Robotics ETF,** 88 US Mid Growth / 12 Intl Mid Growth **,0.0075
XRE,iShares S&P/TSX Capped REIT ETF,Intl Mid Value,0.0061
VSC,Vietnam Container Shipping JSC,Intl Small Growth,0.0
VUN,Vunani Ltd,Intl Small Value,0.0
XIU,iShares S&P/TSX 60 ETF,Intl Large Blend,0.0
TILT,FlexShares Mstar US Mkt Factors Tilt ETF,US Large Blend,0.0025
VLAAX,Value Line Asset Allocation Investor,** 64 US Large Growth / 2 Intl Large Growth / 32 Int-Term Inv. Grade / 2 Cash **,0.0106
BKF,iShares MSCI BIC ETF,Intl Large Blend,0.007
HNNA,Hennessy Advisors Inc,US Small Value,0.0
GLDI,Credit Suisse X-Links Gold Cov Call ETN,Commodities,0.0065
SIXG,Defiance Connective Technologies ETF,** 92 US Large Blend / 8 Intl Large Blend **,0.003
AUGX,Augmedix Inc,US Small Growth,0.0
MPA,BlackRock MuniYield PA Quality,Long-Term Inv. Grade,0.0
LBRDp,Liberty Broadband Corp Pref Share,Preferred Stock,0.0
MBC,MasterBrand Inc Ordinary Shares,US Small Value,0.0
MYE,Myers Industries Inc,US Small Value,0.0
VLGEA,Village Super Market Inc Class A,US Small Value,0.0
QLSCX,Federated Hermes MDT Small Cap Core R6,** 97 US Small Blend / 3 Intl Small Blend **,0.0088
ARDUX,American Century One Choice 2040 R6,** 43 US Large Blend / 19 Intl Large Blend / 37 Int-Term Inv. Grade / 1 Cash **,0.005
RYLD,Global X Russell 2000 Covered Call ETF,Non-Traditional,0.006
PRPZX,PGIM Jennison MLP Z,** 95 US Mid Value / 5 Intl Mid Value **,0.0329
ACU,Acme United Corp,US Small Blend,0.0
FFIE,Faraday Future Intelligent Electric Inc Ordinary Shares,US Small Value,0.0
AKBA,Akebia Therapeutics Inc,US Small Value,0.0
BRK.B,Berkshire Hathaway Inc Class B,US Large Blend,0.0
SONVF,Sonova Holding AG,Intl Large Blend,0.0
PBT,Permian Basin Royalty Trust,US Small Blend,0.0
CEIN,Camber Energy Inc,US Small Value,0.0
EBON,Ebang International Holdings Inc Class A,Intl Small Value,0.0
ZVRA,Zevra Therapeutics Inc,US Small Value,0.0
GELYF,Geely Automobile Holdings Ltd,Intl Large Blend,0.0
COM,Direxion Auspice Broad Cmdty Strat ETF,Commodities,0.008
PFM,Invesco Dividend Achievers™ ETF,US Large Value,0.0052
PLMR,Palomar Holdings Inc ,US Small Growth,0.0
FHARX,Fidelity Freedom Blend 2040,** 48 US Large Growth / 40 Intl Large Growth / 12 Int-Term Treasury **,0.0049
SEQPX,Guggenheim World Equity Income P,** 70 US Large Blend / 30 Intl Large Blend **,0.0119
EGOAX,Allspring Large Cap Core A,US Large Blend,0.0107
SECUX,Guggenheim StylePlus - Mid Growth A,Non-Traditional,0.0175
RSPFX,Victory RS Partners A,US Small Value,0.0133
RXRX,Recursion Pharmaceuticals Inc Class A,US Small Growth,0.0
RBRK,Rubrik Inc Class A Shares,US Small Blend,0.0
HOV,Hovnanian Enterprises Inc,US Small Value,0.0
XRMI,Global X S&P 500® Risk Managed Inc ETF,US Large Blend,0.006
QRMI,Global X NASDAQ 100® Risk Mngd Inc ETF,US Large Growth,0.0061
AAGTX,American Funds 2040 Trgt Date Retire A,** 57 US Large Growth / 23 Intl Large Growth / 15 Int-Term Treasury / 5 Cash **,0.0071
TRRVX,T. Rowe Price Target 2025,** 31 US Large Blend / 13 Intl Large Blend / 50 Int-Term Inv. Grade / 6 Cash **,0.0051
CRIAX,CRM Small/Mid Cap Value Inst,US Small Blend,0.0102
TRHYX,T. Rowe Price Instl High Yield,High Yield,0.005
MCVSX,Victory Integrity Small-Cap Value C,US Small Value,0.0229
HAGAX,Carillon Eagle Mid Cap Growth A,** 95 US Mid Growth / 5 Intl Mid Growth **,0.0105
LAFAX,Columbia Acorn International Sel A,** 2 US Large Growth / 93 Intl Large Growth / 5 Cash **,0.0124
LTCH,Latch Inc Ordinary Shares,US Small Growth,0.0
CTCAX,Columbia Global Technology Growth A,** 89 US Large Growth / 9 Intl Large Growth / 2 Cash **,0.0119
PEMMX,Putnam Emerging Markets Equity A,** 1 US Large Growth / 97 Intl Large Growth / 2 Cash **,0.0127
RYSIX,Rydex Electronics Inv,** 90 US Large Growth / 10 Intl Large Growth **,0.0139
LCGNX,William Blair Large Cap Growth N,US Large Growth,0.009
FNYTX,Franklin NY Tax Free Income A1,Long-Term Inv. Grade,0.006
NRK,Nuveen NY AMT - Free Quality Muni Inc,Long-Term Inv. Grade,0.0237
TDV,ProShares S&PTech Div Arstcrts ETF,US Mid Blend,0.0045
GCOW,Pacer Global Cash Cows Dividend ETF,** 70 US Large Value / 30 Intl Large Valule **,0.006
PTIMX,Performance Trust Municipal Bond Instl,** 90 Long-Term Inv. Grade / 10 Cash **,0.005
TASMX,Transamerica Small/Mid Cap Value R6 ,US Mid Blend,0.0083
VDMCY,Vodacom Group Ltd ADR,Intl Large Blend,0.0
PARWX,Parnassus Endeavor Investor,US Large Value,0.0088
CSHCX,NYLI Cushing® MLP Premier Class C,** 86 US Mid Value / 13 Intl Mid Value / 1 Cash **,0.0223
FSEC,Fidelity Investment Grade Sec ETF,Int-Term Inv. Grade,0.0036
HYSAX,PGIM Short Duration High Yield Income A,High Yield,0.01
FELV,Fidelity Enhanced Large Cap Value ETF,US Large Value,0.0018
AVMV,Avantis U.S. Mid Cap Value ETF,US Mid Value,0.002
EWJV,iShares MSCI Japan Value ETF,Intl Large Value,0.0015
PFJDX,PFG JP Morgan Tactical Moderate Strat R,** 43 US Large Blend / 21 Intl Large Blend / 33 Int-Term Inv. Grade / 3 Cash **,0.0228
QDERQ,Chase Deposit Sweep,Cash/Money Market,0.0
FIPFX,Fidelity Freedom Index 2050 Investor,** 54 US Large Blend / 36 Intl Large Blend / 10 Long-Term Treasury **,0.0012
MTBA,Simplify MBS ETF,** 50 Int-Term Treasury / 50 Cash **,0.0015
BOUYY,Bouygues ADR,Intl Mid Value,0.0
FLQM,Franklin US Mid Cap Mltfctr Idx ETF,US Mid Blend,0.003
QBERQ,JPMORGAN IRA DEPOSIT,Cash/Money Market,0.0
CPXFX,Cohen & Steers Preferred Sec & Inc F,Preferred Stock,0.0
LPXFX,Cohen & Steers Low Duration Pref & Inc F,Preferred Stock,0.0
OAZMX,Oakmark R6,US Large Value,0.0063
OAZEX,Oakmark International Small Cap R6,Intl Mid Blend,0.0107
JFNNX,Janus Henderson Global Life Sciences N,** 80 US Large Growth / 20 Intl Large Growth **,0.0067
INFL,Horizon Kinetics Inflation Bnfcrs ETF,** 49 US Mid Blend / 45 Intl Mid Blend / 6 Cash **,0.0085
JMSFX,JPMorgan Income R6,Long-Term Inv. Grade,0.0039
JMBUX,JPMorgan Mortgage-Backed Securities R6,** 91 Int-Term Inv. Grade / 9 Cash **,0.0025
CZMWY,Carl Zeiss Meditec AG ADR,Intl Mid Growth,0.0
MZLSX,Muzinich Low Duration Supra Instl,** 91 Int-Term Inv. Grade / 9 Cash **,0.005
JDJRX,JHancock Diversified Macro R6,Non-Traditional,0.0128
JHQRX,JPMorgan Hedged Equity R6,US Large Blend,0.0033
JHDRX,JPMorgan Hedged Equity 2 R6,US Large Blend,0.0035
JHTRX,JPMorgan Hedged Equity 3 R6,US Large Blend,0.0035
BIVSX,Invenomic Super Institutional,** 3 US Small Value / 13 Intl Small Value / 84 Cash **,0.0198
PFLD,AAM Low Duration Pref & Inc Secs ETF,Preferred Stock,0.0
ICOW,Pacer Dev Mkts Intl Csh Cows 100 ETF,Intl Large Value,0.0065
INDS,Pacer Benchmark Industrial RE SCTR ETF,** 70 US Real Estate / 30 Intl Real Estate **,0.006
CPLIX,Calamos Phineus Long/Short I,** 2 US Large Value / 14 Intl Large Value / 84 Cash **,0.0139
HGOIX,Hartford Growth Opportunities I,** 90% US Large Growth / 10% Intl Large Growth **,0.0088
SCFFX,Shenkman Capital Short Dur Hi Inc F,High Yield,0.0075
TSEMX,Touchstone Sands Cptl Emerg Mkts Gr Y ,** 7 US Large Growth / 37 Intl Large Growth / 52 Emerging Large Growth / 4 Cash **,0.0115
CCVIX,Calamos Convertible A,Non-Traditional,0.0113
WATT,Energous Corp,US Small Value,0.0
LEMIF,Leading Edge Materials Corp,Intl Small Value,0.0
BRPHF,Galaxy Digital Holdings Ltd,US Small Growth,0.0
SATS,EchoStar Corp Class A,US Small Value,0.0
TPLGX,T. Rowe Price Instl Large Cap Core Gr,** 96 US Large Growth / 4 Intl Large Growth ** ,0.0057
WBCRX,William Blair Small-Mid Cap Core R6,** 89 US Small Growth / 10 Intl Small Growth / 1 Cash **,0.009
IHOVX,Hartford International Opportunities R6,** 2 US Large Growth / 95 Intl Large Growth / 3 Cash **,0.007
CICHY,China Construction Bank Corp ADR,Emerging Large Value,0.0
IMCV,iShares Morningstar Mid-Cap Value ETF,US Mid Value,0.0006
ISCG,iShares Morningstar Small-Cap Growth ETF,US Small Growth,0.0006
WIAEX,Wasatch Small Cap Growth Institutional,** 94 US Small Growth / 6 Intl Small Growth **,0.0106
BPSIX,Boston Partners Small Cap Value II I,** 94 US Small Value / 3 Intl Small Value / 3 Cash **,0.0099
WAIOX,Wasatch International Opps Inv,Intl Small Growth,0.0197
VRTS,Virtus Investment Partners Inc,US Small Value,0.0
GRAL,GRAIL Inc,US Small Blend,0.0
FZAEX,Fidelity Advisor Focused Em Mkts Z,** 14 Emerging Large Value / 41 Emerging Large Blend / 44 Emerging Large Growth / 1 Cash **,0.0084
FISZX,Fidelity SAI Intl SMA Cmpltn,Intl Large Growth,1e-06
CIHKY,China Merchants Bank Co Ltd ADR,Emerging Large Value,0.0
SEMVX,Hartford Schroders Emerging Mkts Eq A,** 44 Emerging Large Growth / 52 Intl Large Blend / 4 Cash **,0.0146
PAEIX,T. Rowe Price Overseas Stock Advisor,** 96 Intl Large Blend / 3 US Large Blend / 1 Cash **,0.0107
TRMIX,T. Rowe Price Mid-Cap Value I,** 90 US Mid Blend / 6 Intl Mid Blend / 4 Cash ** ,0.0072
AS,Amer Sports Inc,US Small Growth,0.0
FLUT,Flutter Entertainment PLC,US Large Growth,0.0
SN,SharkNinja Inc,US Mid Blend,0.0
CNH,CNH Industrial NV,Intl Mid Value,0.0
ACVA,ACV Auctions Inc Ordinary Shares - Class A,US Small Growth,0.0
ALPMY,Astellas Pharma Inc ADR,Intl Large Growth,0.0
BMWKY,Bayerische Motoren Werke AG ADR - Unsponsored,Intl Large Value,0.0
CSUAY,China Shenhua Energy Co Ltd ADR,Emerging Large Value,0.0
CAIXY,CaixaBank SA ADR,Intl Large Value,0.0
DRPRY,Dr. Ing. h.c. F. Porsche AG ADR,Intl Large Value,0.0
GFL,GFL Environmental Inc,US Mid Blend,0.0
OPHLY,Ono Pharmaceutical Co Ltd ADR,Intl Mid Value,0.0
PCRHY,Panasonic Holdings Corp ADR - Unsponsored,Intl Large Value,0.0
UMICY,Umicore SA ADR,Intl Mid Value,0.0
XCCC,BondBloxx CCC Rated USD HY Corp Bd ETF,High Yield,0.004
HMSFX,Hennessy Midstream Investor,** 92 US Mid Value / 4 Intl Mid Value / 5 Cash **,0.0178
DOG,ProShares Short Dow30,Non-Traditional,0.0095
ALAI,Alger AI Enablers & Adopters ETF,** 88 US Large Growth / 10 Intl Large Growth / 2 Cash **,0.0055
CHCGY,Chugai Pharmaceutical Co Ltd ADR,Intl Large Growth,0.0
HTUS,Hull Tactical US ETF,** 70 US Large Blend / 5 Short-Term Treasury / 25 Cash **,0.0096
DBEM,Xtrackers MSCI Em Mkts Hdg Eq ETF,** 96 Intl Large Blend / 4 Cash **,0.0067
GOAU,US Global GO GOLD and Prec Mtl Mnrs ETF,** 90 Intl Mid Blend / 10 US Mid Blend **,0.006
GRID,First Trust NASDAQ® Cln Edge®StGidIfsETF,** 50 US Large Blend / 50 Intl Large Blend **,0.0057
QLC,FlexShares US Quality Large Cap ETF,US Large Blend,0.0025
IQDE,FlexShares Intl Qual Div Defensv ETF,Intl Large Value,0.0047
XUSP,Innovator Uncapped Accelerated US Eq ETF,** 87 US Large Blend / 13 Cash **,0.0079
IETC,iShares U.S. Tech Independence Fcs ETF,US Large Growth,0.0018
HAWX,iShares Currency Hdgd MSCI ACWI exUS ETF,Intl Large Blend,0.0035
GDXY,YieldMax Gold Miners Opt Inc Strgy ETF,Non-Traditional,0.0099
CIBEY,Commercial International Bank (Egypt) SAE ADR,Emerging Mid Blend,0.0
GMOLX,GMO Opportunistic Income I,** 55 Short-Term Inv. Grade / 30 Cash / 15 Non-Traditional **,0.0067
QSPIX,AQR Style Premia Alternative I ,Non-Traditional,0.052
ARCIX,AQR Risk-Balanced Commodities Strategy I,** 66 Commodities / 19 Cash / 15 Int-Term Inv. Grade **,0.0104
HEQT,Simplify Hedged Equity ETF,US Large Blend,0.0044
SRDAX,Stone Ridge Diversified Alternatives I,Non-Traditional,0.021
PTNQ,Pacer Trendpilot™ 100 ETF,** 56 US Large Growth / 42 Cash / 2 Intl Large Growth **,0.0065
OPMSX,Invesco Main Street Mid Cap A,US Mid Blend,0.0106
GTSAX,Invesco Small Cap Growth A,** 95 US Small Growth / Intl Small Growth **,0.0117
BTMPX,iShares MSCI EAFE Intl Idx Inv P,US Large Blend,0.0035
PGRQX,PGIM Global Real Estate R6,** 65 US Mid Blend / 35 Intl Mid Blend **,0.0081
CPA,Copa Holdings SA Class A,Frontier Markets,0.0
RCWGX,American Funds Capital World Bond R6,World Bond,0.0048
ATGE,Adtalem Global Education Inc,US Small Growth,0.0
BITF,Bitfarms Ltd,US Small Blend,0.0
BLBD,Blue Bird Corp,US Small Growth,0.0
CORZ,Core Scientific Inc,US Small Growth,0.0
CAAP,Corporacion America Airports SA,Intl Mid Growth,0.0
MHO,M/I Homes Inc,US Small Value,0.0
NLCP,NewLake Capital Partners Inc Ordinary Shares,US Real Estate,0.0
ZETA,Zeta Global Holdings Corp Class A,Intl Small Growth,0.0
CLPR,Clipper Realty Inc,US Real Estate,0.0
FZDXX,"Fidelity® Money Market Premium(USD,FZDXX)",Cash/Money Market,0.0
MNRL,Brigham Minerals Inc,US Small Growth,0.0
MDV,Modiv Industrial Inc Ordinary Shares - Class C,US Real Estate,0.0
RIOCF,Riocan Real Estate Investment Trust,Intl Real Estate,0.0
STHO,Star Holdings,US Real Estate,0.0
VNNVF,Vonovia SE,Intl Real Estate,0.0
SILA,Sila Realty Trust Inc,US Real Estate,0.0
FSCJX,Fidelity SAI Canada Equity Index,Intl Large Blend,0.0015
FSISX,Fidelity SAI International Sm Cp Idx,Intl Mid Blend,0.001
FQITX,Fidelity SAI International Qly Idx,Intl Large Growth,0.002
FITMX,Fidelity SAI International Mtm Idx,Intl Large Growth,0.0018
FESIX,Fidelity SAI Real Estate Index,US Mid Blend,0.0007
PSQ,ProShares Short QQQ ,Non-Traditional,0.0095
FSPWX,Fidelity SAI Inflation-Protected Bd Idx,Int-Term Inv. Grade,0.0005
FSMOX,Fidelity SAI Investment Grd Seczd,Int-Term Inv. Grade,0.0031
SNGX,Soligenix Inc,US Small Value,0.0
KPTI,Karyopharm Therapeutics Inc,US Small Value,0.0
BLRX,BioLine Rx Ltd ADR,Intl Small Value,0.0
ATNM,Actinium Pharmaceuticals Inc,US Small Value,0.0
BRIBF,Brii Biosciences Ltd Ordinary Shares,Intl Small Value,0.0
BFWFX,American Funds Capital World Bond F2,** 90 World Bond / 10 Cash **,0.006
HDGIX,Hartford Dividend and Growth I ,** 86 US Large Value / 11 Intl Large Value / 3 Cash **,0.0073
RSPH,Invesco S&P 500® Equal Wt Hlth Care ETF,US Mid Value,0.004
WTRE,WisdomTree New Economy Real Estate ETF,** 60 US Real Estate / 40 Intl Real Estate **,0.0058
FBMS,First Bancshares Inc,US Small Value,0.0
GAP,Gap Inc,US Small Blend,0.0
PSNY,Polestar Automotive Holding UK PLC ADR Class A,Intl Small Blend,0.0
RDUS,Radius Recycling Inc Ordinary Shares - Class A,US Small Value,0.0
LTRAX,Lord Abbett Total Return A,Int-Term Inv. Grade,0.0065
VTWIX,Vanguard Total World Stock Index I,** 62 US Large Blend / 38 Intl Large Blend **,0.0008
CSR,Centerspace,US Real Estate,0.0
BTCY,Biotricity Inc,US Small Growth,0.0
EMPPF,EMP Metals Corp Ordinary Shares,Intl Small Growth,0.0
EP,Empire Petroleum Corp,US Small Blend,0.0
USAS,Americas Gold And Silver Corp,Intl Small Value,0.0
LAAC,Lithium Americas (Argentina) Corp,Intl Small Value,0.0
NMG,Nouveau Monde Graphite Inc,Intl Small Value,0.0
PWBK,Pacific West Bancorp,US Small Blend,0.0
RNGR,Ranger Energy Services Inc Class A,US Small Value,0.0
RFLXF,Reflex Advanced Materials Corp Ordinary Shares,US Small Blend,0.0
VRE,Veris Residential Inc,US Real Estate,0.0
NXRT,NexPoint Residential Trust Inc,US Real Estate,0.0
ELME,Elme Communities,US Real Estate,0.0
WS,Worthington Steel Inc,US Mid Blend,0.0
WKC,World Kinect Corp,US Small Blend,0.0
HHC,The Howard Hughes Corp,US Mid Growth,0.0
WT,WisdomTree Inc,US Small Blend,0.0
VTLE,Vital Energy,US Small Value,0.0
VIRT,Virtu Financial Inc Class A,US Small Blend,0.0
VIR,Vir Biotechnology Inc,US Small Value,0.0
VSTS,Vestis Corp,US Small Blend,0.0
UPBD,Upbound Group Inc,US Small Value,0.0
UCB,United Community Banks Inc,US Small Value,0.0
UFPT,UFP Technologies Inc,US Small Growth,0.0
TRUP,Trupanion Inc,US Small Growth,0.0
TFIN,Triumph Financial Inc,US Small Blend,0.0
BVN,Buenaventura Mining Co Inc ADR,Emerging Mid Blend,0.0
DRH,Diamondrock Hospitality Co,US Real Estate,0.0
THRY,Thryv Holdings Inc,US Small Value,0.0
TDS,Telephone and Data Systems Inc,US Small Value,0.0
TALO,Talos Energy Inc Ordinary Shares,US Small Value,0.0
SNCY,Sun Country Airlines Holdings Inc,US Small Value,0.0
SNEX,StoneX Group Inc,US Small Blend,0.0
STC,Stewart Information Services Corp,US Small Value,0.0
JOE,The St. Joe Co,US Real Estate,0.0
SBSI,Southside Bancshares Inc,US Small Value,0.0
SPNT,SiriusPoint Ltd,Intl Small Value,0.0
CWEGF,Crew Energy Inc,Intl Small Growth,0.0
SHAK,Shake Shack Inc Class A,US Small Growth,0.0
RNST,Renasant Corp,US Small Blend,0.0
RDNT,RadNet Inc,US Small Growth,0.0
QNST,QuinStreet Inc,US Small Blend,0.0
PTGX,Protagonist Therapeutics Inc,US Small Growth,0.0
UGP,Ultrapar Participacoes SA ADR,Intl Mid Blend,0.0
VLDX,Velo3D Inc,US Small Value,0.0
MLAAX,NYLI Winslow Large Cap Growth Class A,** 96 US Large Growth / 4 Intl Large Growth **,0.0098
ADTN,Adtran Holdings Inc,US Small Value,0.0
AGYS,Agilysys Inc,US Small Growth,0.0
JRNGF,Journey Energy Inc,Intl Small Blend,0.0
AMBC,Ambac Financial Group Inc,US Small Blend,0.0
AXL,American Axle & Mfg Holdings Inc,US Small Blend,0.0
ANDE,Andersons Inc,US Small Value,0.0
ANIP,ANI Pharmaceuticals Inc,US Small Blend,0.0
ASTH,Astrana Health Inc,US Small Growth,0.0
BGC,BGC Group Inc Ordinary Shares Class A,US Small Value,0.0
BSIG,BrightSphere Investment Group Inc,US Small Value,0.0
VTOL,Bristow Group Inc Ordinary Shares,US Small Value,0.0
CPF,Central Pacific Financial Corp,US Small Value,0.0
CENX,Century Aluminum Co,US Small Value,0.0
MEGEF,MEG Energy Corp,Intl Mid Growth,0.0
PUMP,ProPetro Holding Corp,US Small Blend,0.0
PRGS,Progress Software Corp,US Small Blend,0.0
PRG,PROG Holdings Inc Ordinary Shares,US Small Value,0.0
PRA,ProAssurance Corp,US Small Value,0.0
PLXS,Plexus Corp,US Small Blend,0.0
PHIN,Phinia Inc,US Small Value,0.0
CNXN,PC Connection Inc,US Small Blend,
PAYO,Payoneer Global Inc,US Small Growth,0.0
PARR,Par Pacific Holdings Inc,US Small Value,0.0
OII,Oceaneering International Inc,US Small Blend,0.0
REKR,Rekor Systems Inc,US Small Value,0.0
EYE,National Vision Holdings Inc,US Small Blend,0.0
NBHC,National Bank Holdings Corp Class A,US Small Blend,0.0
NTCT,NetScout Systems Inc,US Small Value,0.0
VYX,NCR Voyix Corp,US Small Value,0.0
NATL,NCR Atleos Corp,US Small Value,0.0
NABL,N-able Inc,Intl Small Growth,0.0
MOG.A,Moog Inc A,Preferred Stock,0.0
MCRI,Monarch Casino & Resort Inc,US Small Blend,0.0
MTX,Minerals Technologies Inc,US Small Value,0.0
CCS,Century Communities Inc,US Small Value,0.0
WEGRY,Weir Group PLC ADR,Intl Mid Blend,0.0
SBSW,Sibanye Stillwater Ltd ADR,Emerging Mid Value,0.0
CNS,Cohen & Steers Inc,US Small Blend,0.0
CXW,CoreCivic Inc,US Small Blend,0.0
CRGY,Crescent Energy Co Class A,US Small Value,0.0
CSWI,CSW Industrials Inc,US Small Growth,0.0
CURB,Curbline Properties Corp,US Real Estate,0.0
HWKN,Hawkins Inc,US Small Blend,0.0
HTLD,Heartland Express Inc,US Small Value,0.0
HSII,Heidrick & Struggles International Inc,US Small Value,0.0
HFWA,Heritage Financial Corp,US Small Value,0.0
IOSP,Innospec Inc,US Small Blend,0.0
DALXF,Spartan Delta Corp,Intl Small Growth,0.0
INVX,Innovex International Inc,US Small Blend,0.0
KALU,Kaiser Aluminum Corp,US Small Value,0.0
KN,Knowles Corp,US Small Blend,0.0
KOP,Koppers Holdings Inc,US Small Value,0.0
LQDT,Liquidity Services Inc,US Small Blend,0.0
MATW,Matthews International Corp Class A,US Small Value,0.0
MERC,Mercer International Inc,US Small Value,0.0
MGPI,MGP Ingredients Inc,US Small Value,0.0
NSIT,Insight Enterprises Inc,US Small Blend,0.0
HRMY,Harmony Biosciences Holdings Inc Ordinary Shares,US Small Blend,0.0
SSRM,SSR Mining Inc,US Mid Blend,0.0
HLIT,Harmonic Inc,US Small Value,0.0
PLUS,ePlus Inc,US Small Blend,0.0
ECPG,Encore Capital Group Inc,US Small Value,0.0
EIG,Employers Holdings Inc,US Small Blend,0.0
DVAX,Dynavax Technologies Corp,US Small Blend,0.0
DXPE,DXP Enterprises Inc,US Small Blend,0.0
PLAY,Dave & Buster's Entertainment Inc,US Small Blend,0.0
CTKB,Cytek Biosciences Inc,US Small Blend,0.0
CWK,Cushman & Wakefield PLC,US Small Value,0.0
TPC,Tutor Perini Corp ,US Small Value,0.0
ZPTAF,Surge Energy Inc,Intl Small Value,0.0
GRTSQ,Gritstone Bio Inc ,US Small Value,0.0
SMR,NuScale Power Corp Class A,US Small Blend,0.0
DFCF,Dimensional Core Fixed Income ETF,** 92 Int-Term Inv. Grade / 8 Cash **,0.0017
BBAG,JPMorgan BetaBuilders US Aggt Bond ETF,** 95 Int-Term Inv. Grade / 5 Cash **,0.0003
ILVBX,Columbia Integrated Large Cap Val A,US Large Value,0.008
MGNDX,Praxis Growth Index A,US Large Growth,0.0065
SCMB,Schwab Municipal Bond ETF,Int-Term Inv. Grade,0.0003
EOS,EV Enhanced Equity Income II,** 97 US Large Growth / 3 Intl Large Growth **,0.0109
NXP,Nuveen Select TaxFree Income,Int-Term Inv. Grade,0.0023
DFDSX,DF Dent Small Cap Growth Investor,** 91 US Small Growth / 4 Intl Small Growth / 5 Cash **,0.0105
TNEYF,Tamarack Valley Energy Ltd,Intl Small Blend,0.0
AMTM,Amentum Holdings Inc,US Mid Blend,0.0
FFOPX,Fidelity Freedom Index 2050 Instl Prem,** 55 US Large Blend / 35 Intl Large Blend / 10 Long-Term Inv. Grade **,0.0008
IAUM,iShares® Gold Trust Micro,Commodities,0.0009
BITX,2x Bitcoin Strategy ETF,Non-Traditional,0.019
CVM,CEL-SCI Corp,US Small Value,0.0
RGACX,American Funds Growth Fund of Amer R3,** 87 US Large Growth / 9 Intl Large Growth / 4 Cash **,0.0094
RERCX,American Funds Europacific Growth R3,** 3 US Large Growth / 92 Intl Large Growth / 5 Cash **,0.0112
RWICX,American Funds Capital World Gr&Inc R3,** 49 US Large Blend / 47 Intl Large Blend / 4 Cash **,0.0106
RACXX,American Funds US Government MMkt R3,Cash/Money Market,0.0096
RBFCX,American Funds Bond Fund of Amer R3,** 96 Int-Term Inv. Grade / 4 Cash **,0.0089
HHS,"Harte-Hanks Inc(USD,HHS)",US Small Value,0.0
CRMD,Cormedix Inc,US Small Growth,0.0
MRKR,Marker Therapeutics Inc,US Small Value,0.0
BAMPX,BlackRock 40/60 Target Allocation Inv A,** 32 US Large Blend / 10 Intl Large Blend / 10 Cash / 37 Int-Term Inv. Grade / 11 High Yield **,0.0061
JILAX,JHancock Multimanager Lifestyle Agrsv 1,** 61 US Large Blend / 32 Intl Large Blend / 2 Cash / 5 Short-Term Inv. Grade **,0.0108
STYAX,Allspring Core Plus Bond A,Int-Term Inv. Grade,0.0068
NWAMX,Nationwide BNY Mellon Dyn US Eq Inc K,Non-Traditional,0.007
SENAX,Allspring Mid Cap Growth Fund - Cl A,** 90 US Mid Growth / 10 Intl Mid Growth **,0.0118
SCVAX,Allspring Small Company Value A,US Small Value,0.0115
CVGRX,Calamos Growth A,** 97 US Large Growth / 3 Intl Large Growth **,0.0132
FSCHX,Fidelity Select Chemicals,** 98 US Mid Value / 2 Intl Mid Value **,0.007
SPGYF,Whitecap Resources Inc,Intl Mid Blend,0.0
BIAF,bioAffinity Technologies Inc,US Small Blend,0.0
DOLE,Dole PLC,Intl Small Value,0.0
ENZC,Enzolytics Inc,US Small Value,0.0
RYTM,Rhythm Pharmaceuticals Inc,US Small Growth,0.0
VIST,Vista Energy SAB de CV ADR,Intl Mid Growth,0.0
VSEC,VSE Corp,US Small Blend,0.0
YNGFF,Yangzijiang Financial Holding Ltd,Intl Mid Value,0.0
YSHLF,Yangzijiang Shipbuilding (Holdings) Ltd,Intl Large Blend,0.0
ZOM,Zomedica Corp Ordinary Shares,US Small Blend,0.0
FAEGX,Fidelity Advisor Equity Growth M,** 86 US Large Growth / 13 Intl Large Growth / 1 Cash **,0.0117
YGRAF,Yangarra Resources Ltd,Intl Small Value,0.0
FAGOX,Fidelity Advisor Growth Opps M,** 93 US Large Growth / 7 Intl Large Growth **,0.0093
FMCAX,Fidelity Advisor Stock Selec Mid Cp M,** 96 US Mid Blend / 3 Intl Mid Blend / 1 Cash **,0.0117
XSHD,Invesco S&P SmallCap Hi Div Low Vol ETF,US Small Value,0.003
FAPSX,Fidelity Risk Parity,Non-Traditional,0.0074
DRUG,Bright Minds Biosciences Inc Ordinary Shares,US Small Value,0.0
PACS,PACS Group Inc,US Small Blend,0.0
BITW,Bitwise 10 Crypto,Non-Traditional,0.025
IGC,IGC Pharma Inc,US Small Value,0.0
BYON,Beyond Inc ,US Small Value,0.0
PTLO,Portillos Inc Class A,US Small Blend,0.0
JOJO,ATAC Credit Rotation ETF,** 80 Long-Term Treasury / 20 Int-Term Treasury **,0.0114
RAPT,RAPT Therapeutics Inc Ordinary Shares,US Small Value,0.0
ALIT,Alight Inc Class A,US Small Value,0.0
AVD,American Vanguard Corp,US Small Value,0.0
CBZ,CBIZ Inc,US Small Growth,0.0
IBEX,IBEX Ltd,US Small Value,0.0
PEBO,Peoples Bancorp Inc (Marietta OH),US Small Value,0.0
SOBO,South Bow Corp ,Intl Mid Blend,0.0
USBpP,U.S. Bancorp Pref Share,Preferred Stock,0.0
VNOpM,Vornado Realty Trust Pref Share,Preferred Stock,0.0
FSLZX,Fidelity Advisor Stock Selec Mid Cp Z,** 96 US Small Blend / 3 Intl Small Blend / 1 Cash **,0.0055
RORO,ATAC US Rotation ETF,Long-Term Treasury,0.0113
FSRJX,Fidelity SAI Real Estate Fund,US Mid Blend,0.0056
FEDDX,Fidelity Emerging Markets Discovery,** 96 Intl Mid Blend / 4 US Mid Blend **,0.0097
PST,ProShares UltraShort 7-10 Year Treasury,Non-Traditional,0.0095
ORANY,Orange SA ADR,Intl Large Value,0.0
SGPYY,Sage Group (The) PLC ADR,Intl Large Growth,0.0
BLGVF,Belgravia Hartford Capital Inc,Intl Small Value,0.0
GSTMF,Goldstorm Metals Corp,Commodities,0.0
LYSDY,Lynas Rare Earths Ltd ADR,Intl Mid Growth,0.0
SGML,Sigma Lithium Corp,Intl Small Growth,0.0
SILJ,Amplify Junior Silver Miners ETF,US Small Blend,0.0069
EMXC,Shares MSCI Emerging Mkts ex China ETF,Emerging Large Blend,0.0025
ORFN,Constrained Capital ESG Orphans ETF,** 88 US Large Value / 12 Intl Large Value **,0.0075
JAGGF,Jaguar Mining Inc ,Intl Small Value,0.0
SRUUF,Sprott Physical Uranium Trust Units,Commoditites,0.0
IDSXX,Columbia Government Money Market A,Cash/Money Market,0.0
RGAHX,American Funds Growth Fund of Amer R5E,** 87 US Large Growth / 9 Intl Large Growth / 4 Cash **,0.0044
RHETX,American Funds 2030 Trgt Date Retire R5E,** 42 US Large Blend / 16 Intl Large Blend / 5 Cash / 37 Int-Term Inv. Grade **,0.0047
RGPFX,American Funds Moderate Gr & Inc R-5E,** 48 US Large Blend / 20 Intl Large Blend / 5 Cash / 27 Int-Term Inv. Grade **,0.0049
RWJ,Invesco S&P SmallCap 600 Revenue ETF,US Small Value,0.0039
JMUB,JPMorgan Municipal ETF,** 90 Int-Term Inv. Grade / 10 Cash **,0.0018
BMNIX,Baird Core Intermediate Municpl Bd Instl,Int-Term Inv. Grade,0.003
ARWIX,American Century One Choice 2025 Inv,** 32 US Large Blend / 13 Intl Large Blend / 54 Int-Term Inv. Grade / 1 Cash **,0.0078
JDST,Direxion Daily Jr Gld Mnrs Bear 2X ETF,Non-Traditional,0.009
ABAT,American Battery Technology Co,US Small Value,0.0
RECAF,Reconnaissance Energy Africa Ltd,Intl Small Growth,0.0
HMBL,HUMBL Inc,US Small Value,0.0
EGAN,eGain Corp,US Small Blend,0.0
RLX,RLX Technology Inc ADR,Intl Mid Blend,0.0
EAFGX,Eaton Vance Focused Growth Opps A,** 97 US Large Growth / 2 Intl Large Growth / 1 Cash **,0.0107
TQCAX,Touchstone Dividend Equity A,US Large Value,0.0105
ECSWX,Embark Commodity Strategy Institutional,** 16 Commodities / 20 Short-Term Treasury / 64 Cash **,0.0079
FRSXX,Fidelity Inv MM Treasury Only Instl,Cash/Money Market,0.0
VSMSX,Vanguard S&P Small-Cap 600 Index I,US Small Blend,0.0008
TACK,Fairlead Tactical Sector,** 74 US Large Value / 13 Short-Term Treasury / 13 Long-Term Treasury **,0.007
NOLCX,Northern Large Cap Core,US Large Blend,0.0045
QCGRRX,CREF Growth R1 ,** 96 US Large Growth / 4 Intl Large Growth **,0.0045
QCEQRX,CREF Equity Index R1,US Large Blend,0.0041
QCGLRX,CREF Global Equities R1,** 66 US Large Blend / 32 Intl Large Blend / 2 Cash **,0.0049
QCBMRX,CREF Core Bond R1,** 6 Cash / 24 Int-Term Treasury / 70 Int-Term Inv. Grade **,0.0047
QCILRX,CREF Inflation-Linked Bond R1,Int-Term Treasury,0.0042
TTIPX,Nuveen Lifecycle Index 2055 Premier,** 59 US Large Blend / 31 Intl Large Blend / 1 Cash / 9 Int-Term Inv. Grade **,0.0026
BXSL,Blackstone Secured Lending Fund Ordinary Shares,US Small Value,0.0
PBRA,Petroleo Brasileiro SA Petrobras ADR,Intl Large Value,0.0
CCLFX,Cliffwater Corporate Lending I,High Yield,0.0342
SARK,AXS Short Innovation Daily ETF,Non-Traditional,0.0075
FHAQX,Fidelity Freedom Blend 2045,** 53 US Large Blend / 40 Intl Large Blend / 7 Long-Term Treasury **,0.0049
EFIV,SPDR® S&P 500® ESG ETF,US Large Blend,0.001
KCLI,Kansas City Life Insurance Co,US Small Value,0.0
ALEC,Alector Inc,US Small Value,0.0
BTBT,Bit Digital Inc Ordinary Shares,US Small Growth,0.0
BTDR,Bitdeer Technologies Group Ordinary Shares Class A,Intl Mid Growth,0.0
BKD,Brookdale Senior Living Inc,US Small Value,0.0
CIFR,Cipher Mining Inc,US Small Growth,0.0
EDR,Endeavor Group Holdings Inc Class A,US Small Value,0.0
GRND,Grindr Inc,US Small Value,0.0
TFLO,iShares Treasury Floating Rate Bond ETF,** 80 Short-Term Treasury / 20 Cash **,0.0015
IREN,IREN Ltd,Intl Mid Growth,0.0
PNTG,Pennant Group Inc,US Small Growth,0.0
TBCH,Turtle Beach Corp,US Small Value,0.0
VYGR,Voyager Therapeutics Inc,US Small Value,0.0
UPAR,UPAR Ultra Risk Parity ETF,Non-Traditional,0.0065
AHR,American Healthcare REIT Inc Ordinary Shares ,US Real Estate,0.0
GXXIX,abrdn US Sustainable Leaders InstlSvc,** 92 US Large Growth / 5 Intl Large Growth / 3 Cash **,0.0096
XMTR,Xometry Inc Ordinary Shares - Class A,US Small Growth,0.0
NEMKY,Nemetschek SE ADR,Intl Mid Growth,0.0
LADX,LadRx Corp,US Small Blend,0.0
NOPE,Noble Absolute Return ETF,Non-Traditional,0.0182
FIFNX,Fidelity Advisor Founders,** 86 US Large Growth / 11 Intl Large Growth / 3 Cash **,0.0079
APLD,Applied Digital Corp,US Small Growth,0.0
QSI,Quantum-Si Inc Ordinary Shares - Class A,US Small Value,0.0
GROV,Grove Collaborative Holdings Inc Class A,US Small Value,0.0
HOLO,MicroCloud Hologram Inc,Intl Small Value,0.0
LAES,SEALSQ Corp,Intl Small Blend,0.0
QSI,Quantum-Si Inc Ordinary Shares - Class A,US Small Value,0.0
EIM,EV Municipal Bond,** 95 Long-Term Inv. Grade / 5 Cash **,0.0275
GABpH,Gabelli Equity Trust Inc Pref Share,Preferred Stock,0.0
UEPCP,Union Electric Co Pref Share,Preferred Stock,0.0
HI,Hillenbrand Inc,US Small Blend,0.0
VFMO,Vanguard US Momentum Factor ETF,US Mid Blend,0.0013
JIPAX,JHancock Strategic Income Opps A,Int-Term Inv. Grade,0.0109
JHFIX,JHancock Income A,Int-Term Inv. Grade,0.0083
JHHBX,JHancock High Yield A,High Yield,0.0092
HSLAX,Hartford Small Cap Growth A,US Small Growth,0.0131
NEFZX,Loomis Sayles Strategic Income A,** 8 US Large Blend / 30 High Yield / 4 Cash / 58 Int-Term Inv. Grade **,0.0094
JFEAX,JPMorgan Developed International Value A,** 95 Intl Large Value / 5 Cash **,0.01
IUAEX,JPMorgan International Focus A,** 96 Intl Large Blend / 2 US Large Blend / 2 Cash **,0.01
VSCOX,JPMorgan Small Cap Blend A ,US Small Blend,0.0124
VGRIX,JPMorgan US Value A,** 97 US Large Value / 2 Intl Large Value / 1 Cash **,0.0094
TBX,ProShares Short 7-10 Year Treasury,US Inverse Debt,0.0095
AQEAX,Columbia Disciplined Core A,US Large Blend,0.0096
XYZ,Block Inc Class A,US Mid Growth,0.0
JSDSX,JPMorgan Short Duration Core Plus I,Short-Term Inv. Grade,0.0039
STEYX,AB International Strat Eqs Adv,** 93 Intl Large Blend / 5 US Large Blend / 2 Cash **,0.0067
GNS,Genius Group Ltd,Intl Small Value,0.0
CSX,CSX Corp,US Mid Blend,0.0
ECFpA,Ellsworth Growth and Income Fund Ltd Pref Share,Preferred Stock,0.0
GGNpB,GAMCO Global Gold Natural Resources & Income Trust Pref Share,Preferred Stock,0.0
GGTpG,Gabelli Multimedia Trust Inc Pref Share,Preferred Stock,0.0
GNTpA,"GAMCO Natural Resources, Gold & Income Trust Pref Share",Preferred Stock,0.0
AGGH,Simplify Aggregate Bd PLUS Crdt Hdg ETF,** 50 Long-Term Inv. Grade / 30 Int-Term Inv. Grade / 20 Short-Term Inv. Grade **,0.003
KIMpL,Kimco Realty Corp Pref Share,Preferred Stock,0.0
PSBZP,Link Parks Inc Pref Share,Preferred Stock,0.0
GGTpE,Gabelli Multimedia Trust Inc Pref Share,Preferred Stock,0.0
BCVpA,Bancroft Fund Ltd Pref Share,Preferred Stock,0.0
GDVpH,Gabelli Dividend & Income Trust Pref Share,Preferred Stock,0.0
OPPpB,RiverNorth/DoubleLine Strategic Opportunity Fund Inc Pref Share,Preferred Stock,0.0
AEFC,Aegon Funding Company 5 10 Subordinated Notes Due 2049,Preferred Stock,0.0
PSApF,Public Storage Pref Share,Preferred Stock,0.0
VCPIX,Vanguard Core-Plus Bond Investor,Int-Term Inv. Grade,0.003
VTEC,Vanguard California Tax-Exempt Bond ETF,Int-Term Inv. Grade,0.0008
PFIX,Simplify Interest Rate Hedge ETF,** 45 Short-Term Treasury / 25 Cash / 30 Non-Traditional **,0.005
VPLS,Vanguard Core-Plus Bond ETF,Int-Term Inv. Grade,0.002
JVAYX,JPMorgan Value Advantage R6,** 96 US Mid Value / 2 Intl Mid Value / 2 Cash **,0.0055
LSIIX,Loomis Sayles Investment Grade Bond Y,** 13 High Yield / 2 Cash / 85 Int-Term Inv. Grade **,0.0049
DFEM,Dimensional Emerging Markets Cr Eq 2 ETF,** 51 Emerging Large Blend / 49 Intl Large Blend **,0.0039
DFGR,Dimensional Global Real Estate ETF,US Real Estate,0.0022
PSTQX,PGIM Short-Term Corporate Bond R6,** 5 High Yield / 92 Int-Term Inv. Grade / 3 Cash **,0.0038
USGFX,American Funds US Government Sec F3,** 6 Cash / 28 Short-Term Treasury / 66 Int-Term Treasury **,0.0025
NTPIF,Nam Tai Property Inc,Intl Real Estate,0.0
ELPC,Cia Paranaense De Energia Copel ADR (Representing Ordinary Shares),Intl Mid Blend,0.0
LEXI,Alexis Practical Tactical ETF,** 80 US Large Blend / 7 Cash / 8 Intl Large Blend / 5 Short-Term Treasury ** ,0.0101
FCVSX,Fidelity® Convertible Securities,US Mid Blend,0.0075
BILS,SPDR® Bloomberg 3-12 Mth TBill ETF,** 70 Short-Term Treasury / 30 Cash **,0.00135
FLG,Flagstar Financial Inc,US Small Value,0.0
PRCH,Porch Group Inc Ordinary Shares - Class A,Intl Small Blend,0.0
HFEAX,Janus Henderson European Focus A,** 97 Intl Large Growth / 3 US large Growth **,0.0129
IBHE,iShares iBonds 2025 Term HY and Inc ETF,** 36 Short-Term Inv. Grade / 47 High Yield / 17 Cash **,0.0035
YALL,God Bless America ETF,** 97 US Large Blend / 3 Cash **,0.0065
ACVF,American Conservative Values ETF,** 98 US Large Blend / 2 Intl Large Blend **,0.0075
VRSSF,VERSES AI Inc Class A (Sub Voting),Intl Small Value,0.0
IEGFX,Invesco EQV Intl Small Company R6,** 42 Intl Mid Blend / 51 Intl Small Blend / 7 Cash **,0.0107
BACpQ,Bank of America Corp Pref Share,Preferred Stock,0.0
BTX,BlackRock Tech and Private Equity Term,** 67 US Mid Growth / 9 Intl Mid Growth / 24 Non-Traditional **,0.0144
URNM,Sprott Uranium Miners ETF,** 65 Intl Small Growth / 20 Emerging Small Growth / 15 US Small Growth **,0.0085
BHFAM,Brighthouse Financial Inc Pref Share,Preferred Stock,0.0
SDHY,PGIM Short Duration High Yield Opps,** 90 High Yield / 10 Cash **,0.0185
NCV,Virtus Convertible & Income Fund,Non-Traditional,0.021
WFCpY,Wells Fargo & Co Pref Share,Preferred Stock,0.0
EBNAX,American Funds Emerging Markets Bd A,** 93 Emerging Market Debt / 7 Cash **,0.0097
BFRAX,BlackRock Floating Rate Income Inv A ,** 93 High Yield / 7 Cash **,0.0092
WHIAX,Macquarie High Income Fund Class A,High Yield,0.0089
OZKAP,Bank OZK Pref Share ,Preferred Stock,0.0
BHFAP,Brighthouse Financial Inc Pref Share,Preferred Stock,0.0
KEYpK,KeyCorp Pref Share,Preferred Stock,0.0
NLR,VanEck Uranium+Nuclear Engy ETF,** 50 US Mid Blend / 50 Intl Mid Blend **,0.006
JEMMX,JHancock Emerging Markets Equity I,** 2 US Large Growth / 2 Cash / 51 Emerging Large Growth / 45 Intl Large Growth **,0.0101
JSGAX,JHancock U.S. Growth A,** 97 US Large Growth / 2 Intl Large Growth / 1 Cash **,0.0098
PDYN,Palladyne AI Corp Class A,US Small Value,0.0
MQLFX,MFS Limited Maturity A,Short-Term Inv. Grade,0.0058
WEBNF,Westpac Banking Corp,Intl Large Blend,0.0
RNRpF,RenaissanceRe Holdings Ltd Pref Share,Preferred Stock,0.0
KEYpJ,KeyCorp Pref Share ,Preferred Stock,0.0
BACpB,Bank of America Corp Pref Share,Preferred Stock,0.0
TFCpO,Truist Financial Corp Pref Share,Preferred Stock,0.0
IYMIX,Macquarie Mid Cap Growth I,** 98 US Mid Growth / 2 Intl Mid Growth **,0.0079
HFND,Unlimited HFND Multi-Strgy Ret Trckr ETF,** 40 Cash / 20 US Large Blend / 10 Intl Large Blend / 5 Emerging Large Blend / 5 Non-Traditional / 10 Int-Term Inv. Grade / 10 High Yield **,0.0103
VADDX,Invesco Equally-Wtd S&P 500 Y,** 99 US Mid Value / 1 Intl Mid Value **,0.0029
MGOIX,NYLI MacKay U.S. Infrastructure Bd Cl I,** 98 Int-Term Inv. Grade / 2 Cash **,0.006
TSTIX,Transamerica Short-Term Bond I,** 96 Short-Term Inv. Grade / 4 Cash **,0.0051
EILVX,Eaton Vance Large-Cap Value I,** 97 US Large Value / 2 Intl Large Value / 1 Cash **,0.0078
XONE,BondBloxx Bloomberg One YrTrgDurUSTrsETF,Short-Term Treasury,0.0003
XHLF,BondBloxx Bloomberg SixMthTrgDurUSTrsETF,** 76 Short-Term Treasury / 24 Cash **,0.0003
SHYD,VanEck Short High Yield Muni ETF,High Yield,0.0035
PDSZX,PGIM Short Duration Muni Z ,Int-Term Inv. Grade,0.0032
JPLD,JPMorgan Limited Duration Bond ETF,** 91 Int-Term Inv. Grade / 9 Cash **,0.0024
ISPY,ProShares S&P 500 High Income ETF,US Large Blend,0.0055
JO,iPath® B Bloomberg Coffee Ttl Ret ETN,Commodities,0.0045
GSMYX,Goldman Sachs Small/Mid Cap Growth Instl,** 94 US Small Growth / 5 Intl Small Growth / 1 Cash **,0.0092
FDIGX,Fidelity Advisor Consumer Staples I,** 96 US Large Value / 4 Intl Large Value **,0.0073
EMAIX,Eaton Vance Short Duration Muni Opps I,Int-Term Inv. Grade,0.005
EIHSX,Eaton Vance Worldwide Health Sci I,** 74 US Large Blend / 26 Intl Large Blend **,0.0091
DRGVX,BNY Mellon Dynamic Value Fund I,** 97 US Large Value / 2 Intl Large Value / 1 Cash **,0.0068
BINC,iShares Flexible Income Active ETF,** 60 Int-Term Inv. Grade / 40 Cash **,0.004
AICYX,AB Intermediate California Municipal Adv,Int-Term Inv. Grade,0.005
GCREX,Apollo Diversified Real Estt C,US Real Estate,0.0323
MGTI,MGT Capital Investments Inc,US Small Blend,0.0
BPLBX,BlackRock Inflation Protected Bond K,Inflation Protected,0.0104
CSJAX,Cohen & Steers Realty Shares A,US Real Estate,0.0115
EIBRX,Eaton Vance Income Fund of Boston R6,** 95 High Yield / 5 Cash **,0.0064
HRMDX,Heartland Mid Cap Value Investor,** 96 US Mid Value / 4 Intl Mid Value **,0.011
PCLCX,PACE Large Co Growth Equity P,** 93 US Large Growth / 3 Intl Large Growth / 4 Cash **,0.0088
PCSVX,PACE Small/Medium Co Value Equity P,** 97 US Small Value / 2 Intl Small Value / 1 Cash **,0.0104
BBAI,BigBear.ai Holdings Inc,US Small Value,0.0
KSCP,Knightscope Inc Ordinary Shares - Class A,US Small Value,0.0
NKLAQ,Nikola Corp,US Small Value,0.0
SUNE,SUNation Energy Inc,US Small Value,0.0
DRS,Leonardo DRS Inc,US Small Growth,0.0
LITAX,Columbia Intermediate Dur Muni Bd A,Int-Term Inv. Grade,0.0061
JUNW,AllianzIM U.S. Large Cp Buffer20 Jun ETF,US Large Blend,0.0074
ZDEK,Innovator Equity Defined Prt ETF -1YrDec,US Large Blend,0.0079
UAUG,Innovator U.S. Equity Ultra BufferETFAug,US Large Blend,0.0079
VFLO,VictoryShares Free Cash Flow ETF,US Mid Value,0.0039
BWMN,Bowman Consulting Group Ltd,US Small Blend,0.0
OCTW,AllianzIM US Large Cap Buffer20 Oct ETF,US Large Blend,0.0074
NEXT,NextDecade Corp,US Small Growth,0.0
UDEC,Innovator U.S. Equity Ultra BffrETF™-Dec,** 98 US Large Blend / 2 Cash **,0.0079
SNDK,SanDisk Corp Ordinary Shares,US Mid Blend,0.0
HIEMX,VIRTUS VONTOBEL EMRG MKTS OPPTY FD I,Emerging Large Growth,0.0129
GMAYX,GMO Small Cap Quality I,** 52 US Small Blend / 40 US Small Growth / 8 US Small Value **,0.0075
OBDC,Blue Owl Capital Corp Ordinary Shares,US Small Value,0.0
PNAIX,T. Rowe Price All-Cap Opportunities-I,** 92 US Large Growth / 7 Intl Large Growth / 1 Cash **,0.0066
GSIYX,Goldman Sachs GQG Ptnrs Intl Opps R6,** 13 US Large Blend / 85 Intl Large Blend / 2 Cash **,0.0073
OGIAX,JPMorgan Investor Balanced A,** 38 US Large Blend / 12 Intl Large Blend / 45 Int-Term Inv. Grade / 5 Cash **,0.0057
FHQRX,Franklin High Income A,High Yield,0.0083
FISEX,Franklin Equity Income A,** 84 US Large Value / 5 Intl Large Value / 5 Cash / 6 Int-Term Inv. Grade **,0.0082
SIGAX,Western Asset Corporate Bond A,Long-Term Inv. Grade,0.0089
ENFY,Enlightify Inc,Intl Small Value,0.0
FTXXX,Goldman Sachs Investor Tax-Ex MM Instl,Cash/Money Market,0.0
FASEX,Nuveen Mid Cap Value A,US Mid Value,0.0116
BSMT,Invesco BulletShares 2029 Muncpl Bd ETF,Long-Term Inv. Grade,0.0018
BSMQ,Invesco BulletShares 2026 Muncpl Bd ETF,Int-Term Inv. Grade,0.0018
BSMP,Invesco BulletShares 2025 Muncpl Bd ETF,** 85 Int-Term Inv. Grade / 15 Cash **,0.0018
BSMU,Invesco BulletShares 2030 Muncpl Bd ETF,Long-Term Inv. Grade,0.0018
BDMIX,BlackRock Global Equity Mkt Netrl Instl,** 84 Cash / 5 US Mid Blend / 1 Intl Mid Blend / 10 Short-Term Treasury **,0.0134
PISXX,Allspring Treasury Plus MMkt Inst,Cash/Money Market,0.0
NFRIX,Nuveen Floating Rate Income I ,** 9 Cash / 91 High Yield ** ,0.0074
IBDV,iShares iBonds Dec 2030 Term Corp ETF,Int-Term Inv. Grade,0.001
IBTG,iShares iBonds Dec 2026 Term Tr ETF,Short-Term Inv. Grade,0.0007
IBTI,iShares iBonds Dec 2028 Term Tr ETF,Short-Term Inv. Grade,0.0007
GUHYX,Victory High Yield A,High Yield,0.01
IBTJ,iShares iBonds Dec 2029 Term Tr ETF,Int-Term Inv. Grade,0.0007
PKST,Peakstone Realty Trust Ordinary Shares - Class E,US Real Estate,0.0
ETHA,iShares Ethereum Trust ETF,Non-Traditional,0.0025
KEUA,KraneShares European Carb Allw Stgy ETF,** 21 Short-Term Inv. Grade / 39 Cash / 40 Non-Traditional **,0.0082
FFLS,Future Fund Long/Short ETF,** 48 US Large Growth / 6 Intl Large Growth / 46 Cash **,0.0124
IQDG,WisdomTree International Qual Div Gr ETF,Intl Large Growth,0.0042
QGMIX,AQR Macro Opportunities I,Non-Traditional,0.0142
MASFX,iMGP Alt Strats Instl,** 18 US Mid Blend / 2 Intl Mid Blend / 13 Cash / 40 High Yield / 27 Int-Term Inv. Grade **,0.016
PAR,PAR Technology Corp,US Small Growth,0.0
AHLYX,American Beacon AHL Mgd Futs Strat Y,** 69 Cash / 31 Short-Term Treasury **,0.0163
SLVM,Sylvamo Corp Ordinary Shares When Issued,US Small Value,0.0
CENN,Cenntro Electric Group Ltd,US Small Growth,0.0
MLLAX,MFS Lifetime Income A ,** 70 Int-Term Inv. Grade / 20 US Large Blend / 10 Intl Large Blend **,0.007
TCFEX,T. Rowe Price California Tax-Free Bond I,** 22 High Yield / 78 Long-Term Inv. Grade **,0.0044
TLQIX,Nuveen Lifecycle Index 2025 R6,** 31 US Large Blend / 17 Intl Large Blend / 50 Long-Term Inv. Grade / 2 Cash **,0.001
TRGIX,Nuveen Core Equity Retire,US Large Blend,0.0065
TRVRX,Nuveen Mid Cap Value Retire ,** 96 US Mid Value / 3 Intl Mid Value / 1 Cash **,0.0071
QCSCRX,CREF Social Choice R1,** 41 US Large Blend / 19 Intl Large Blend / 40 Long-Term Inv. Grade **,0.0042
ASEA,Global X FTSE Southeast Asia ETF,Intl Large Value,0.0065
FRDM,Freedom 100 Emerging Markets ETF,** 28 Emerging Large Blend / 72 Intl Large Blend **,0.0082
KRMA,Global X Conscious Companies ETF,US Large Blend,0.0043
AFK,VanEck Africa ETF,** 97 Intl Mid Blend / 3 US Mid Blend **,0.0131
UEEC,United Health Products Inc,US Micro,0.0
VVOAX,Invesco Value Opportunities A,** 80 US Mid Value / 15 Intl Mid Value / 5 Cash **,0.0122
IVVD,Invivyd Inc Ordinary Shares,US Small Value,0.0
CRVS,Corvus Pharmaceuticals Inc,US Small Value,0.0
AVIFY,Advanced Info Service PCL ADR ,Intl Large Blend,0.0
CXW,CoreCivic Inc,US Small Blend,0.0
DOUG,Douglas Elliman Inc ,US Small Blend,0.0
EEA,European Equity Fund,** 95 Intl Large Blend / 3 US Large Blend / 2 Cash **,0.0149
FLG,Flagstar Financial Inc,US Small Blend,0.0
HOVNP,Hovnanian Enterprises Inc Pref Share,Preferred Stock,0.0
IPI,Intrepid Potash Inc,US Small Value,0.0
JAPAF,Japan Tobacco Inc,Intl Large Value,0.0
UVE,Universal Insurance Holdings Inc,US Small Value,0.0
KALU,Kaiser Aluminum Corp ,US Small Value,0.0
KF,Korea Fund,Intl Large Value,0.0144
LUNMF,Lundin Mining Corp,Intl Mid Blend,0.0
MXF,Mexico Fund,Intl Large Blend,0.0135
MRP,Millrose Properties Inc Class A,US Real Estate,0.0
NATH,Nathan's Famous Inc,US Small Blend,0.0
NBIS,Nebius Group NV Shs Class-A,Intl Mid Growth,0.0
NAN,Nuveen NY Quality Muni Inc,** 23 High Yield / 35 Long-Term Inv. Grade / 42 Int-Term Inv. Grade **,0.0384
SHAK,Shake Shack Inc Class A,US Small Growth,0.0
TWN,Taiwan Fund ,** 91 Intl Large Growth / 9 Cash **,0.0091
ACFFX,Columbia Acorn International Sel Inst,Intl Mid Growth,0.0099
CUT,Invesco MSCI Global Timber ETF,** 42 US Mid Value / 58 Intl Mid Value **,0.0074
PBT,Permian Basin Royalty Trust,US Small Value,0.0
UPW,ProShares Ultra Utilities,** 84 US Mid Value / 16 Cash **,0.0095
SKF,ProShares UltraShort Financials,Non-Traditional,0.0095
IFNNF,Infineon Technologies AG,Intl Large Blend,0.0
RIGGX,American Funds Intl Gr and Inc R6,** 91 Intl Large Blend / 5 US Large Blend / 4 Cash **,0.0054
BDSKX,BlackRock Advantage Small Cap Core K,** 99 US Small Blend / 1 Intl Small Blend **,0.0045
PMTpC,PennyMac Mortgage Investment Trust Pref Share,Preferred Stock,0.0
NLYpF,Annaly Capital Management Inc Pref Share,Preferred Stock,0.0
CIMpB,Chimera Investment Corp Pref Share,Preferred Stock,0.0
DBMZX,BNY Mellon Sm/Md Cp Gr Z,US Mid Growth,0.0077
CIMpA,Chimera Investment Corp Pref Share,Preferred Stock,0.0
APSGX,NYLI Fiera SMID Growth Class I ,** 94 US Small Growth / 3 Intl Small Growth / 3 Cash **,0.0085
PGTQX,PGIM Global Total Return R6,** 97 Int-Term Inv. Grade / 3 Non-Traditional **,0.0053
CNSWF,Constellation Software Inc,Intl Large Growth,0.0
PCVX,Vaxcyte Inc Ordinary Shares,US Small Blend,0.0
CHAT,Roundhill Generative AI & Technology ETF,** 68 US Large Growth / 32 Intl Large Growth **,0.0075
SEG,Seaport Entertainment Group Inc,US Small Growth,0.0
ESRT,Empire State Realty Trust Inc Class A,US Real Estate,0.0
MSDL,Morgan Stanley Direct Lending Fund,US Small Value,0.0
PNNT,Pennant Park Investment Corp,US Small Value,0.0
CHGCY,Chugai Pharmaceutical Co Ltd ADR,Intl Large Growth,0.0
SAR,Saratoga Investment Corp,US Small Value,0.0
SPOK,Spok Holdings Inc,US Small Blend,0.0
TEN,Tsakos Energy Navigation Ltd,Intl Small Value,0.0
MBOX,Freedom Day Dividend ETF,** 90 US Large Value / 9 Intl Large Value / 1 Cash **,0.0039
ARTY,iShares Future AI & Tech ETF,** 86 US Large Growth / 14 Intl Large Growth **,0.0047
BHR,Braemar Hotels & Resorts Inc,US Real Estate,0.0
IEVAX,Columbia Global Value A,** 70 US Large Value / 30 Intl Large Value **,0.0113
INDZX,Columbia Large Cap Value A,** 95 US Large Value / 4 Intl Large Value / 1 **,0.0098
PBQAX,PGIM Jennison Blend A,** 91 US Large Blend / 7 Intl Large Blend / 2 Cash **,0.0093
POVSX,Putnam International Equity A,** 5 US Large Blend / 93 Intl Large Blend / 2 Cash **,0.012
DSNKY,Daiichi Sankyo Co Ltd ADR,Intl Large Growth,0.0
CFLGX,ClearBridge Tactical Dividend Income A ,** 96 US Large Value / 4 Intl Large Value **,0.014
PFFR,InfraCap REIT Preferred ETF,US Real Estate,0.0045
AAMI,Acadian Asset Management Inc,US Small Blend,0.0
AESI,Atlas Energy Solutions Inc Class A,US Small Growth,0.0
BHLB,Berkshire Hills Bancorp Inc,US Small Value,0.0
CENTA,Central Garden & Pet Co Class A ,US Small Value,0.0
CON,Concentra Group Holdings Parent Inc,US Small Blend,0.0
ESI,Element Solutions Inc,US Small Blend,0.0
ECG,Everus Construction Group Inc,US Small Blend,0.0
FFBC,First Financial Bancorp,US Small Value,0.0
EVTC,Evertec Inc,US Mid Blend,0.0
GES,Guess? Inc,US Small Value,0.0
HCI,HCI Group Inc ,US Small Growth,0.0
JBTM,JBT Marel Corp,US Small Blend,0.0
MMI,Marcus & Millichap Inc,US Small Blend,0.0
PDFS,PDF Solutions Inc,US Small Growth,0.0
PENG,Penguin Solutions Inc,US Small Value,0.0
PRSU,Pursuit Attractions and Hospitality Inc ,US Small Growth,0.0
SCSC,ScanSource Inc,US Small Value,0.0
SWI,SolarWinds Corp Ordinary Shares,US Small Blend,0.0
STEL,Stellar Bancorp Inc,US Small Value,0.0
HIG,"The Hartford Financial Services Group Inc(USD,HIG)",US Mid Value,0.0
STRA,Strategic Education Inc,US Small Value,0.0
TWI,Titan International Inc ,US Small Value,0.0
TWO,Two Harbors Investment Corp,US Small Value,0.0
KNTK,Kinetik Holdings Inc,US Small Blend,0.0
FDUS,Fidus Investment Corp,US Small Value,0.0
NANC,Unusual Whales Subversive Dem Trd ETF,US Large Growth,0.0074
BALI,iShares Advantage Large Cap Income ETF,US Large Blend,0.0035
ALTY,Global X Alternative Income ETF,** 55 US Mid Value / 6 Intl Mid Value / 1 Cash / 18 Non-Traditional / 20 Long-Term Inv. Grade ** ,0.005
HPI,JH Preferred Income,Preferred Stock,0.0517
IYLD,iShares Morningstar Multi-Asset Inc ETF,** 4 US Large Value / 21 Intl Large Value / 14 High Yield / 1 Cash / 60 Int-Term Inv. Grade **,0.0049
AGM,Federal Agricultural Mortgage Corp Class C,US Small Value,0.0
GPRF,Goldman Sachs Acs US Pref Stk &HySecETF,Preferred Stock,0.0045
TARA,Protara Therapeutics Inc Ordinary Shares,US Small Value,0.0
IQDY,FlexShares Intl Qual Div Dynamic ETF,** 99 Intl Large Value / 1 Cash **,0.0047
FEHIX,First Eagle High Yield Municipal I,High Yield,0.0057
MMIN,NYLI MacKay Muni Insured ETF,Long-Term Inv. Grade,0.003
AIRR,First Trust RBA Amer Indl RenaisTM ETF,US Small Blend,0.007
KORP,American Century Dvrs Corp Bd ETF,** 3 Cash / 11 High Yield / 86 Long-Term Inv. Grade **,0.0029
CGMS,Capital Group U.S. Multi-Sector Inc ETF,** 40 High Yield / 3 Cash / 57 Int-Term Inv. Grade **,0.0039
TRAMX,T. Rowe Price Africa & Middle East,** 97 Intl Mid Blend / 3 Cash **,0.013
VGWAX,Vanguard Global Wellington Admiral,** 37 US Large Value / 28 Intl Large Value / 2 Cash / 33 Int-Term Inv. Grade **,0.0035
FUBO,FuboTV Inc,US Small Blend,0.0
FUPBY,Fuchs Petrolub SE ADR,Intl Mid Blend,0.0
VESGX,Vanguard Global ESG Select Stk Admiral,** 52 US Large Blend / 48 Intl Large Blend **,0.0048
CGCP,Capital Group Core Plus Income ETF,** 11 Cash / 19 High Yield / 70 Int-Term Inv. Grade **,0.0034
DLDRX,BNY Mellon Natural Resources I,** 62 US Mid Value / 37 Intl Mid Value / 1 Cash **,0.0089
TUHYX,T. Rowe Price US High Yield,** 93 High Yield / 7 Cash **,0.0075
TCOIX,Nuveen Lifecycle 2040 R6,** 49 US Large Blend / 27 Intl Large Blend / 18 Int-Term Inv. Grade / 1 Cash / 3 US Real Estate / 2 Intl Real Estate ** ,0.0027
TLZIX,Nuveen Lifecycle Index 2040 R6 ,** 50 US Large Blend / 27 Intl Large Blend / 22 Int-Term Inv. Grade / 1 Cash **,0.0011
TTFRX,Nuveen Lifecycle 2045 Retirement,** 54 US Large Blend / 30 Intl Large Blend / 1 Cash / 10 Int-Term Inv. Grade / 3 US Real Estate / 2 Intl Real Estate **,0.0052
PCGpA,Pacific Gas & Electric Co Pref Share,Preferred Stock,0.0
OICAX,JPMorgan Investor Conservative Growth A,** 20 US Large Blend / 9 Intl Large Blend / 66 Int-Term Inv. Grade / 5 Cash **,0.0057
DSCLX,DFA International Social Cor Eq Instl,Intl Large Blend,0.0027
GXYYY,Galaxy Entertainment Group Ltd ADR,Intl Large Value,0.0
FOFZX,Franklin OR Tax Free Income Adv,Long-Term Inv. Grade,0.0056
FORCX,Nuveen Oregon Intermediate Muni Bd I,Int-Term Inv. Grade,0.0066
ICSCX,William Blair Small Cap Value I,** 95 US Small Value / 3 Cash / 2 Intl Small Value **,0.0089
HILIX,Hartford International Value I,** 97 Intl Large Value / 3 Cash **,0.0091
HYDB,iShares High Yield Systematic Bond ETF,High Yield,0.0035
MIMIX,MFS Municipal Income I,** 70 Long-Term Inv. Grade / 30 High Yield **,0.0051
CDP,COPT Defense Properties,US Small Value,0.0
QXO,QXO Inc,US Small Value,0.0
ROIV,Roivant Sciences Ltd Ordinary Shares,US Mid Growth,0.0
GLPEY,Galp Energia SGPS SA ADR,Intl Mid Value,0.0
FCIGX,Fidelity Advisor Small Cap Growth I,** 92 US Small Growth / 8 Intl Small Growth **,0.0098
ALLO,Allogene Therapeutics Inc,US Small Value,0.0
ALT,Altimmune Inc,US Small Value,0.0
CRBP,Corbus Pharmaceuticals Holdings Inc,US Small Value,0.0
HUMA,Humacyte Inc,US Small Value,0.0
ACVF,American Conservative Values ETF,US Large Blend,0.0075
TRRMX,T. Rowe Price Retirement 2050,** 65 US Large Blend / 35 Intl Large Blend **,0.0063
FJTDX,Fidelity Flex Conservative Income Bd,** 60 Short-Term Inv. Grade / 40 Cash **,0.0
FIBUX,Fidelity Flex US Bond Index,** 50 Int-Term Inv. Grade / 50 Int-Term Treasury **,0.0
FLGXX,Fidelity Flex Government Money Mkt,Cash/Money Market,0.0012
GEBHY,Genting Bhd ADR,Emerging Large Value,0.0
AACTX,American Funds 2020 Trgt Date Retire A,** 35 US Large Blend / 10 Intl Large Blend / 55 Int-Term Inv. Grade **,0.0062
PSPTX,PIMCO StocksPLUS® Absolute Return Instl,US Large Blend,0.0064
PSCSX,PIMCO StocksPLUS® Small Institutional ,US Mid Blend,0.0069
QBTS,D-Wave Quantum Inc,US Small Value,0.0
LPCRX,BlackRock LifePath® Dyn Retirement Inv C ,** 25 US Large Blend / 20 Intl Large Blend / 55 Int-Term Inv. Grade **,0.0146
VSVNX,Vanguard Target Retirement 2070 Fund,** 53 US Large Blend / 36 Intl Large Blend / 10 Int-Term Inv. Grade / 1 Cash **,0.0008
PEN,Penumbra Inc,US Mid Growth,0.0
AVLV,Avantis US Large Cap Value ETF,US Large Value,0.0015
VCRB,Vanguard Core Bond ETF ,Int-Term Inv. Grade,0.001
PNPFF,Pinetree Capital Ltd,Intl Small Growth,0.0
GOFPY,Greek Organisation of Football Prognostics SA ADR,Emerging Mid Blend,0.0
PGP,PIMCO Global StocksPLUS & Income,Non-Traditional,0.0343
PALAF,Paladin Energy Ltd ,Intl Mid Growth,0.0
NXGCF,NeXGold Mining Corp,Intl Small Value,0.0
LGDTF,Liberty Gold Corp,Intl Small Value,0.0
EUUNF,Azarga Metals Corp,Commodities,0.0
AGIZX,Alger Growth & Income Z,** 92 US Large Value / 3 Intl Large Value / 5 Cash **,0.0064
CDOAX,Columbia Dividend Opportunity S,US Large Value,0.0082
SZIAX,DWS Total Return Bond A ,Long-Term Inv. Grade,0.0076
CSFAX,Cohen & Steers Global Realty A ,** 34 Intl Real Estate / 66 US Real Estate **,0.0119
JDIAX,Janus Henderson Overseas A,** 88 Intl Large Blend / 11 US Large Blend / 1 Cash **,0.0118
GRFS,Grifols SA ADR,Intl Mid Growth,0.0
SSCOX,Touchstone Small Company C,** 96 US Small Blend / 2 Intl Small Blend / 2 Cash **,0.0196
FAVUX,Fidelity Freedom Index 2060 Premier II,** 53 US Large Blend / 37 Intl Large Blend / 10 Long-Term Inv. Grade **,0.0004
DCO,Ducommun Inc,US Small Blend,0.0
POAHY,Porsche Automobil Holding SE ADR,Intl Mid Value,0.0
HDLMY,Heidelberg Materials AG ADR,Intl Large Blend,0.0
WGS,GeneDx Holdings Corp Ordinary Shares - Class A,US Small Value,0.0
SMNEY,Siemens Energy AG ADR,Intl Large Growth,0.0
SGI,Somnigroup International Inc,US Mid Growth,0.0
FLEU,Franklin FTSE Eurozone ETF,** 98 Intl Large Blend / 2 US Large Blend **,0.0009
USEG,US Energy Corp,US Small Value,0.0
GDNGY,PT Gudang Garam Tbk ADR,Emerging Mid Value,0.0
AONNY,AEON Co Ltd ADR,Intl Large Blend,0.0
ASCCY,ASICS Corp ADR,Intl Large Growth,0.0
ASBFY,Associated British Foods PLC ADR,Intl Large Value,0.0
ASXFY,ASX Ltd ADR,Intl Large Blend,0.0
ATDRY,Auto Trader Group PLC ADR,Intl Mid Growth,0.0
DUFRY,Avolta AG ADR,Intl Mid Blend,0.0
BDNNY,Boliden AB ADR,Intl Mid Blend,0.0
CHLSY,Chocoladefabriken Lindt & Spruengli AG ADR,Intl Large Growth,0.0
CHEOY,Cochlear Ltd ADR,Intl Large Growth,0.0
COIHY,Croda International PLC ADR ,Intl Mid Blend,0.0
HSHCY,Haier Smart Home Co Ltd ADR,Emerging Large Blend,0.0
DELHY,Delivery Hero SE ADR,Intl Mid Blend,0.0
ELEZY,Endesa SA ADR,Intl Large Value,0.0
EPOAY,Epiroc AB ADR (Representing Class A Shares)- New ,Intl Large Growth,0.0
FELTY,Fuji Electric Co Ltd ADR,Intl Mid Blend,0.0
KHNGY,Kuehne + Nagel International AG ADR,Intl Large Value,0.0
LDSCY,Land Securities Group PLC ADR,Intl Mid Value,0.0
MSLOY,Mitsui O.S.K. Lines Ltd ADR,Intl Large Value,0.0
MONRY,Moncler SpA ADR,Intl Large Blend,0.0
MTHRY,M3 Inc ADR,Intl Large Blend,0.0
NTOIY,Neste OYJ ADR,Intl Mid Blend,0.0
HLNE,Hamilton Lane Inc Class A,US Small Blend,0.0
OLCLY,Oriental Land Co Ltd ADR,Intl Large Growth,0.0
QABSY,Qantas Airways Ltd ADR,Intl Large Blend,0.0
RKUNY,Rakuten Group Inc ADR,Intl Large Value,0.0
SAABY,Saab AB ADR,Intl Large Growth,0.0
STRNY,Severn Trent PLC ADR,Intl Mid Growth,0.0
SIGCY,SIG Group AG ADR,Intl Mid Blend,0.0
SKBSY,Skanska AB ADR,Intl Mid Blend,0.0
WLMIY,Wilmar International Ltd ADR,Intl Large Value,0.0
ZLNDY,Zalando SE ADR,Intl Mid Growth,0.0
APG,APi Group Corp ,US Small Blend,0.0
HII,"Huntington Ingalls Industries Inc(USD,HII)",US Mid Blend,0.0
LINE,Lineage Inc REIT,Intl Real Estate,0.0
RVMD,Revolution Medicines Inc Ordinary Shares,US Small Blend,0.0
RARE,Ultragenyx Pharmaceutical Inc,US Small Blend,0.0
ANGI,Angi Inc Class A ,US Small Blend,0.0
FBK,FB Financial Corp ,US Small Value,0.0
SAH,Sonic Automotive Inc Class A ,US Small Value,0.0
IDHG,WisdomTree Intl Hdgd Qual Div Gr ETF,Intl Large Growth,0.0058
TRGOX,T. Rowe Price Lrg Cp Gr Inv,** 96 US Large Growth / 3 Intl Large Growth / 1 Cash **,0.007
TRLUX,T. Rowe Price Lrg Cp Va Inv,** 92 US Large Value / 7 Intl Large Value / 1 Cash **,0.007
DIT,Amcon Distributing Co,US Small Value,0.0
XME,SPDR® S&P Metals and Mining ETF,Commodities,0.0035
HMNTY,Hemnet Group AB ADR,Intl Small Growth,0.0
MGOYX,Victory Munder Mid-Cap Core Growth Y,** 97 US Mid Blend / 3 Intl Mid Blend **,0.01
CMU,MFS High Yield Municipal Trust,** 44 High Yield / 27 Long-Term Inv. Grade / 29 Int-Term Inv. Grade **,0.0414
CXH,MFS Investment Grade Muni Trust,** 26 High Yield / 41 Long-Term Inv. Grade / 17 Int-Term Inv. Grade / 16 Short-Term Inv. Grade **,0.0422
PMM,Putnam Managed Muni Income,** 57 High Yield / 20 Long-Term Inv. Grade / 13 Int-Term Inv. Grade / 4 Short-Term Inv. Grade / 6 Cash **,0.0098
PMO,Putnam Municipal Opportunities,Non-Traditional,0.0096
BKN,BlackRock Invst. Quality Muni,Long-Term Inv. Grade,0.0331
TRVG,trivago NV ADR,Intl Small Blend,0.0
EWTX,Edgewise Therapeutics Inc,US Small Blend,0.0
HRTG,Heritage Insurance Holdings Inc,US Small Value,0.0
IDR,Idaho Strategic Resources Inc,US Small Growth,0.0
HEGIY,Hengan International Group Co Ltd ADR,Emerging Large Blend,0.0
JBSAY,JBS SA ADR,Intl Large Value,0.0
RNG,RingCentral Inc Class A,US Small Blend,0.0
TPB,Turning Point Brands Inc ,US Small Growth,0.0
FRBBX,Flat Rock Enhanced Income Fund,High Yield,0.0383
FROPX,Flat Rock Opportunity USD,Long-Term Inv. Grade,0.01375
DYNF,iShares U.S. Equity Fac Rotation Act ETF,US Large Blend,0.0027
FTHI,First Trust BuyWrite Income ETF ,** 93 US Large Blend / 6 Intl Large Blend / 1 Cash **,0.0076
JGLO,JPMorgan Global Select Equity ETF ,** 71 US Large Blend / 28 Intl Large Blend / 1 Cash **,0.0047
NXDT,NexPoint Diversified Real Estate Trust,US Real Estate,0.0
PRIVX,The Private Shares Fund A,US Small Blend,0.0265
HENKY,Henkel AG & Co KGaA ADR,Intl Large Blend,0.0
WEIFX,Wildermuth Fund Class I (USD),Non-Traditional,0.0422
TSIFX,"Ecofin Tax-Exempt Private Credit, Instl",Non-Traditional,0.0208
GBTG,Global Business Travel Group Inc Ordinary Shares - Class A,US Small Blend,0.0
MKVBX,MFS International Large Cap Value A,** 95 Intl Large Blend / 4 US Large Blend / 1 Cash **,0.0098
DFLEX,DoubleLine Flexible Income I,** 87 Int-Term Inv. Grade / 13 Cash **,0.0074
MBIO,Mustang Bio Inc,US Small Value,0.0
OPRX,OptimizeRx Corp,US Small Blend,0.0
BMSKX,BlackRock Income Fund K,Int-Term Inv. Grade,0.0058
BCSKX,BlackRock Commodity Strategies K,Commodities,0.0067
EOT,EV National Muni Opps Trust,** 86 Long-Term Inv. Grade / 14 High Yield **,0.0132
HLMN,Hillman Solutions Corp Shs,US Small Growth,0.0
HIMFX,American High-Income Municipal Bond F3,** 47 High Yield / 2 Cash / 51 Long-Term Inv. Grade **,0.0026
BBMUX,Bridge Builder Municipal Bond,Int-Term Inv. Grade,0.0013
BBMHX,Bridge Builder Municipal Hi-Inc Bd,** 45 High Yield / 55 Long-Term Inv. Grade **,0.002
BBTSX,Bridge Builder Tax Managed Sm/Md Cp,** 95 US Small Blend / 3 Intl Small Blend / 2 Cash  **,0.0042
BBTLX,Bridge Builder Tax Managed Large Cap,** 94 US Large Blend / 3 Intl Large Blend / 3 Cash **,0.0025
ARCVX,American Century One Choice 2030 Inv,** 35 US Large Blend / 14 Intl Large Blend / 49 Int-Term Inv. Grade / 2 Cash **,0.0078
SVFAX,Smead Value A ,** 91 US Mid Value / 3 Intl Mid Value / 6 Cash **,0.0112
SRBAX,Columbia Total Return Bond S,Int-Term Inv. Grade,0.0049
BPSCX,Boston Partners Small Cap Value II Inv ,** 95 US Small Value / 3 Intl Small Value / 2 Cash **,0.0124
SMGEX,Columbia Contrarian Core S,US Large Blend,0.0074
HKXCY,Hong Kong Exchanges and Clearing Ltd ADR,Intl Large Blend,0.0
DRIOX,Driehaus International Small Cap Growth,** 95 Intl Mid Growth / 5 Cash **,0.0113
RSDGX,Victory RS Select Growth A,** 94 US Small Growth / 4 Intl Small Growth / 2 Cash **,0.014
GRIFX,Apollo Diversified Real Estt I,US Real Estate,0.0225
EANAX,Eaton Vance National Municipal Income A,Long-Term Inv. Grade,0.0071
JTBIX,JHancock Multimanager Lifestyle Bal I,** 38 US Large Blend / 19 Intl Large Blend / 4 Cash / 39 Int-Term Inv. Grade **,0.0026
JEPIX,JPMorgan Equity Premium Income I ,** 97 US Large Blend / 3 Intl Large Blend **,0.006
NWWJX,Nationwide Inv Dest Mod Instl Svc,** 45 US Large Blend / 14 Intl Large Blend / 3 Cash / 38 Int-Term Inv. Grade **,0.0027
PFIG,Invesco Fdmtl Invmt Grd Corp Bd ETF,Int-Term Inv. Grade,0.0022
BSCT,Invesco BulletShares 2029 Corp Bd ETF,Int-Term Inv. Grade,0.001
BKHY,BNY Mellon High Yield ETF,High Yield,0.0022
HNGKY,Hongkong Land Holdings Ltd ADR,Intl Large Value,0.0
HYBL,SPDR® Blackstone High Income ETF,High Yield,0.007
TSLY,YieldMax TSLA Option Income Strategy ETF,Non-Traditional,0.0104
SMBS,Schwab® Mortgage-Backed Securities ETF,Int-Term Inv. Grade,0.0003
INSW,International Seaways Inc,US Small Value,0.0
QQQH,NEOS Nasdaq-100 Hdg Eq Inc ETF,** 96 US Large Growth / 3 Intl Large Growth / 1 Cash **,0.0068
NRP,Natural Resources Partners LP,US Small Value,0.0
TCHP,T. Rowe Price Blue Chip Growth ETF,** 96 US Large Growth / 4 Intl Large Growth **,0.0057
WSGAX,Macquarie Small Cap Growth A ,** 94 US Small Growth / 4 Intl Small Growth / 2 Cash **,0.0114
AHIFX,American Funds American High-Inc F2,** 90 High Yield / 10 Cash **,0.0043
VGIIX,JPMorgan US Value I,** 95 US Large Blend / 2 Intl Large Blend / 3 Cash **,0.0069
CNSAX,Invesco Convertible Securities A,Non-Traditional,0.0088
DSTL,Distillate US Fdmtl Stblty & Val ETF,US Mid Value,0.0039
EXE,Expand Energy Corp Ordinary Shares - New,US Mid Blend,0.0
FCICX,NYLI PineStone International Equity Cl C,** 94 Intl Large Growth / 6 Intl Large Growth **,0.0224
LTUM,Lithium Corp ,US Small Value,0.0
PRRAX,Principal Real Estate Securities A ,US Real Estate,0.0119
CRWV,CoreWeave Inc Ordinary Shares - Class A,US Mid Blend,0.0
TEM,Tempus AI Inc Class A common stock ,US Small Growth,0.0
SPBO,SPDR® Portfolio Corporate Bond ETF,Long-Term Inv. Grade,0.0003
AVALX,Aegis Value I ,** 15 US Small Value / 74 Intl Small Value / 11 Cash **,0.0145
WIZEY,Wise PLC ADR,Intl Mid Blend,0.0
ULTA,Ulta Beauty Inc,US Mid Growth,0.0
PSTL,Postal Realty Trust Inc,US Real Estate,0.0
ABL,Abacus Global Management Inc Ordinary Shares - Class A,US Small Growth,0.0
CNVVY,ConvaTec Group PLC ADR,Intl Mid Growth,0.0
CVLG,Covenant Logistics Group Inc Class A,US Small Value,0.0
KRG,Kite Realty Group Trust,US Real Estate,0.0
HASGX,Harbor Small Cap Growth Instl,** 83 US Small Growth / 12 Intl Small Growth / 5 Cash **,0.0087
RDIV,Invesco S&P Ultra Dividend Revenue ETF,** 98 US Mid Value / 2 Intl Mid Value **,0.0039
ACMR,ACM Research Inc Class A,US Small Blend,0.0
NORW,Global X MSCI Norway ETF ,** 96 Intl Mid Blend / 2 US Mid Blend / 2 Cash **,0.005
PXI,Invesco Dorsey Wright Energy MomentumETF,** 99 US Mid Value / 1 Intl Mid Value **,0.006
PETRY,Vibra Energia SA ADR,Emerging Mid Blend,0.0
TOK,iShares MSCI Kokusai ETF,** 75 US Large Blend / 25 Intl Large Blend **,0.0025
ENOR,iShares MSCI Norway ETF,** 98 Intl Mid Blend / 2 US Mid Blend **,0.0053
DXYZ,Destiny Tech100 Inc,US Small Growth,0.0628
NDLS,Noodles & Co Class A,US Small Value,0.0
FHUMX,Federated Hermes US SMID Institutional,** 95 US Small Growth / 5 Intl Small Growth **,0.0083
JFTUX,JPMorgan Investor Growth R6,** 60 US Large Blend / 24 Intl Large Blend / 4 Cash / 12 Int-Term Inv. Grade **,0.0049
ANODX,American Century Small Cap Growth R6,** 94 US Small Growth / 4 Intl Small Growth / 2 Cash **,0.0079
SZLMY,Swiss Life Holding AG ADR,Intl Large Blend,0.0
SPXSY,Spirax Group PLC ADR ,Intl Mid Blend,0.0
PNDRY,Pandora AS ADR,Intl Mid Growth,0.0
SGBLY,Standard Bank Group Ltd ADR,Intl Large Blend,0.0
MTSUY,Mitsubishi Corp ADR (Unsponsored),Intl Large Value,0.0
KNRRY,Knorr-Bremse AG ADR,Intl Mid Growth,0.0
HVRRY,Hannover Rueck SE ADR,Intl Large Blend,0.0
HSNGY,Hang Seng Bank Ltd ADR,Intl Large Value,0.0
DVCMY,Davide Campari-Milano NV ADR,Intl Small Blend,0.0
DSEEY,Daiwa Securities Group Inc ADR,Intl Large Value,0.0
ASGLY,AGC Inc ADR ,Intl Mid Blend,0.0
JDCMF,JD.com Inc Ordinary Shares - Class A,Intl Large Value,0.0
PJLXX,JPMorgan Liquid Assets Money Market Pr,Cash/Money Market,0.0
IMIDX,Congress Mid Cap Growth Institutional,** 92 US Mid Growth / 8 Intl Mid Growth **,0.008
PPH,VanEck Pharmaceutical ETF,** 64 US Large Value / 36 Intl Large Value **,0.0035
HIINX,"Harbor International Investor(USD,HIINX)",Intl Large Blend,0.0109
GTM,ZoomInfo Technologies Inc,US Small Value,0.0
ALGYX,Alger Focus Equity Y,** 87 US Large Growth / 11 Intl Large Growth / 2 Cash **,0.0058
EXE,Expand Energy Corp Ordinary Shares - New,US Mid Blend,0.0
DAY,Dayforce Inc,US Small Growth,0.0
RJFpB,Raymond James Financial Inc Pref Share,Preferred Stock,0.0
ATHpE,Athene Holding Ltd Pref Share,Preferred Stock,0.0
INFA,Informatica Inc,US Small Blend,0.0
LNW,Light & Wonder Inc Ordinary Shares,US Small Blend,0.0
RYAN,Ryan Specialty Holdings Inc Class A,US Small Growth,0.0
VRNS,Varonis Systems Inc,US Small Blend,0.0
SYIEY,Symrise AG ADR,Intl Large Growth,0.0
ALKT,Alkami Technology Inc,US Small Growth,0.0
AVDX,AvidXchange Holdings Inc,US Small Blend,0.0
FRHC,Freedom Holding Corp,Intl Small Growth,0.0
MLNK,MeridianLink Inc,US Small Growth,0.0
MITK,Mitek Systems Inc,US Small Blend,0.0
RPAY,Repay Holdings Corp Ordinary Shares - Class A,US Small Value,0.0
NNE,Nano Nuclear Energy Inc,US Small Blend,0.0
FFANX,Fidelity Asset Manager 40%,** 28 US Large Blend / 18 Intl Large Blend / 46 Int-Term Inv. Grade / 8 Cash **,0.0051
PAI,Western Asset Inv Grade Income Fund Inc,** 16 Short-Term Inv. Grade / 27 Int-Term Inv. Grade / 57 Long-Term Inv. Grade **,0.0074
BLDAX,BlackRock Low Duration Bond Inv A,Int-Term Inv. Grade,0.0065
TBLMY,Tiger Brands Ltd ADR,Emerging Small Blend,0.0
OPIGX,Invesco Core Bond A,Int-Term Inv. Grade,0.0071
USGAX,Morgan Stanley Long Duration Govt Opps A,Long-Term Inv. Grade,0.0085
MSIBX,Morgan Stanley Inst Passport ovrs eq A,** 86 Intl Large Growth / 6 US Large Growth / 8 Cash **,0.0119
SEZL,Sezzle Inc ,US Small Growth,0.0
AIBU,Direxion Daily AI And Big Data Bull 2X,** 94 US Large Growth / 2 Intl Large Growth / 4 Cash **,0.0096
SIUSX,Guggenheim Core Bond Fund A,Long-Term Inv. Grade,0.0077
FSIAX,Fidelity Advisor Strategic Income M,** 85 Int-Term Inv. Grade / 6 US Large Blend / 9 Cash **,0.0094
POGSX,Pin Oak Equity,US Large Blend,0.0097
HRIIX,Hood River International Opportunity Inv,** 85 Intl Mid Growth / 12 US Mid Growth / 3 Cash **,0.0147
BFTHX,Baron Fifth Avenue Growth Retail,** 78 US Large Growth / 22 Intl Large Growth **,0.01
TIMB,TIM SA ADR,Emerging Large Blend,0.0
JHQDX,JPMorgan Hedged Equity 2 I,US Large Blend,0.0059
PIGDX,Federated Hermes International Growth IS,** 88 Intl Large Growth / 9 US Large Growth / 3 Cash **,0.0084
COSYX,Columbia Overseas Value Inst3,** 96 Intl Large Value / 4 US Large Value **,0.0077
CRF,Cornerstone Total Return,US Large Blend,0.0114
NPRFF,Nepra Foods Inc,US Small Value,0.0
RIGMF,Ridgestone Mining Inc Ordinary Shares,Intl Small Value,0.0
KNF,Knife River Holding Co,US Small Blend,0.0
ARSMF,Ares Strategic Mining Inc Ordinary Shares - New,US Small Blend,0.0
SYM,Symbotic Inc Ordinary Shares - Class A,US Small Growth,0.0
ATRFX,Catalyst Systematic Alpha I,Non-Traditional,0.0177
TLSNY,Telia Company AB ADR,Intl Mid Blend,0.0
IRSMX,Voya Target Retirement 2030 I ,** 43 US Large Blend / 18 Intl Large Blend / 39 Int-Term Inv. Grade **,0.0012
CTM,Castellum Inc,US Small Blend,0.0
VLTLF,LibertyStream Infrastructure Partners Inc,Intl Small Value,0.0
MYRUF,Myriad Uranium Corp,Intl Small Value,0.0
RGTI,Rigetti Computing Inc,US Small Value,0.0
SWZ,Total Return Securities Fund,Intl Large Blend,0.0161
TBG,TBG Dividend Focus ETF,** 90 US Large Value / 3 Intl Large Value / 7 Cash **,0.0059
NMCO,Nuveen Municipal Credit Opps Fund,High Yield,0.0474
TRMLF,Tourmaline Oil Corp,Intl Mid Value,0.0
SHEH,Shell plc ADRhedged,Non-Traditional,0.0019
TSYHY,TravelSky Technology Ltd ADR,Emerging Large Blend,0.0
HNHPF,Hon Hai Precision Industry Co Ltd DR,Intl Large Blend,0.0
MIQBX,Morgan Stanley Inst International Eq A,** 93 Intl Large Growth / 5 US Large Growth / 2 Cash **,0.013
IDOG,ALPS International Sector Div Dogs ETF,Intl Large Value,0.005
FDIG,Fidelity Crypto Industry&DgtlPymntsETF,** 73 US Mid Growth / 27 Intl Mid Growth **,0.004
VLU,SPDR® S&P 1500 Value Tilt ETF,US Large Value,0.0012
OGFAX,JPMorgan Equity Index R6 ,US Large Blend,0.0004
PKAIX,PIMCO RAE US Instl,US Mid Value,0.004
TIBAX,Thornburg Investment Income Builder A ,** 24 US Large Value / 58 Intl Large Value / 9 High Yield / 9 Cash **,0.0113
CWICX,American Funds Capital World Gr&Inc 529C,** 53 US Large Blend / 43 Intl Large Blend / 4 Cash **,0.0153
DHLAX,Diamond Hill Large Cap Inv,US Large Value,0.0096
TYCMY,Tingyi (Cayman Islands) Holding Corp ADR,Emerging Large Blend,0.0
RPTTX,T. Rowe Price Diversified Mid Cap Gr I,US Mid Growth,0.0067
TSMX,Direxion Daily TSM Bull 2X Shares ,Non-Traditional,0.0105
SAEF,Schwab Ariel Opportunities ETF,** 95 US Mid Blend / 4 Intl Mid Blend / 1 Cash **,0.0059
MCGFX,AMG Montrusco Bolton Large Cap Growth N,** 97 US Large Growth / 2 Intl Large Growth / 1 Cash **,0.0091
WEBAX,TETON Westwood Balanced AAA ,** 66 US Large Value / 34 Long-Term Inv. Grade **,0.0139
MFOCX,Marsico Focus,** 92 US Large Growth / 8 Intl Large Growth **,0.0128
STVZX,Virtus Ceredex Large-Cap Value Equity R6,** 93 US Large Value / 4 Intl Large Value / 3 Cash **,0.0072
SCUIX,Hartford Schroders US Small Cap Opps I,** 95 US Small Blend / 1 Intl Small Blend / 4 Cash **,0.011
TRDBX,T. Rowe Price Retirement 2020 I,** 35 US Large Blend / 15 Intl Large Blend / 43 Int-Term Inv. Grade / 7 Cash **,0.0037
UTES,Virtus Reaves Utilities ETF,US Mid Blend,0.0049
TYIDY,Toyota Industries Corp ADR,Intl Large Blend,0.0
CRDIX,Apollo Diversified Credit I ,Non-Traditional,0.0333
CELFX,Cliffwater Enhanced Lending I,Non-Traditional,0.0211
LLYVA,Liberty Live Group Ordinary Shares Series A,US Mid Blend,0.0
FENI,Fidelity Enhanced International ETF,** 3 US Large Blend / 95 Intl Large Blend / 2 Cash **,0.0029
HFYYX,Hartford Schroders Intl Multi-Cp Val Y,Intl Large Value,0.0086
VLEIX,Value Line Small Cap Opportunities Instl,** 94 US Small Growth / 1 Intl Small Growth / 5 Cash **,0.0097
FSTUX,Invesco Dividend Income Investor ,** 93 US Large Value / 5 Intl Large Value / 2 Cash **,0.0094
MIAYX,American Funds Multi-Sector Income F-2,** 53 Int-Term Inv. Grade / 3 Cash / 44 High Yield **,0.0048
TTAN,ServiceTitan Inc Class A Ordinary Shares,US Small Growth,0.0
FPIPX,Fidelity Freedom Index 2040 Premier ,** 50 US Large Blend / 31 Intl Large Blend / 18 Long-Term Inv. Grade / 1 Cash **,0.0005
UNICY,Unicharm Corp ADR,Intl Large Growth,0.0
SBKO,Summit Bank Group Inc Ordinary Shares,US Micro,0.0
FATYX,Fidelity Freedom Index 2020 Premier II,** 54 Int-Term Inv. Grade / 17 Intl Large Blend / 27 US Large Blend / 2 Cash **,0.0004
DLCFX,Destinations Large Cap Equity I,** 96 US Large Blend / 3 Intl Large Blend / 1 Cash **,0.0081
DSMFX,Destinations Small-Mid Cap Equity I,** 95 US Small Growth / 3 Intl Small Growth / 2 Cash **,0.0105
DIEFX,Destinations International Equity I,** 3 US Large Blend / 95 Intl Large Blend / 2 Cash **,0.0106
DGEFX,Destinations Equity Income I,** 65 US Large Value / 32 Intl Large Value / 3 Cash **,0.0093
DRAFX,Destinations Real Assets I,** 47 US Mid Value / 38 Intl Mid Value / 6 Short-Term Inv. Grade / 6 Commodities / 3 Cash **,0.0124
DMSFX,Destinations Multi Strategy Alts I,Non-Traditional,0.0122
DGFFX,Destinations Global Fixed Income Opps I,** 89 High Yield / 11 Cash **,0.0103
DMFFX,Destinations Municipal Fixed Income I,** 8 Short-Term Inv. Grade / 28 Int-Term Inv. Grade / 59 Long-Term Inv. Grade / 5 Cash **,0.0081
UOLGY,UOL Group Ltd ADR,Intl Large Blend,0.0
DLDFX,Destinations Low Duration Fixed Inc I,** 40 Short-Term Inv. Grade / 51 High Yield / 9 Cash **,0.0093
RFI,Cohen & Steers Tot Ret Realty,US Real Estate,0.0094
EOI,EV Enhanced Equity Income,US Large Growth,0.011
HFRO,Highland Opportunities and Income Ord,** 70 US Large Blend / 23 High Yield / 7 Cash **,0.0145
PDX,PIMCO Dynamic Income Strategy Fund,Non-Traditional,0.0232
PSIX,Power Solutions International Inc,US Small Growth,0.0
SCYX,SCYNEXIS Inc,US Small Value,0.0
TLN,Talen Energy Corp Ordinary Shares New,US Mid Growth,0.0
SPMO,Invesco S&P 500® Momentum ETF,US Large Growth,0.0013
PDEX,Pro-Dex Inc,US Small Growth,0.0
OPSIX,Invesco Global Strategic Income A,Int-Term Inv. Grade,0.0101
WDS,Woodside Energy Group Ltd ADR,Intl Large Blend,0.0
HRSIX,Hood River Small-Cap Growth Retirement,** 94 US Small Growth / 5 Intl Small Growth / 1 Cash **,0.0099
AMZY,YieldMax AMZN Option Income Strategy ETF,Non-Traditional,0.0117
MSTY,YieldMax MSTR Option Income Strategy ETF,Non-Traditional,0.0099
NVDY,YieldMax NVDA Option Income Strategy ETF,Non-Traditional,0.0127
YMAX,YieldMax Universe Fund Of Option Inc ETF,Non-Traditional,0.0128
NAPR,Innovator Nasdaq-100 Pwr Bffr ETF Apr,Non-Traditional,0.0079
XDQQ,Innovator Gr 100 Acltd ETF™ Quarterly,Non-Traditional,0.0079
STIM,Neuronetics Inc,US Small Value,0.0
EHLD,Euroholdings Ltd ,Intl Small Value,0.0
TEK,iShares Technology Opports Act ETF,** 78 US Large Growth / 19 Intl Large Growth / 3 Cash **,0.0075
AGNC,"AGNC Investment Corp(USD,AGNC)",US Real Estate,0.0
SLVO,UBS ETRACS Silver Shares Covered CallETN,Non-Traditional,0.0065
TROYF,Troy Minerals Inc Ordinary Shares,Commodities,0.0
TENX,Tenax Therapeutics Inc,US Small Growth,0.0
TE,T1 Energy Inc,US Small Value,0.0
CPMV,Mosaic ImmunoEngineering Inc Ordinary Shares ,US Small Blend,0.0
UREKF,Eureka Lithium Corp ,Commodities,0.0
HYUP,Xtrackers High Beta High Yield Bond ETF,High Yield,0.002
RAL,Ralliant Corp,US Small Blend,0.0
AFVLX,Applied Finance Select Investor ,US Large Value,0.0101
YSEP,FT Vest Intl Eq Mod Bfr ETF Sep ,Non-Traditional,0.009
hildx,"Hartford International Value F(USD,HILDX)",Intl Large Value,0.0083
QCOC,FT Vest Nasdaq-100® Cnsrv Buffr ETF -Oct,Non-Traditional,0.009
ZSEP,Innovator Equity Defined Prot ETF-1YrSep,Non-Traditional,0.0079
RBUF,Innovator U.S. Small Cp 10 Buf ETF - Qt,Non-Traditional,0.0079
BUFF,Innovator Laddered Allc Pwr Bfr ETF™,Non-Traditional,0.0089
COEAX,Columbia Oregon Itmt Muncpl Bd A,Int-Term Inv. Grade,0.0081
AGMpF,FEDERAL AGRIC 5.25% PFD ,Preferred Stock,0.0
HIFS,Hingham Institution for Savings,US Small Value,0.0
ARL,American Realty Investors Inc ,US Real Estate,0.0
OCANF,OceanaGold Corp,Commodities,0.0
RNGCX,American Funds New Economy R3,** 68 US Large Growth / 26 Intl Large Growth / 6 Cash **,0.0105
WEICY,Weichai Power Co Ltd ADR,Emerging Large Value,0.0
RSLCX,American Funds SMALLCAP World R3,** 46 US Mid Growth / 50 Intl Mid Growth / 4 Cash **,0.013
RICCX,American Funds Invmt Co of Amer R3,** 87 US Large Blend / 9 Intl Large Blend / 4 Cash **,0.0091
RAICX,American Funds Growth and Inc Port R3,** 57 US Large Blend / 20 Intl Large Blend / 4 Cash / 19 Int-Term Inv. Grade **,0.0065
MOFG,MidWestOne Financial Group Inc,US Small Value,0.0
KGS,Kodiak Gas Services Inc,US Small Growth,0.0
DGXX,Digi Power X Inc Ordinary Shares Sub,US Small Value,0.0
DTWOF,D2 Lithium Corp,Intl Small Value,0.0
PEMIF,Pure Energy Minerals Ltd,US Small Blend,0.0
SBGSF,Schneider Electric SE,Intl Large Blend,0.0
HFYYX,Hartford Schroders Intl Multi-Cp Val Y,Intl Large Value,0.0086
WHGLY,WH Group Ltd ADR,Intl Large Value,0.0
TRMIX,T. Rowe Price Mid-Cap Value I,US Mid Value,0.0071
VLEIX,Value Line Small Cap Opportunities Instl,US Small Growth,0.0097
BSFIX,Baron Small Cap Instl,US Small Growth,0.0105
ATZAF,Aritzia Inc Shs Subord Voting,Intl Mid Growth,0.0
ERIE,Erie Indemnity Co Class A,US Mid Growth,0.0
GLIBK,GCI Liberty Inc Ordinary Shares - Series C,US Small Blend,0.0
MZTI,The Marzetti Co,US Small Blend,0.0
IRFAX,Cohen & Steers International Realty A,Intl Real Estate,0.0135
PIN,Invesco India ETF,Intl Large Growth,0.0078
LFRAX,Lord Abbett Floating Rate A,High Yield,0.008
WLY,John Wiley & Sons Inc Class A,US Small Value,0.0
FEGIX,First Eagle Gold I ,Commodities,0.0093
KSDIX,Keeley Gabelli Small Cap Dividend I,** 92 US Small Value / 6 Intl Small Value / 2 Cash **,0.0104
TGDVX,TCW Relative Value Large Cap N ,** 95 US Large Value / 2 Intl Large Value / 3 Non-Traditional **,0.0085
TSYYX,Touchstone Ultra Short Dur F/I Y,** 88 Short-Term Inv. Grade / 12 Cash **,0.0044
OIFIX,Optimum Fixed Income Instl,** 90 Int-Term Inv. Grade / 10 Cash **,0.008
OIIEX,Optimum International Instl,** 96 Intl Large Blend / 4 US Intl Large Blend **,0.0108
OISVX,Optimum Small-Mid Cap Value Instl,** 96 US Small Value / 3 Intl Small Value / 1 Cash **,0.0116
OISGX,Optimum Small-Mid Cap Growth Instl,** 94 US Small Growth / 4 Intl Small Growth / 2 Cash **,0.0126
OILVX,Optimum Large Cap Value Instl ,** 96 US Large Value / 3 Intl Large Value / 1 Cash **,0.0092
OILGX,Optimum Large Cap Growth Instl,** 98 US Large Growth / 2 Intl Large Growth **,0.0096
WYNMY,Wynn Macau Ltd ADR,Emerging Large Value,0.0
OSCYX,Invesco Main Street Small Cap Y,** 97 US Small Blend / 2 Intl Small Blend / 1 Cash **,0.0083
BFCGX,American Funds Corporate Bond F2,** 93 Int-Term Inv. Grade / 7 Cash **,0.0043
AGVGX,American Funds Global Insight F-2 ,** 51 US Large Blend / 45 Intl Large Blend / 4 Cash **,0.0054
JIRE,JPMorgan International Rsrch Enh Eq ETF,Intl Large Blend,0.0024
BBIN,JPMorgan BetaBuilders Intl Eq ETF,Intl Large Blend,0.007
BBUS,JPMorgan BetaBuilders US Equity ETF,US Large Blend,0.0002
BBHY,JPMorgan BetaBuilders $ HY Corp Bnd ETF,High Yield,0.0007
AAETX,American Funds 2030 Trgt Date Retire A,** 42 US Large Blend / 15 Intl Large Blend / 5 Cash / 38 Int-Term Inv. Grade ** ,0.0034
FEUNX,Federated Hermes Adj Rate IS,Int-Term Inv. Grade,0.003
SYFFX,Victory Pioneer Securitized Income Y,** 37 Int-Term Inv. Grade / 56 High Yield / 7 Cash **,0.0065
XP,XP Inc Class A,Emerging Large Growth,0.0
NFLT,Virtus Newfleet Multi-Sect Bd ETF,Int-Term Inv. Grade,0.005
ONC,BeOne Medicines Ltd ADR,Intl Mid Growth,0.0
HALMY,Halma PLC ADR,Intl Large Growth,0.0
BFMSX,BlackRock Low Duration Bond Instl,Int-Term Inv. Grade,0.004
CSSPX,Cohen & Steers Global Realty I,** 63 US Real Estate / 36 Intl Real Estate / 1 Cash **,0.009
PCRPX,PIMCO Commodity Real Return Strat I2 ,Commodities,0.0084
JGRO,JPMorgan Active Growth ETF,** 95 US Large Growth / 3 Intl Large Growth / 2 Cash **,0.0044
MIAZX,American Funds Multi-Sector Income F-3,Int-Term Inv. Grade,0.0037
SSEYX,State Street Equity 500 Index II,US Large Blend,0.0002
TLIHX,Nuveen Lifecycle Index Ret Inc I,** 26 US Large Blend / 13 Intl Large Blend / 60 Int-Term Inv. Grade / 1 Cash **,0.002
YUEIY,Yue Yuen Industrial (Holdings) Ltd ADR,Intl Mid Value,0.0
ANONX,American Century Small Cap Growth I ,** 93 US Small Growth / 4 Intl Small Growth / 3 Cash **,0.0094
TGRIX,American Century International Gr I,** 6 US Large Growth / 91 Intl Large Growth / 3 Cash **,0.0104
AGD,abrdn Global Dynamic Dividend,** 58 US Large Value / 42 Intl Large Value **,0.0121
ALOT,AstroNova Inc,US Small Value,0.0
BHRB,Burke & Herbert Financial Services Corp,US Small Blend,0.0
CDZIP,Cadiz Inc 8.875% PFD Ser A,Preferred Stock,0.0
CCEC,Capital Clean Energy Carriers Corp,Intl Small Value,0.0
CSV,Carriage Services Inc,US Small Blend,0.0
CVR,Chicago Rivet & Machine Co,US Small Value,0.0
HTO,H2O America,US Small Value,0.0
VMCPX,Vanguard Mid Cap Index InstitutionalPlus,US Mid Blend,0.0003
LMNR,Limoneira Co,US Small Blend,0.0
LIND,Lindblad Expeditions Holdings Inc,US Small Growth,0.0
ODC,Oil-Dri Corp of America,US Small Blend,0.0
SSBI,Summit State Bank,US Small Value,0.0
SSUP,Superior Industries International Inc,US Small Value,0.0
PBEAX,PGIM Jennison Value A,** 88 US Large Value / 9 Intl Large Value / 3 Cash **,0.0107
AEBI,Aebi Schmidt Holding AG,Intl Small Blend,0.0
EAD,Allspring Income Opps,High Yield,0.035
ARTNA,Artesian Resources Corp Class A,US Small Value,0.0
BKSC,Bank of South Carolina Corp,US Small Value,0.0
OPPAX,Invesco Global A,** 57 US Large Growth / 43 Intl Large Growth **,0.0103
LADYX,Lord Abbett Developing Growth I,US Small Growth,0.0069
BBGI,Beasley Broadcast Group Inc Class A ,US Small Value,0.0
BHV,BlackRock VA Municipal Bond,** 95 Long-Term Inv. Grade / 5 Cash **,0.0493
BRSL,Brightstar Lottery PLC,Intl Small Value,0.0
CMDB,Costamare Bulkers Holdings Ltd,Intl Small Growth,0.0
AGM.E,Federal Agricultural Mortgage Corp 5.75% PFD,Preferred Stock,0.0
MLR,Miller Industries Inc,US Small Value,0.0
NPV,Nuveen VA Quality Muni Inc,Long-Term Inv. Grade,0.039
SANW,S&W Seed Co,US Small Value,0.0
SALM,Salem Media Group Inc Class A,US Small Value,0.0
SYBT,Stock Yards Bancorp Inc ,US Small Blend,0.0
ABTHX,AB High Income Municipal A,** 50 Long-Term Inv. Grade / 50 High Yield **,0.0085
UMHpD,UMH Properties Inc Pref Share,Preferred Stock,0.0
ACR.C,Acres Coml 10.4986% PFD Ser C,Preferred Stock,0.0
OSW,OneSpaWorld Holdings Ltd,US Small Growth,0.0
RGCO,RGC Resources Inc,US Small Blend,0.0
JBSS,John B Sanfilippo & Son Inc,US Small Value,0.0
ADVDX,abrdn Dynamic Dividend Instl ,** 57 US Large Value / 42 Intl Large Value / 3 Cash **,0.0125
OWSCX,1WS Credit Income I ,Non-Traditional,0.0483
REFFX,PIMCO Flexible Real Estate Income F,US Real Estate,0.0232
AXSIX,Axonic Strategic Income I,High Yield,0.0103
PRKAX,PGIM Real Estate Income A,** 57 US Mid Blend / 20 Intl Mid Blend / 20 US Real Estate / 3 Cash **,0.0135
CXHYX,Delaware National Hi-Yld Muni Bd A,** 65 High Yield / 35 Long-Term Inv. Grade **,0.0085
FLNC,Fluence Energy Inc Class A,US Small Value,0.0
LCTIX,Leader Capital High Quality Income Instl ,** 83 Long-Term Inv. Grade / 17 Cash **,0.0097
VONE,Vanguard Russell 1000 ETF ,US Large Blend,0.0007
KBWP,Invesco KBW Property & Casualty Ins ETF,** 92 US Mid Value / 8 Intl Mid Value **,0.0035
XIFR,XPLR Infrastructure LP,US Small Value,0.0
PGAIX,PIMCO Global Core Asset Allocation Instl,Non-Traditional,0.0095
PAIDX,PIMCO Short Asset Investment Instl,** 64 Short-Term Inv. Grade / 36 Cash **,0.0034
TCLFX,Nuveen Lifecycle 2025 Retirement,** 53 Int-Term Inv. Grade / 1 Cash / 16 Intl Large Blend / 30 Large Blend **,0.0065
TCLRX,Nuveen Lifecycle 2035 Retirement,** 46 US Large Blend / 22 Intl Large Blend / 1 Cash / 31 Int-Term Inv. Grade **,0.0052
RFETX,American Funds 2030 Trgt Date Retire R6,** 40 US Large Blend / 15 Intl Large Blend / 45 Int-Term Inv. Grade **,0.0033
HIMX,"Himax Technologies Inc ADR(USD,HIMX)",Intl Large Growth,0.0
PDBCX,PGIM Total Return Bond C,Int-Term Inv. Grade,0.015
POLA,Polar Power Inc,US Small Value,0.0
AWHL,Aspira Womens Health Inc,US Small Value,0.0
ENTX,Entera Bio Ltd,US Small Growth,0.0
GRYP,GRYPHON DIGITAL MNG INC,US Small Value,0.0
III,Information Services Group Inc,US Small Blend,0.0
YTRA,Yatra Online Inc,US Small Growth,0.0
FCPCX,Fidelity Advisor Intl Cap App C,** 80 Intl Large Blend / 20 US Large Blend **,0.0187
JTFXX,JPMorgan Tax-Free Money Mkt Inst,Cash/Money Market,0.0021
CPAY,Corpay Inc,US Mid Blend,0.0
LANSX,Lord Abbett National Tax Free A,Long-Term Inv. Grade,0.007
DAY,Dayforce Inc,US Small Growth,0.0
FI,Fiserv Inc,US Mid Blend,0.0
RSPH,Invesco S&P 500® Equal Wt Hlth Care ETF,US Mid Blend,0.004
GAP,Gap Inc,US Small Value,0.0
WDTE,Defiance S&P 500 Target 30 Income ETF,Non-Traditional,0.0101
KLIP,KraneShares KWEB Covered Call Strat ETF,Intl Large Blend,0.0095
NOKBF,Nokia Oyj,Intl Large Value,0.0
HYHG,ProShares High Yield—Interest Rate Hdgd,High Yield,0.005
RITGX,American Funds American High-Inc R6,High Yield,0.0032
MDYHX,BlackRock High Yield Municipal Inv A,** 45 High Yield / 35 Long-Term Inv. Grade / 20 Cash **,0.0085
JAAGX,Janus Henderson VIT Enterprise Instl ,** 75 US Mid Growth / 25 Intl Mid Growth **,0.0072
FVIMX,Fidelity VIP Extended Mkt Indx Service,US Small Blend,0.0022
DLDYX,BNY Mellon Natural Resources Y ,Commodities,0.008
FGSIX,Federated Hermes MDT Mid Cap Growth IS,US Mid Growth,0.0085
SGTIX,Allspring California Tax-Free Inst,Long-Term Inv. Grade,0.0048
LVHD,Franklin U.S. Low Volatility Hi Div ETF,US Mid Value,0.0027
HESAX,Horizon Defensive Core Advisor,US Large Blend,0.0112
SCYB,Schwab High Yield Bond ETF,High Yield,0.0003
MMHKX,MFS Municipal High Income R6,High Yield,0.0052
TECL,Direxion Daily Technology Bull 3X ETF,US Large Growth,0.0085
PGROX,BNY Mellon Worldwide Growth A,** 65 US Large Growth / 35 Intl Large Growth **,0.0114
AUPH,Aurinia Pharmaceuticals Inc,Intl Small Blend,0.0
AUR,Aurora Innovation Inc Class A,US Small Value,0.0
SOUN,SoundHound AI Inc Ordinary Shares - Class A,US Small Growth,0.0
DPST,Direxion Daily Regional Bnks Bull 3X ETF,US Small Value,0.009
YINN,Direxion Daily FTSE China Bull 3X ETF,Intl Large Blend,0.0136
PLTD,Direxion Daily PLTR Bear 1X Shares,Non-Traditional,0.0097
NVDL,GraniteShares 2x Long NVDA Daily ETF ,Non-Traditional,0.0106
FBL,GraniteShares 2x Long META Daily ETF,Non-Traditional,0.0115
SPYU,MAX S&P 500 4X Leveraged ETN,US Large Blend,0.0295
APP,AppLovin Corp Ordinary Shares - Class A ,Intl Large Growth,0.0
WHOSX,Wasatch-Hoisington US Treasury,Long-Term Treasury,0.0066
CGON,CG Oncology Inc ,US Small Value,0.0
RXRX,Recursion Pharmaceuticals Inc Class A,US Small Blend,0.0
IONQ,IonQ Inc Class A,US Mid Growth,0.0
PONY,Pony AI Inc ADR,US Small Blend,0.0
MGRM,Monogram Technologies Inc,US Small Blend,0.0
WBENX,William Blair Emerging Mkts Growth N,** 50 Intl Large Growth / 50 Emerging Large Growth **,0.0124
NVDL,GraniteShares 2x Long NVDA Daily ETF ,Non-Traditional,0.0106
ASP,ASP Isotopes Inc,Intl Small Growth,0.0
ASBAX,American Funds ST Bd Fd of Amer A,Short-Term Treasury,0.0068
QDSIX,AQR Diversifying Strategies I,** 9 US Mid Blend / 7 Intl Mid Blend / 11 Int-term Inv. Grade / 34 Cash / 39 Non-Traditional **,0.002
RYLPF,Koninklijke Philips NV,Intl Mid Value,0.0
SMHX,VanEck Fabless Semiconductor ETF ,** 95 US Large Growth / 5 Intl Large Growth **,0.0035
FSAOX,Strategic Advisers® Fidelity® Alts,Non-Traditional,0.0127
FICQX,Fidelity International Capital App Fd,** 25 US Large Growth / 75 Intl Large Growth **,0.0081
BKCG,BNY Mellon Concentrated Growth ETF,** 85 US Large Growth / 15 Intl Large Growth **,0.005
ASGTX,Transamerica Small Cap Growth A,US Small Growth,0.014
STCUF,Star Copper Corp Ordinary Shares- New ,Intl Small Value,0.0
QQXL,ProShares Ultra QQQ TOP 30,Non-Traditional,0.0095
SOLZ,Solana ETF,Non-Traditional,0.0095
VFL,abrdn National Municipal Income Fund,Long-Term Inv. Grade,0.011
EOD,Allspring Global Dividend Opportunity,** 52 US Large Value / 28 Intl Large Value / 20 Cash ** ,0.0121
SCB,SCB X PCL(Siam Commercial Bank),Emerging Large Blend,0.0
BCSF,Bain Capital Specialty Finance Inc,US Small Value,0.0
CPZ,Calamos L/S Equity & Dynamic Inc Trust,** 13 US Large Blend / 8 Intl Large Blend / 20 Int-term Inv. Grade / 50 Cash / 9 Non-Traditional **,0.0135
CCAP,Crescent Capital BDC Inc Ordinary Shares,US Small Value,0.0
ETW,EV Tax-Managed Glb B-W Opps,** 55 US Large Blend / 45 Intl Large Blend **,0.011
KBDC,Kayne Anderson BDC Inc,US Small Value,0.0
NBH,Neuberger Berman Municipal,Long-Term Inv. Grade,0.003
MEGI,NYLI CBRE Global Infras Megatrends Term,Non-Traditional,0.0156
XFLT,XAI Octagon FR & Alternative Inc Trust,Bank Loans,0.017
NCLO,Nuveen AA-BBB CLO ETF ,Bank Loans,0.0025
PBDC,Putnam BDC Income ETF,US Small Value,0.1349
NGL,NGL Energy Partners LP,Commodities,0.0
VCV,Invesco CA Value Muni Income,** 70 Long-Term Inv. Grade / 30 High Yield **,0.0143
MUNEX,BlackRock Muncpl Crdt Alp Ptf Inc Instl,Long-Term Inv. Grade,0.0101
REMIX,Standpoint Multi-Asset Investor,** 42 US Large Blend / 22 Intl Large Blend / 36 Cash **,0.0151
SETMX,Columbia Intermediate Dur Muni Bd Inst,Int-Term Inv. Grade,0.0041
PCIYX,Putnam CA Tax Exempt Income Y,Long-Term Inv. Grade,0.0063
BKV,BKV Corp,US Small Value,0.0
DBPIX,DWS Short Duration S,Short-Term Inv. Grade,0.0048
SCOBX,DWS International Growth S,** 15 US Large Growth / 85 Intl Large Growth **,0.0087
APGZX,AB Large Cap Growth Z,US Large Growth,0.0051
AIHAX,Horizon Active Income A,Int-Term Inv. Grade,0.0144
LMUB,iShares Long-Term National Muni Bd ETF ,Long-Term Inv. Grade,0.0009
ZVNIX,Zevenbergen Growth Institutional,** 85 US Large Growth / 6 Emerging Large Growth / 6 Intl Large Growth / 3 Cash **,0.01
KAT,Scharf ETF,** 75 US Large Blend / 25 Intl Large Blend **,0.0075
AIQUF,Air Liquide SA,Intl Large Blend,0.0
HTHIF,Hitachi Ltd,Intl Large Growth,0.0
HBCYF,HSBC Holdings PLC,Intl Large Value,0.0
TEQAX,Touchstone Non-US Equity A,** 95 Intl Large Blend / 5 Cash **,0.0115
CLRYF,Clarocity Corp,US Small Growth,0.0
PLTM,GraniteShares Platinum Trust,Commodities,0.005
SDCCQ,SmileDirectClub Inc Ordinary Shares - Class A,US Small Value,0.0
SPGP,Invesco S&P 500 GARP ETF,US Mid Blend,0.0036
MSLC,Morgan Stanley Pathway Large Cap Eq ETF,US Large Blend,0.0041
FEMVX,Fidelity® SAI Emerging Mkts Val Idx,** 70 Emerging Large Value / 30 Intl Large Value **,0.0022
PPTA,Perpetua Resources Corp,US Small Growth,0.0
KMTS,Kestra Medical Technologies Ltd ,US Small Cap Value,0.0
PSHG,Performance Shipping Inc ,Emerging Small Value,0.0
BULL,Webull Corp Class A Ordinary Shares,US Mid Cap Growth,0.0
MFGSX,MFS Government Securities A,Int-Term Treasury,0.0077
MHITX,MFS High Income A,High Yield,0.0086
CHYM,Chime Financial Inc Ordinary Shares - Class A,Emerging Small Growth,0.0
XCAPX,ACAP Strategic A ,** 56 US Large Growth / 30 Intl Large Growth / 14 Cash **,0.0364
MTCLX,MFS Technology R6,** 90 US Large Growth / 10 Intl Large Growth **,0.0079
NRMGX,Neuberger Berman Mid Cap Growth R6,US Mid Growth,0.0059
SSSWX,State Street Equity 500 Index I,US Large Blend,0.0022
FIGXX,Fidelity Inv MM Government I ,Cash/Money Market,0.0018
INMU,iShares Intermediate Muni Income Act ETF,Int-Term Inv. Grade,0.003
ULS,UL Solutions Inc Class A common stock,US Mid Growth,
HIMU,iShares High Yield Muni Active ETF ,High Yield,0.0042
GESI,General European Strategic Invts Inc,Intl Small Value,0.0
LRNZ,"TrueShares Tech, AI and Deep Lrng ETF",US Large Growth,0.0069
IVES,Dan IVES Wedbush AI Revolution ETF,** 85 US Large Growth / 15 Intl Large Growth **,0.0075
CJLXX,JPMorgan Liquid Assets Money Market Cap,Cash/Money Market,0.0018
CGGR,Capital Group Growth ETF ,** 91 US Large Growth / 9 Intl Large Growth **,0.0039
CGGO,Capital Group Global Growth Equity ETF,** 50 US Large Growth 50 Intl Large Growth,0.0047
HIX,"Western Asset High Inc Fund II(USD,HIX)",High Yield,0.0197
JSCP,JPMorgan Short Duration Core Plus ETF,Short-Term Inv. Grade,0.0033
GRRR,Gorilla Technology Group Inc,Intl Small Value,0.0
SLJY,Amplify SILJ Covered Call ETF,Non-Traditional,0.0075
GDXU,MicroSectors™ Gold Miners 3X Lvrgd ETN,Commodities,0.0095
COYY,GraniteShares YieldBOOST COIN ETF ,Non-Traditional,0.0107
NVYY,GraniteShares YieldBOOST NVDA ETF ,Non-Traditional,0.0115
FEPI,REX FANG & Innovation Equity Prm Inc ETF,US Large Growth,0.0065
AVGW,Roundhill AVGO WeeklyPay ETF,Non-Traditional,0.0099
COIW,Roundhill COIN WeeklyPay ETF,Non-Traditional,0.0099
GOOW,Roundhill GOOGL WeeklyPay ETF,Non-Traditional,0.0099
ANNSF,Aena SME SA,Intl Large Growth,0.0
HOOW,Roundhill HOOD WeeklyPay ETF,Non-Traditional,0.0099
MSFW,Roundhill MSFT WeeklyPay ETF,Non-Traditional,0.0099
NFLW,Roundhill NFLX WeeklyPay ETF,Non-Traditional,0.0099
NVDW,Roundhill NVDA WeeklyPay ETF,Non-Traditional,0.0099
PLTW,Roundhill PLTR WeeklyPay ETF,Non-Traditional,0.0099
TSLW,Roundhill TSLA WeeklyPay ETF ,Non-Traditional,0.0099
WPAY,Roundhill WeeklyPay Universe ETF,Non-Traditional,0.0099
GOP,Unusual Whales Subversive Rep Trd ETF,US Large Blend,0.0075
CVNY,YieldMax CVNA Option Income Strategy ETF,Non-Traditional,0.0099
CONY,YieldMax COIN Option Income Strategy ETF,Non-Traditional,0.0122
APTPF,Airports Of Thailand PLC Shs Foreign Registered,Emerging Large Blend,0.0
HOOY,YieldMax HOOD Option Income Strategy ETF,Non-Traditional,0.0099
WNTR,YieldMax MSTR Short Opt Inc Stgy ETF,Non-Traditional,0.0101
SNOY,YieldMax SNOW Option Income Strategy ETF,Non-Traditional,0.0104
ULTY,YieldMax SNOW Option Income Strategy ETF ,Non-Traditional,0.0104
ADAMM,Adamas Trust Inc Pref Share,US Real Estate,0.0
PLTY,YieldMax PLTR Option Income Strategy ETF,Non-Traditional,0.0144
VFLEX,First Trust Alternative Opportunities I,Non-Traditional,0.0325
MARO,YieldMax MARA Option Income Strategy ETF,Non-Traditional,0.0099
JSI,Janus Henderson Securitized Income ETF,Short-Term Treasury,0.0049
RCIRX,Regan Total Return Income Institutional ,Short-Term Treasury,0.0099
ATGFF,AltaGas Ltd,Intl Mid Value,0.0
CLOX,Eldridge AAA CLO ETF ,Short-Term Treasury,0.002
MBSF,Regan Floating Rate MBS ETF,Short-Term Treasury,0.0049
BEPpA,Brookfield Renewable Partners LP Pref Share,Preferred Stock,0.0
GLOPpC,GasLog Partners LP Pref Share,Preferred Stock,0.0
RITMpD,Rithm Capital Corp Pref Share,Preferred Stock,0.0
TWOpC,Two Harbors Investment Corp Pref Share,Preferred Stock,0.0
USBpH,U.S. Bancorp Pref Share,Preferred Stock,0.0
YBTC,Roundhill Bitcoin Covered Cll Strat ETF,Non-Traditional,0.0096
LFGY,YieldMax CryptoIndustry&TechPtfOptIncETF,Non-Traditional,0.0099
CRSH,YieldMax Short TSLA Option Inc Strgy ETF,Non-Traditional,0.0114
MAQAF,Atlas Arteria Ltd,Intl Mid Blend,0.0
ECCF,Eagle Point Credit Co Inc Pref Share,Preferred Stock,0.0
PRIFpD,"Priority Income Fund, Inc. Pref Share",Preferred Stock,0.0
TUA,Simplify Short Term Trsy Futs Strat ETF,Long-Term Treasury,0.0025
XBTY,GraniteShares YieldBOOST Bitcoin ETF,Non-Traditional,0.0115
YBIT,YieldMax Bitcoin Option Inc Strat ETF,Non-Traditional,0.0476
TSMY,YieldMax TSM Option Inc Strat ETF,Non-Traditional,0.0099
RRR,Red Rock Resorts Inc Class A,US Small Growth,0.0
XBTY,GraniteShares YieldBOOST Bitcoin ETF,Non-Traditional,0.0115
NFLY,GraniteShares YieldBOOST Bitcoin ETF,Non-Traditional,0.0115
GPTY,YieldMax AI & Tech Port Opt Inc ETF,Non-Traditional,0.0099
ACKDF,Auckland International Airport Ltd,Intl Large Blend,0.0
FBY,YieldMax META Option Income Strategy ETF,Non-Traditional,0.0106
SMCY,YieldMax SMCI Option Income Strategy ETF,Non-Traditional,0.0099
IWMY,Defiance R2000 Target 30 Income ETF,Non-Traditional,0.0102
QDTE,Roundhill Innovt-100 0DTE CovCllStratETF,Non-Traditional,0.0097
RDTE,Roundhill Russell 2000 0DTECovCllStgyETF ,Non-Traditional,0.0097
XDTE,Roundhill S&P 500 0DTE Cov Cll Strat ETF ,Non-Traditional,0.0097
YETH,Roundhill Ether Covered Cll Strat ETF,Non-Traditional,0.0095
AAGFF,Aftermath Silver Ltd,Intl Small Blend,0.0
AAUAF,Almaden Minerals Ltd,Intl Small Value,0.0
ATCUF,Alta Copper Corp ,Intl Small Value,0.0
fzflx,Fidelity SAI Small-Mid Cap 500,US Mid Blend,0.0005
CLNXF,Cellnex Telecom SA,Intl Large Blend,0.0
APGE,Apogee Therapeutics Inc,US Small Blend,0.0
LEU,Centrus Energy Corp Class A,US Small Growth,0.0
SOLS,Solstice Advanced Materials Inc,US Small Blend,0.0
TROX,Tronox Holdings PLC Shs Class A,US Small Value,0.0
PRKS,United Parks & Resorts Inc,US Small Value,0.0
CAI,Caris Life Sciences Inc,US Small Growth,0.0
CELU,Celularity Inc Ordinary Shares - Class A,US Small Value,0.0
KLAR,Klarna Group PLC,US Mid Growth,0.0
AAGFF,Aftermath Silver Ltd.,Intl Small Blend,0.0
AAUAF,Almaden Minerals Ltd,Commodities,0.0
CSPKF,COSCO SHIPPING Ports Ltd,Intl Mid Value,0.0
AMLIF,American Lithium Corp,US Small Value,0.0
ARGTF,Artemis Gold Inc Ordinary Shares,Intl Mid Blend,0.0
AOTVF,Ascot Resources Ltd,Intl Small Value,0.0
AUIAF,Aurania Resources Ltd,Intl Small Blend,0.0
AUXXF,A2 Gold Corp,US Small Value,0.0
BCEKF,Bear Creek Mining Corp,Intl Small Value,0.0
BKRRF,Blackrock Silver Corp,Intl Small Blend,0.0
BLAGF,Blue Lagoon Resources Inc Ordinary Shares,Intl Small Value,0.0
BTG,B2Gold Corp,Intl Mid Value,0.0
CBGZF,Cabral Gold Inc,Intl Small Growth,0.0
XNGSF,ENN Energy Holdings Ltd,Emerging Large Blend,0.0
CRCUF,Canagold Resources Ltd Ordinary Shares,Intl Small Growth,0.0
CRTIF,Cartier Silver Corp,Intl Small Value,0.0
CGLCF,Cassiar Gold Corp,Intl Small Value,0.0
CTVFF,CleanTech Vanadium Mining Corp,Intl Small Value,0.0
CTGO,Contango Ore Inc,US Small Value,0.0
CPPMF,Coppernico Metals Inc,Intl Small Value,0.0
DFMTF,Defense Metals Corp Class A,Intl Small Blend,0.0
DNCVF,Defiance Silver Corp,Intl Small Blend,0.0
ELVR,Elevra Lithium Ltd ADR,Intl Small Value,0.0
ELRRF,Eloro Resources Ltd,Intl Small Blend,0.0
FFWM,First Foundation Inc,US Small Value,0.0
ESKYF,Eskay Mining Corp ,Intl Small Value,0.0
EXNRF,Excellon Resources Inc,Intl Small Value,0.0
NFLDF,Exploits Discovery Corp Ordinary Shares,Intl Small Blend,0.0
FFMGF,First Mining Gold Corp,Intl Small Value,0.0
FPOCF,FPX Nickel Corp,Intl Small Blend,0.0
FGOVF,Freegold Ventures Ltd ,Intl Small Growth,0.0
FNLPF,Fresnillo PLC,Emerging Large Growth,0.0
FURY,Fury Gold Mines Ltd,Intl Small Value,0.0
FFUCF,F4 URANIUM CORP,Intl Small Value,0.0
GGLDF,Getchell Gold Corp ,Intl Small Value,0.0
GPAEF,Grupo Aeroportuario del Pacifico SAB de CV Class B,Emerging Large Growth,0.0
GLGDF,GoGold Resources Inc,Intl Small Value,0.0
GLDG,GoldMining Inc,Intl Small Growth,0.0
GOTRF,Goliath Resources Ltd,Intl Small Growth,0.0
GRSLF,Gr Silver Mining Ltd ,Intl Small Growth,0.0
GPGCF,Great Pacific Gold Corp Ordinary Shares,Intl Small Value,0.0
GPLDF,Great Panther Mining Ltd,Intl Small Blend,0.0
BADEF,Hercules Metals Corp Ordinary Shares,US Small Value,0.0
IAUX,i-80 Gold Corp,US Small Value,0.0
ISVLF,IMPACT Silver Corp,Intl Small Value,0.0
ITRG,Integra Resources Corp,Intl Small Blend,0.0
HKHHF,HEINEKEN HLDG NV    ORDF,Intl Large Blend,0.0
KGCRF,Kinross Gold Corp. ,Intl Small Value,0.0
KDKGF,Klondike Gold Corp,Intl Small Value,0.0
KOREF,Kore Mining Ltd,Intl Small Value,0.0
KNTNF,K92 Mining Inc,Intl Small Growth,0.0
NKOSF,Labrador Gold Corp,Intl Small Value,0.0
,Leviathan Metals Corp Ordinary Shares,Intl small Value,0.0
LOMLF,Lion One Metals Ltd,Intl Small Value,0.0
MAKOF,Mako Mining Corp,Intl Small Growth,0.0
MTA,Metalla Royalty & Streaming Ltd,Intl Small Growth,0.0
MMNGF,Metallic Minerals Corp,Intl Small Value,0.0
GAERF,Grupo Aeroportuario del Centro Norte SAB de CV,Emerging Mid Blend,0.0
MEXGF,Mexican Gold Mining Corp,Intl Small Growth,0.0
MAIFF,Minera Alamos Inc,Intl Small Value,
NBMFF,NEO Battery Materials Ltd,Intl Small Value,0.0
NFGC,New Found Gold Corp Ordinary Shares,Intl Small Growth,0.0
NEWP,New Pacific Metals Corp,Intl Small Blend,0.0
CCWOF,Nord Precious Metals Mining Inc,Intl Small Blend,0.0
NXNIF,NorthX Nickel Corp,Intl Small Growth,0.0
NSRPF,Novo Resources Corp,Intl Small Value,0.0
ONXGF,Onyx Gold corp ,Intl Small Value,0.0
ORLCF,Oracle Commodity Holding Corp,Intl Small Value,0.0
GGDVF,Guangdong Investment Ltd,Intl Large Value,0.0
ALTS,ALT5 Sigma Corporation,US Small Value,0.0
OCGSF,Outcrop Silver & Gold Corp,Intl Small Blend,0.0
PUMXF,Puma Exploration Inc ,Intl Small Blend,0.0
DCNNF,Quest Critical Metals Inc,Intl Small Value,0.0
RIOFF,Rio2 Ltd,Intl Small Value,0.0
HAMRF,Silver Hammer Mining Corp,Intl Small Value,0.0
AAGAF,Silver47 Exploration Corp.,Intl Small Value,0.0
SNWGF,Snowline Gold Corp,Intl Small Growth,0.0
SLSR,Solaris Resources Inc Ordinary Shares,Intl Small Value,0.0
SMOFF,Sonoro Gold Corp ,Intl Small Value,0.0
HRNNF,Hydro One Ltd,Intl Large Blend,0.0
SAGGF,Sterling Metals Corp,Intl Small Blend,0.0
TRGGF,Tarachi Gold Corp Ordinary Shares,Intl Small Value,0.0
THSGF,Thesis Gold Inc A ,Intl Small Blend,0.0
TSLVF,Tier One Silver,Intl Small Value,0.0
TINFF,Tincorp Metals Inc Ordinary Shares,Intl Small Value,0.0
TFPM,Triple Flag Precious Metals Corp,Intl Mid Growth,0.0
TSGZF,Tristar Gold Inc,US Small Value,0.0
TIGCF,Triumph Gold Corp,Intl Small Value,0.0
VCUFF,Vizsla Copper Corp,Intl Small Value,0.0
VROYF,Vizsla Royalties Corp,Intl Small Value,0.0
ICTEF,International Container Terminal Services Inc,Emerging Large Blend,0.0
VZLA,Vizsla Silver Corp Ordinary Shares (New Shares),Intl Small Growth,0.0
WLBMF,Wallbridge Mining Co Ltd,Intl Small Value,0.0
WDOFF,Wesdome Gold Mines Ltd,Intl Small Growth,0.0
WSTRF,Western Uranium & Vanadium Corp ,Intl Small Value,0.0
LVXFF,Leviathan Metals Corp Ordinary Shares,Intl Small Value,0.0
MXROF,MAX Resource Corp,Intl Small Value,0.0
SCZMF,Santacruz Silver Mining Ltd,Intl Small Growth,0.0
TRBMF,Torq Resources Inc,Intl Small Value,0.0
GQEPX,GQG Partners US Select Quality Eq Inv,US Large Value,0.007
HNRGX,Hennessy Energy Transition Investor,US Mid Value,0.0244
BPAQF,BP PLC - Stock Quote,Intl Large Value,0.0
PEGRF,Pennon Group PLC,Intl Mid Blend,0.0
ICBAX,ICON Natural Resources and Infras Inv,** 80 US Small Value / 20 Intl Small Value **,0.0156
ANRO,Alto Neuroscience Inc,US Small Value,0.0
ARTV,Artiva Biotherapeutics Inc,US Small Value,0.0
AWRE,Aware Inc,US Small Value,0.0
BLCO,Bausch & Lomb Corp,US Mid Blend,0.0
BTE,Baytex Energy Corp,Intl Small Blend,0.0
BMR,Beamr Imaging Ltd,Intl Small Value,0.0
BORR,Borr Drilling Ltd ,Intl Small Blend,0.0
BRCC,BRC Inc ,US Small Value,0.0
CALC,CalciMedica Inc Ordinary Shares,US Small Value,0.0
QUBHF,Qube Holdings Ltd,Intl Mid Blend,0.0
CCIF,Carlyle Credit Income Ord,Int-Term Inv. Grade,0.0972
CING,Cingulate Inc,US Small Value,0.0
CLIR,ClearSign Technologies Corp,US Small Growth,0.0
CULP,Culp Inc,US Small Value,0.0
DCTH,Delcath Systems Inc,US Small Growth,0.0
DYN,Dyne Therapeutics Inc Ordinary Shares,US Small Blend,0.0
EIC,Eagle Point Income Co Inc,High Yield,0.066
EONR,EON Resources Inc Ordinary Shares - Class A,US Small Value,0.0
ERNA,Ernexa Therapeutics Inc Ordinary Shares,US Small Value,0.0
FAT,FAT Brands Inc Class A,US Small Blend,0.0
SGBAF,SES SA DR,Intl Small Blend,0.0
ULCC,Frontier Group Holdings Inc,US Small Growth,0.0
HTOO,Fusion Fuel Green PLC Class A,Intl Small Value,0.0
GANX,Gain Therapeutics Inc,US Small Value,0.0
GLSI,Greenwich LifeSciences Inc Ordinary Shares,US Small Value,0.0
HCWB,HCW Biologics Inc,US Small Value,0.0
HPK,HighPeak Energy Inc Ordinary Shares,US Small Value,0.0
HBM,Hudbay Minerals Inc,Intl Mid Blend,0.0
THM,International Tower Hill Mines Ltd,Intl Small Blend,0.0
KZR,Kezar Life Sciences Inc,US Small Blend,0.0
LBRT,Liberty Energy Inc Class A ,US Small Value,0.0
TRAUF,Transurban Group,Intl Large Blend,0.0
LTBR,Lightbridge Corp ,US Small Growth,0.0
LION,Lionsgate Studios Corp Ordinary Shares,US Small Value,0.0
MTVA,MetaVia Inc,US Small Value,0.0
MPB,Mid Penn Bancorp Inc,Intl Small Value,0.0
MOB,Mobilicom Ltd ADR,Intl Small Value,0.0
MSAI,MultiSensor AI Holdings Inc,US Small Value,0.0
NEON,Neonode Inc,Intl Small Value,0.0
NRDY,Nerdy Inc Ordinary Shares - Class A,Intl Small Value,0.0
NTSK,Netskope Inc Ordinary Shares - Class A,US Small Value,0.0
NEUP,Neuphoria Therapeutics Inc Ordinary Shares ,US Small Growth,0.0
ZHEXF,Zhejiang Expressway Co Ltd Class H,Emerging Mid Value,0.0
NMAX,Newsmax Inc Class B Shares,US Small Value,0.0
NXDR,Nextdoor Holdings Inc Class A,US Small Value,0.0
NUVB,Nuvation Bio Inc Ordinary Shares - Class A,US Small Value,0.0
JFR,Nuveen Floating Rate Income ,Bank Loans,0.0478
OKLO,Oklo Inc Class A Shares,US Mid Growth,0.0
ONDS,Ondas Holdings Inc,US Small Blend,0.0
ONTTF,Oxford Nanopore Technologies PLC,Intl Small Value,0.0
OXSQ,Oxford Square Capital Corp BDC,US Small Value,0.0
PAMT,PAMT Corp,US Small Value,0.0
PSKY,Paramount Skydance Corp Ordinary Shares - Class B,US Mid Value,
DNMR,Danimer Scientific Inc Ordinary Shares - Class A,US Micro,0.0
PRZO,ParaZero Technologies Ltd Ordinary Shares,Intl Small Blend,0.0
PGEN,Precigen Inc ,US Small Value,0.0
PRME,Prime Medicine Inc,US Small Value,0.0
PUMSY,Puma SE ADR ,Intl Mid Blend,0.0
PPBT,Purple Biotech Ltd ADR,Intl Small Value,0.0
RANI,Rani Therapeutics Holdings Inc Class A,US Small Value,0.0
RZLT,Rezolute Inc,US Small Value,0.0
RZLV,Rezolve AI PLC,Intl Small Growth,0.0
RDNW,RideNow Group Inc Class B,US Small Value,0.0
RDZN,Roadzen Inc,US Small Blend,0.0
HL,Hecla Mining Co,US Small Value,0.0
SOC,Sable Offshore Corp,US Small Growth,0.0
SHIP,Seanergy Maritime Holdings Corp,Emerging Small Value,0.0
SILO,SILO Pharma Inc,US Small Value,0.0
SLVNF,Solvonis Therapeutics PLC,Intl Small Value,0.0
SOND,Sonder Holdings Inc Ordinary Shares - Class A,Intl Small Value,0.0
SRAD, Stocks Sportradar Group AG Class A,Intl Mid Growth,0.0
SPWH,Sportsman's Warehouse Holdings Inc,US Small Value,0.0
STRZ,Starz Entertainment Corp,US Small Growth,0.0
SRTA,Strata Critical Medical Inc Class A,US Small Value,0.0
SUNS,Sunrise Realty Trust Inc,US Real Estate,0.0
TWST,Twist Bioscience Corp,US Small Growth,0.0
TPST,Tempest Therapeutics Inc,US Small Value,0.0
TRMD,TORM PLC Class A ,Intl Small Value,0.0
UDMY,Udemy Inc,US Small Blend,0.0
UHG,United Homes Group Inc Ordinary Shares - Class A,US Small Value,0.0
VFF,Village Farms International Inc,US Small Blend,0.0
VRAX,Virax Biolabs Group Ltd Class A,Intl Small Value,0.0
XRTX,XORTX Therapeutics Inc,Intl Small Value,0.0
EGHT,8x8 Inc,US Small Value,0.0
QQQY,Defiance Nasdaq 100 Target 30 Income ETF,** 75 Short-Term Treasury / 25 Cash **,0.01
USOY,Defiance Oil Enhanced Options Income ETF,Non-Traditional,0.0122
EEMAX,Columbia Emerging Markets A,** 75 Emerging Large Growth / 25 Intl Large Growth **,0.0143
DTCR,Global X Data Center & Dgtl Infrs ETF ,** 70 US Real Estate / 30 Intl Real Estate **,0.0055
NVD,GraniteShares 2x Short NVDA Daily ETF,Non-Traditional,0.0135
NVDS,Tradr 1.5X Short NVDA Daily ETF,Non-Traditional,0.0115
BITI,ProShares Shrt Bitcoin ETF,Non-Traditional,0.0101
NVDQ,T-REX 2X Inverse NVIDIA Daily Target ETF ,Non-Traditional,0.0105
BNO,United States Brent Oil ,Commodities,0.0114
APLY,YieldMax AAPL Option Income Strategy ETF,Non-Traditional,0.0106
ABNY,YieldMax ABNB Option Income Strategy ETF,Non-Traditional,0.0106
AIYY,YieldMax AI Option Income Strategy ETF,Non-Traditional,0.0167
AMDY,YieldMax AMD Option Income Strategy ETF ,Non-Traditional,0.0123
SSCVX,Columbia Select Small Cap Value A,** 90 US Small Blend / 7 Emerging Small Blend / 3 Intl Small Blend **,0.0128
BABO,YieldMax BABA Option Income Strategy ETF,Non-Traditional,0.0099
DISO,YieldMax DIS Option Income Strategy ETF,Non-Traditional,0.0132
FEAT,YieldMax Dorsey Wright Fetrd 5 Inc ETF,Non-Traditional,0.0128
OARK,YieldMax ARKK Option Income Strategy ETF,Non-Traditional,0.01
JPMO,YieldMax JPM Option Income Strategy ETF,Non-Traditional,0.0119
YMAG,YieldMax Magnificent 7 Fd Of Opt IncETFs,Non-Traditional,0.0112
MRNY,YieldMax MRNA Option Income Strategy ETF,Non-Traditional,0.0127
MSFO,YieldMax MSFT Option Income Strategy ETF,Non-Traditional,0.0107
PYPY,YieldMax PYPL Option Income Strategy ETF,Non-Traditional,0.0146
FIAT,YieldMax Short COIN Option Inc Strgy ETF,Non-Traditional,0.01
BTGOF,BT Group PLC,Intl Large Value,0.0
SLMCX,Columbia Seligman Tech & Info A,US Large Blend,0.0118
BIGY,YieldMax Target 12 Big 50 Option Inc ETF,Non-Traditional,0.0099
XOMO,YieldMax XOM Option Income Strategy ETF,Non-Traditional,0.0125
XYZY,YieldMax XYZ Option Income Strategy ETF,Non-Traditional,0.0144
CAPL,CrossAmerica Partners LP,MLP,0.0
FSP,Franklin Street Properties Corp,US Real Estate,0.0
GEL,Genesis Energy LP,MLP,0.0
PDM,Piedmont Realty Trust Inc Class A,US Real Estate,0.0
PCVXX,Federated Hermes Prime Cash Obl Advisor,Cash/Money Market,0.002
SHLD,Global X Defense Tech ETF,** 60 US Large Growth / 40 Intl Large Growth **,0.005
RVPH,Reviva Pharmaceuticals Holdings Inc Ordinary Shares,US Small Value,0.0
ANOIX,American Century Small Cap Growth Inv,US Small Growth,0.0117
CULIX,Calvert Ultra-Short Duration Income I,Short-Term Inv. Grade,0.0047
IGAIX,American Funds Intl Gr and Inc F3,Intl Large Blend,0.0053
RYSEX,Royce Small-Cap Special Equity Invmt ,** 75 US Small Value / 25 Cash **,0.0122
AMIGX,Amana Growth Institutional ,** 77 US Large Growth / 23 Intl Large Growth **,0.0061
FIFAX,American Funds Income Fund of Amer F3,** 45 US Large Value / 25 Intl Large Value / 25 Int-Term Inv. Grade / 5 Cash **,0.0026
FTVSX,FullerThaler Behav Md-Cp Val Instl,** 95 US Small Value / 5 Intl Small Value **,0.0085
PVCIX,Palm Valley Capital Institutional,** 20 US Small Value / 35 Int-Term Inv. Grade / 45 Cash **,0.0101
QQQI,NEOS Nasdaq-100(R) High Income ETF,US Large Growth,0.0068
ASIMX,Alger Weatherbie Specialized Growth I,** 90 US Small Growth / 10 Intl Small Growth **,0.0128
AISP,Airship AI Holdings Inc Ordinary Shares - Class A,US Small Value,0.0
EFIPX,Fidelity Advisor® Limited Term Bond I,Short-Term Inv. Grade,0.005
BMNR,BitMine Immersion Technologies Inc,US Small Growth,0.0
CRDL,Cardiol Therapeutics Inc Class A,Intl Small Value,0.0
MRAM,Everspin Technologies Inc,US Small Blend,0.0
GEOS,Geospace Technologies Corp,US Small Value,0.0
GSIT,GSI Technology Inc,US Small Value,0.0
GTBP,GT Biopharma Inc,US Small Value,0.0
LEXX,Lexaria Bioscience Corp,Intl Small Value,0.0
MIND,MIND Technology Inc,Intl Small Value,0.0
TMC,TMC The Metals Co Inc,Intl Small Blend,0.0
UAMY,United States Antimony Corp,US Small Growth,0.0
LCEYX,Invesco Diversified Dividend Y,** 91 US Large Value / 5 Cash / 4 Intl Large Value **,0.0056
USAR,USA Rare Earth Inc ,US Small Value,0.0
LIRAX,BlackRock LifePath® Index Retirement Fund Investor A Shares,** 25 US Large Blend / 15 Intl Large Blend / 60 Short-Term Treasury **,0.0037
OGLIX,  Invesco Global Fund Class R6,** 65 US Large Growth / 35 Intl Large Growth **,0.0072
FHBZX,Fidelity Freedom Blend Retirement Fund,** 12 US Large Blend / 12 Intl Large Blend / 66 Int-Term Treasury / 10 Cash **,0.0042
GVIXX,Allspring Government Money Market Fund - Class Inst,Cash/Money Market,0.002
VTASX,Vanguard Total Stock Market Index Fund Admiral Shares,US Large Blend,0.0004
SDEM,Global X MSCI SuperDividend® Emerging Markets ETF,Emerging Large Value,0.0066
SSAHX,State Street Target Retirement 2025 Fund Class R3,** 26 US Large Blend / 15 Intl Large Blend / 59 Short-Term Treasury **,0.0059
WTAI,WisdomTree Artificial Intelligence and Innovation Fund,* 75 US Large Growth / 25 Intl Large Growth **,0.0045
EGOIX,  Allspring Large Cap Core Fund - Class Inst,US Large Blend,0.0067
CPHUX,Columbia Strategic Income Inst3,** 45 High Yield / 40 Long-Term Inv. Grade / 15 Cash **,0.0059
CAMYX,Cambiar International Equity Institutional,Intl Large Blend,0.009
MFBIX,Mesirow Enhanced Core Plus Fund,Int-Term Inv. Grade,0.0054
SSVIX,Columbia Select Small Cap Value Fund Institutional 2 Class,** 95 US Small Value / 5 Intl Small Value **,0.0092
JDNNX,Janus Henderson Growth And Income Fund Class N,US Large Blend,0.0062
JDPNX,Janus Henderson Mid Cap Value Fund Class N,** 95 US Mid Blend / 5 Intl Large Blend **,0.0081
TRIHX,Nuveen Large Cap Growth Index Fund I Class,US Large Growth,0.0016
OTCAX,MFS Mid Cap Growth Fund Class A,** 93 US Mid Growth / 7 Intl Mid Growth **,0.0103
HODL,VanEck Bitcoin ETF,Non-Traditional,0.002
PIEFX,Federated Hermes Emerging Markets Equity Fund Class Institutional,Emerging Large Growth,0.0099
HGRAF,Hydrograph Clean Power Inc,US Small Growth,0.0
LCTU,BlackRock US Carbon Transition Rdnss ETF,US Large Blend,0.0014
FAB,First Abu Dhabi Bank PJSC,Emerging Large Value,0.0
FCNYX,Fidelity Advisor Conservative Income Bond Fund - Class Z,** 57 Short-Term Inv. Grade / 43 Cash **,0.002
PSDQX,Putnam Ultra Short Duration Income Fund Class R6 ,** 78 Short-Term Inv. Grade / 22 Cash **,0.0029
vmvxx,JPMorgan Prime Money Market Fund Morgan Class,Cash/Money Market,0.0048
JPDRX,JPMorgan Preferred and Income Securities Fund Class R6,Preferred Stock,0.0055
NPSFX,Nuveen Preferred Securities & Income Fund Class R6 ,Preferred Stock,0.0068
JMTG,JPMorgan Mortgage-Backed Securities ETF,Int-Term Treasury,0.0024
JSDRX,JPMorgan Short Duration Core Plus Fund Class R6,** 30 Short-Term Inv. Grade / 70 Short-Term Treasury,0.0033
MJGXX,JPMorgan U.S. Government Money Market Fund Morgan Class,Cash/Money Market,0.0057
FXL,First Trust Technology AlphaDEX® Fund,US Mid Growth,0.006
EUSB,iShares ESG Advanced Ttl USD Bd Mrkt ETF,Int-Term Inv. Grade,0.0012
FIGB,Fidelity Investment Grade Bond ETF,Int-Term Inv. Grade,0.0036
VAGIX,Value Line Core Bond Fund,Int-Term Inv. Grade,0.0025
RGAFX,American Funds The Growth Fund of America® Class R-5,** 90 US Large Growth / 10 Intl Large Growth **,0.0034
CMLIX,Congress Large Cap Growth Fund Institutional Class,US Large Growth,0.0068
PELBX,PIMCO Emerging Markets Local Currency and Bond Fund Institutional Class,Emerging Market Debt,0.009
SKYT,SkyWater Technology Inc,US Small Growth,0.0
TRGXX,T. Rowe Price U.S. Treasury Money Fund I Class,Cash/Money Market,0.0023
MGMXX,JPMorgan U.S. Government Money Market Fund Class IM,Cash/Money Market,0.0012
NBMLX,Neuberger Mid Cap Growth Fund I Class,** 95 US Mid Growth / 5 Intl Mid Growth **,0.0068
METU,Direxion Daily META Bull 2X ETF,Non-Traditional,0.0106
HLEMX,Harding Loevner Emerging Markets Advisor,Emerging Large Growth,0.0142
JEDI,Defiance Drone and Modern Warfare ETF,** 70 US Mid Blend / 30 Intl Mid Blend **,0.0069
XOVR,ERShares Private-Public Crossover ETF,** 90 US Large Growth / 10 Cash **,0.0075
COAL,Range Global Coal ETF,** 50 US Small Value / 50 Intl Small Value **,0.0085
NUKZ,Range Nuclear Renaissance ETF,** 57 US Mid Growth / 43 Intl Mid Growth **,0.0085
HYDR,Global X Hydrogen ETF,** 35 US Small Blend / 65 Intl Small Blend **,0.005
BKCH,Global X Blockchain ETF,** 77 US Small Growth / 23 Intl Small Growth **,0.005
DMAT,Global X Disruptive Materials ETF,** 20 US Large Blend / 80 Intl Large Blend **,0.0059
LABX,Tradr 2X Long ALAB Daily ETF,Non-Traditional,0.013
SLVP,iShares MSCI Global Silver and Metals Miners ETF,Commodities,0.0039
ILIT,Ishares Lithium Miners And Producers ETF,Commodities,0.0047
DMXF,iShares ESG Advanced MSCI EAFE ETF,Intl Large Blend,0.0012
ICOP,Ishares Copper And Metals Mining ETF,Commodities,0.0047
IBLC,iShares Blockchain and Tech ETF,** 85 US Mid Growth / 15 Intl Mid Growth **,0.0047
QTOP,iShares Nasdaq Top 30 Stocks ETF,US Large Growth ,0.002
IBAT,iShares Energy Storage & Materials ETF,US Large Blend,0.0047
AGIX,KraneShares Artificial Intelligence and Technology ETF,** 90 US Large Growth / 10 Intl Large Growth **,0.0099
TMAT,Main Thematic Innovation ETF,** 80 US Mid Growth / 20 Intl Mid Growth **,0.0085
USD,ProShares Ultra Semiconductors,** 65 US Large Growth / 35 Intl Large Growth **,0.0095
SPYM,State Street® SPDR® Portfolio S&P 500® ETF,US Large Blend,0.0002
EUAD,Select STOXX Europe Aerospace & Defense ETF,** 60 Intl Large Growth / 40 Cash **,0.005
SETM,Sprott Critical Materials ETF,** 25 US Mid Growth / 75 Intl Mid Growth **,0.0065
USXF,iShares® ESG Advanced MSCI USA ETF,US Large Growth,0.001
NIKL,Sprott Nickel Miners ETF ,Commodities,0.0075
LITP,Sprott Lithium Miners ETF,Commodities,0.0065
URNJ,Sprott Junior Uranium Miners ETF,Commodities,0.008
METL,Sprott Active Metals & Miners ETF,Commodities,0.0089
GBUG,Sprott Active Gold & Silver Miners ETF,Commodities,0.0089
SLVR,Sprott Silver Miners & Physical Silver ETF,Commodities,0.0065
SGDM,Sprott Gold Miners ETF,Commodities,0.005
WISE,Themes Generative Artificial Intelligence ETF,** 80 US Mid Growth / 20 Intl Mid Growth **,0.0035
LIMI,Themes Lithium & Battery Metal Miners ETF,Commodities,0.0035
SGDM,Sprott Gold Miners ETF,Commodities,0.005
FVDFX,"Fidelity® Value Discovery(USD,FVDFX)",** 79 US Large Value / 19 Intl Large Value / 2 Cash **,0.0069
CPYYF,Centrica PLC,Intl Mid Blend,0.0
MVST,Microvast Holdings Inc,US Small Growth,0.0
COPA,Themes Copper Miners ETF,Commodities,0.0035
BOTT,Themes Humanoid Robotics ETF ,** 25 US Mid Growth / 45 Intl Mid Growth / 30 Emerging Mid Growth **,0.0035
CCSO,Carbon Collective Climate Solutions U.S. Equity ETF,** 90 US Mid Growth / 10 Emerging Mid Growth **,0.0035
SFY,SoFi Select 500 ETF,US Large Growth,0.0005
AGIQ,Sofi Agentic AI ETF,** 92 US Large Growth / 8 Emerging Large Growth **,0.0069
WGMI,CoinShares Bitcoin Mining ETF,** 66 US Mid Growth / 34 Intl Mid Growth **,0.0075
BUZZ,VanEck Social Sentiment ETF,US Large Growth ,0.0076
GMET,VanEck Green Metals ETF,Commodities,0.0061
IBOT,Vaneck Robotics ETF,** 40 US Large Growth / 60 Intl Large Growth **,0.0047
GAMR,Amplify Video Game Leaders ETF,** 60 US Large Growth / 40 Intl Large Growth **,0.0059
PMAR,Innovator S&P 500 Power Buffer ETF™ Mar,Non-Traditional,0.0079
FFOG,Franklin Focused Growth ETF,** 87 US Large Growth / 13 Intl Large Growth **,0.0055
SNSR,Global X Internet of Things ETF,** 65 US Mid Growth / 35 Intl Large Growth **,0.0068
GARP,iShares MSCI USA Quality GARP ETF,US Large Growth,0.0051
USMC,Principal U.S. Mega-Cap ETF,US Large Blend,0.0012
SKYU,ProShares Ultra Cloud Computing,Non-Traditional,0.0095
XHE,State Street® SPDR® S&P® Health Care Equipment ETF,US Small Blend,0.0035
XSW,State Street® SPDR® S&P® Software & Services ETF ,US Small Growth,0.0035
SEIM,SEI Enhanced US Large Cap Momentum Factor ETF,US Large Growth,0.0015
FBTC,Fidelity Wise Origin Bitcoin Fund,Non-Traditional,0.0025
AAAU,Goldman Sachs Physical Gold ETF,Commodities,0.0018
DIVB,iShares Core Dividend ETF,US Large Value,0.0025
ARQQ,Arqit Quantum Inc ,Intl Small Value,0.0
BLSH,Bullish,Intl Small Growth,0.0
CCCX,Churchill Capital Corp X Ordinary Shares - Class A,Non-Traditional,0.0
CRML,Critical Metals Corp,Intl Small Value,0.0
DLP,DLP Resources Inc Ordinary Shares,Intl Small Value,0.0
ETOR,Etoro Group Ltd Ordinary Shares - Class A,US Mid Growth,0.0
WLAC,Willow Lane Acquisition Corp Class A Ordinary Shares,Non-Traditional,0.0
PGY,Pagaya Technologies Ltd Class A,US Small Growth,0.0
NKLR,Terra Innovatum Global NV,US Micro,0.0
AEHR,Aehr Test Systems,US Small Growth,0.0
BSCR,Invesco BulletShares 2027 Corp Bd ETF,Short-Term Inv. Grade,0.001
AREC,American Resources Corp Class A,US Small Value,0.0
AMSC,American Superconductor Corp,US Small Growth,0.0
BKKT,Bakkt Holdings Inc Ordinary Shares - Class A,US Small Blend,0.0
CALA,Calithera Biosciences Inc,US Small Value,0.0
CRCL,Circle Internet Group Inc Ordinary Shares - Class A,US Mid Growth,0.0
CODA,Coda Octopus Group Inc,US Small Blend,0.0
DAVE,Dave Inc,US Small Growth,0.0
EOSE,Eos Energy Enterprises Inc Ordinary Shares Class A,US Small Growth,0.0
FIG,Figma Inc Class A,US Small Value,0.0
FIGR,Figure Technology Solutions Inc Ordinary Shares-Class A,US Small Growth,0.0
BSCS,Invesco BulletShares 2028 Corp Bd ETF,Int-Term Inv. Grade,0.001
GLXY,Galaxy Digital Inc Ordinary Shares - Class A,US Small Blend,0.0
LUNR,Intuitive Machines Inc Ordinary Shares - Class A,US Small Blend,0.0
KELYB,Kelly Services Inc Conv Shs -B- Conv at any time,US Small Value,0.0
LCRX,Limbach Holdings Inc,US Small Growth,0.0
MSGE,Madison Square Garden Entertainment Corp,US Small Growth,0.0
MBOT,Microbot Medical Inc,US Small Growth,0.0
AIOT,PowerFleet Inc,US Small Blend,0.0
RR,Richtech Robotics Inc Class B Common Stock,US Small Blend,0.0
SBET,SharpLink Gaming Inc Ordinary Shares,US Small Value,0.0
SVCO,Silvaco Group Inc,US Small Growth,0.0
PJUN,Innovator S&P 500 Power Buffer ETF New,Non-Traditional,0.0079
SFGYY,Sony Financial Group Inc ADR,US Mid Growth,0.0
TSSI,TSS Inc,US Small Growth,0.0
TGEN,Tecogen Inc,US Small Value,0.0
WULF,TeraWulf Inc,US Small Blend,0.0
IMSR,Terrestrial Energy Inc,US Micro,0.0
FMDGX,Fidelity Mid Cap Growth Index Fund,US Mid Growth,0.0005
BAI,iShares A.I. Innovation and Tech Active ETF,** 70 US Large Growth / 30 Intl Large Growth **,0.0055
SPUU,Direxion Daily S&P 500® Bull 2X Shares,Non-Traditional,0.006
MSTU,T-Rex 2X Long MSTR Daily Target ETF,Non-Traditional,0.0105
AIPI,REX AI Equity Premium Income ETF,US Large Growth,0.0065
PMAY,Innovator S&P 500 Power Buffer ETF™ May,Non-Traditional,0.0079
GPIX,Goldman Sachs S&P 500 Premium Income ETF ,US Large Blend,0.0029
GPIQ,Goldman Sachs Nasdaq-100 Premium Income ETF,US Large Growth,0.0029
RDTL,GraniteShares 2x Long RDDT Daily ETF,Non-Traditional,0.015
PKB,Invesco Building & Construction ETF,US Small Growth,0.0057
COPJ,Sprott Junior Copper Miners ET,Commodities,0.0076
GRNY,Fundstrat Granny Shots US Large Cap ETF,US Large Growth,0.0075
BITU,Proshares Ultra Bitcoin ETF,Non-Traditional,0.0098
USEA,United Maritime Corp,US Small Value,0.0
CADL,Candel Therapeutics Inc,US Small Growth,0.0
KROS,Keros Therapeutics Inc,US Small Blend,0.0
FGRAX,Franklin Growth Opportunities A,US Large Growth,0.009
MNR,Mach Natural Resources LP ,US Small Value,0.0
OPFI,OppFi Inc Ordinary Shares - Class A,US Small Blend,0.0
LNWO,Light & Wonder Inc Ordinary Shares,US Small Blend,0.0
UMAC,Unusual Machines Inc,US Small Blend,0.0
WLDN,Willdan Group Inc,US Small Growth,0.0
WAR,U.S. Global Technology and Aerospace & Defense ETF,** 80 US Mid Growth / 20 Intl Mid Growth **,0.006
FFLC,Fidelity Fundamental Large Cap Core ETF,** 90 US Large Blend / 10 Intl Large Blend **,0.0038
FFTY,Innovator IBD® 50 ETF,** 65 US Mid Growth / 35 Intl Mid Growth **,0.008
WUGI,AXS Esoterica NextG Economy ETF,** 65 US Large Growth / 15 Intl Large Growth / 20 Cash **,0.0079
MI,NFT Ltd Ordinary Shares-Class ,US Small Value,0.0
HLF,Herbalife Nutrition Ltd,Intl Large Blend,0.0
RAASY,Cloopen Group Holding Ltd ADR,Emerging Small Value,0.0
LMB,Limbach Holdings Inc,US Small Growth,0.0
BVNRY,Bavarian Nordic AS ADR,Intl Small Growth,0.0
AGLDF,Austral Gold Ltd,Intl Small Value,0.0
BTE,Baytex Energy Corp,Intl Small Blend,0.0
LEHNQ,Lehman Brothers Holdings Capital Trust VI,US Micro,0.0
CHKR,Chesapeake Granite Wash Trust,US Small Value,0.0
OPITQ,Office Properties Income Trust,US Real Estate,0.0
XNTK,State Street® SPDR® NYSE Technology ETF,** 90 US Large Growth / 10 Intl Large Growth **,0.0035
GFSDX,Columbia Dividend Income Fund Class S,** 95 US Large Value / 5 Intl Large Value **,0.0066
JSMAX,JPMorgan SmartRetirement® 2030 A,** 40 US Large Blend / 22 Intl Large Blend / 32 Int-Term Inv. Grade / 6 Cash **,0.0083
PBCKX,Principal Blue Chip Fund Institutional Class,** 92 US Large Growth / 8 Intl Large Growth **,0.0066
RMGXX,UBS RMA Government Money Market Fund,Cash/Money Market,0.0069
PCSMX,Principal SmallCap Growth Fund I Class R-6,** 90 US Small Growth / 10 Intl Small Growth **,0.0084
EPDPX,EuroPac International Dividend Income Fund Class A,** 5 US Large Value / 88 Intl Large Value / 7 Cash **,0.0152
EPIVX,EuroPac International Value Fund Class A,** 10 US Large Blend / 80 Intl Large Blend / 10 Cash **,0.0173
AKRE,Akre Focus ETF,** 65 US Large Growth / 35 Intl Large Growth **,0.0098
FRBXX,Fidelity Investments Money Market Treasury Portfolio - Institutional Class,Cash/Money Market,0.0014
FSBXX,Fidelity® California Municipal Money Market Fund - Institutional Class,Cash/Money Market,0.0025
Q,Qnity Electronics Inc,US Mid Growth,0.0
QALGX,Federated Hermes MDT Large Cap Growth Fund Class A Shares,US Large Growth,0.01
LLDTF,Lloyds Banking Group PLC,Intl Large Value,0.0
ARIDX,AMG River Road Dividend All Cap Value I,** 95 US Large Value / 5 Intl Large Value **,0.0072
MDGRX,BlackRock Natural Resources Trust Investor A Shares,** 38 US Large Value / 60 Intl Large Value / 2 Cash ** ,0.0116
SAGAX,Virtus Zevenbergen Innovative Growth Stock Fund Class A ,** 86 US Large Growth / 14 Intl Large Growth **,0.0125
SPECX,Alger Spectra Fund Class A,** 88 US Large Growth / 12 Intl Large Growth **,0.0125
WIREX,Wireless Fund,** 96 US Large Growth / 4 Cash **,0.0195
GIGRX,Gabelli International Growth Fund Class AAA,** 5 US Large Growth / 92 Intl Large Growth / 3 Cash **,0.0076
UTPXX,Federated Hermes U.S. Treasury Cash Reserves Premier,Cash/Money Market,0.0015
BWDIX,Boyd Watterson Limited Duration Enhanced Income Fund Class I,** 40 Int-Term Inv. Grade / 60 Int-Term Treasury **,0.006
SEF,ProShares Short Financials,Non-Traditional,0.0095
CORN,Teucrium Corn Fund,Commodities,0.01
BCND,Beacon Redevelopment Industrial Corp,US Micro,0.0
HHDFX,Hamlin High Dividend Equity Instl,** 93 US Large Value / 4 Intl Large Value / 3 Cash **,0.0085
CGEH,Capstone Green Energy Holding Inc Ordinary Shares,US Small Value,0.0
NBRVF,Nabriva Therapeutics PLC,US Small Value,0.0
XCLL,XcelMobility Inc,Emerging Small Value,
UCPIX,ProFunds UltraShort Small Cap Fund,Non-Traditional,0.0178
REK,ProShares Short Real Estate,Non-Traditional,0.0095
EUO,ProShares UltraShort Euro,Non-Traditional,0.0095
EPV,ProShares UltraShort FTSE Europe,Non-Traditional,0.0095
EWV,ProShares UltraShort MSCI Japan,Non-Traditional,0.0095
ABTC,American Bitcoin Corp,US Small Blend,0.0
GETH,Green Envirotech Holdings Corp,US Micro,0.0
HIGJX,Carillon Eagle Growth & Income I,US Large Blend,0.0068
DFAR,Dimensional US Real Estate ETF,US Real Estate,0.0019
DISV,Dimensional International Small Cap Value ETF,Intl Mid Value,0.0042
QGRO,American Century U.S. Quality Growth ETF,US Large Growth,0.0029
UPHL,UpHealth Inc,US Small Value,0.0
RVPH,Reviva Pharmaceuticals Holdings Inc,US Small Value,0.0
PQJCX,PGIM Jennison Small-Cap Core Equity Fund-Class R6,** 90 US Small Growth / 10 Intl Small Growth **,0.0095
SSBIX,State Street Balanced Index Fund Class K,** 60 US Large Blend / 40 Int-Term Inv. Grade **,0.0005
RFHTX,American Funds 2045 Target Date Retirement Fund® Class R-6,** 60 US Large Blend / 25 Intl Large Blend / 15 Int-Term Inv. Grade **,0.0001
SWP,SWP Growth & Income ETF ,** 87 US Large Blend / 13 Intl Large Blend **,0.0099
HNCAX,Hartford International Growth Fund Class A,** 8 US Large Growth / 87 Intl Large Growth / 5 Cash **,0.013
EPSYX,MainStay Epoch Global Equity Yield I,** 65 US Large Value / 35 Intl Large Value **,0.0084
HMVAX,Hartford MidCap Value Fund Class A,US Mid Value,0.0113
SPICX,Invesco S&P 500 Index Fund Class C,US Large Growth,0.0129
SSMJX,State Street Small/Mid Cap Equity Index Fund Class A,** 95 US Small Growth / 5 Intl Small Growth **,0.0035
SSFCX,State Street Aggregate Bond Index Fund Class A,** 75 Int-Term Treasury / 25 Int-Term Inv. Grade **,0.0034
TMCXX,BlackRock Liquidity Funds TempCash Institutional Shares,Cash/Money Market,0.0018
IPISX,Voya Intermediate Bond Portfolio Class S,** 75 Int-Term Treasury / 25 Int-Term Inv. Grade **,0.0078
ISESX,Voya Index Solution 2035 Portfolio Class S,** 47 US Large Blend / 25 Intl Large Blend / 28 Int-Term Inv. Grade **,0.003
ISIVX,Voya U.S. Stock Index Portfolio Class A,US Large Blend,0.008
ISMOX,Voya MidCap Opportunities Portfolio Class S,US Mid Growth,0.0097
NSRIX,Northern Funds - World Selection Index Fund Class I,** 73 US Large Blend / 27 Intl Large Blend **,0.0029
CGLBX,Six Circles Global Bond,World Bond,0.0011
SAIFX,ClearBridge Large Cap Value Fund Class I,** 93 US Large Value / 7 Intl Large Value **,0.0051
FKITX,Franklin Federal Intermediate-Term Tax-Free Income Fund Class A1,Int-Term Inv. Grade,0.0056
FFQAX,Franklin Federal Tax Free Income Fund Class A ,Long-Term Inv. Grade,0.0077
GEND,Genter Capital Dividend Income ETF,** 95 US Large Value / 5 Intl Large Value **,0.0038
AAMBX,Thrivent Municipal Bond Fund Class A,Long-Term Inv. Grade,0.0077
AASCX,Thrivent Mid Cap Stock Fund-A,** 92 US Mid Value / 5 Intl Mid Value / 3 Cash **,0.0097
ELVN,Enliven Therapeutics Inc,US Small Blend,0.0
FIKNX,Fidelity Advisor Small Cap Value Fund - Class Z,** 95 US Small Value / 5 Intl Small Value **,0.0084
ODIIX,Invesco Discovery Fund Class R6,** 91 US Small Growth / 9 Intl Small Growth **,0.0065
QUAZX,AB Small Cap Growth Portfolio Class Z,** 93 US Small Growth / 7 Intl Small Growth **,0.0078
FQAL,Fidelity® Quality Factor ETF,US Large Blend,0.0029
FIMVX,Fidelity Mid Cap Value Index Fund,US Mid Value,0.0005
MSSIX,Victory Trivalent International Small-Cap Fund Class R6,Intl Mid Blend,0.0102
FGPMX,Franklin Gold and Precious Metals Fund Class R6,Commodities,0.0054
LQDH,iShares Interest Rate Hedged Corp Bd ETF,Long-Term Inv. Grade,0.0024
SGOV,iShares® 0-3 Month Treasury Bond ETF,Short-Term Treasury,0.0005
DLINX,DoubleLine Flexible Income N,** 55 Int-Term Inv. Grade / 40 High Yield / 5 Cash **,0.0098
HLGEX,JPMorgan Mid Cap Growth I,US Mid Growth,0.0093
NGGTF,National Grid PLC,Intl Large Blend,0.0
GCFIX,Goldman Sachs Core Fixed Income A,Long-Term Inv. Grade,0.0071
HIVE,HIVE Blockchain Technologies Ltd,Intl Small Growth,0.0
HUT,Hut 8 Mining Corp,Intl Small Blend,0.0
SOS,SOS Ltd ADR,Emerging Small Blend,0.0
EILTX,Parametric TABS 5 to15 Yr Lad Muni Bd I,Int-Term Inv. Grade,0.004
APRIX,AAM/Phocas Real Estate I,US Real Estate,0.009
BLFE,Biolife Sciences Inc,US Micro,0.0
DSHK,Drive Shack Inc,US Micro,0.0
EIRL,iShares MSCI Ireland ETF,** 75 Intl Mid Blend / 25 US Mid Blend **,0.005
IRNT,IronNet Inc,US Micro,0.0
RANKF,Rank Group (The) PLC,Intl Small Blend,0.0
HLI,Houlihan Lokey Inc,US Small Growth,0.0
MVIS,Microvision Inc,US Small Value,0.0
SLGG,Super League Gaming Inc,US Micro,0.0
SLX,VanEck Steel ETF,Commodities,0.0055
VRM,Vroom Inc Ordinary Shares,US Micro,0.0
ACLLY,Accelleron Industries AG ADR,Intl Small Blend,0.0
SOXS,Direxion Daily Semicondct Bear 3X ETF,Non-Traditional,0.0101
NAIL,Direxion Daily Hmbldrs&Supls Bull 3X ETF,** 80 US Mid Value / 15 Non-Traditional / 5 Cash **,0.0096
SLCA,US Silica Holdings Inc,US Small Blend,0.0
ANTH,Anthera Pharmaceuticals Inc,US Micro,0.0
RLLCF,Rolls-Royce Holdings PLC Pref Share,Intl Mid Growth,0.0
SWN,Southwestern Energy Co,US Mid Value,0.0
HLMIX,Harding Loevner International Eq Instl,Intl Large Growth,0.0082
ABSIX,AB Discovery Value I,** 92 US Small Value / 8 Intl Small Value **,0.0086
PSCZX,PGIM Jennison Small Company Z,** 90 US Small Blend / 6 Intl Small Blend / 4 Cash **,0.0082
FBNAX,Fidelity Advisor® Short-Term Bd A,Short-Term Inv. Grade,0.0065
FKIQX,Franklin Income A,** 20 US Large Value / 5 Intl Large Value / 30 Int-Term Inv. Grade / 30 High Yield / 5 Cash / 10 Non-Traditional **,0.0072
ARAIX,Ariel Fund Institutional,** 95 US Small Value / 5 Intl Small Value **,0.0069
TLH,iShares 10-20 Year Treasury Bond ETF,Long-Term Treasury,0.0015
SH,ProShares Short S&P500,Non-Traditional,0.0089
AVEEX,Avantis® Emerging Markets Equity Instl,Emerging Large Value,0.0033
RYCEF,Rolls-Royce Holdings PLC,Intl Mid Growth,0.0
RAIIX,Manning & Napier Rainier Intl Discv I,** 72 Intl Mid Growth / 20 Emerging Mid Growth / 8 Cash **,0.0113
CHCLX,AB Discovery Growth A,US Mid Growth,0.0091
AGO,Assured Guaranty Ltd,Intl Small Value,0.0
RMFGX,American Funds American Mutual R6,** 80 US Large Blend / 10 Intl Large Blend / 10 Cash **,0.0027
SMLF,iShares MSCI USA Small-Cap Mltfctr ETF,US Small Value,0.0015
JTISX,JPMorgan High Yield Municipal I,** 70 High Yield / 30 Long-Term Inv. Grade **,0.0055
PSCT,Invesco S&P SmallCap Info Tech ETF,US Small Growth,0.0029
IEP,Icahn Enterprises LP,MLP,0.0
RAMPF,Polaris Renewable Energy Inc,Intl Small Value,0.0
UUGWF,United Utilities Group PLC,Intl Mid Blend,0.0
STXAX,Western Asset Municipal High Income A,** 65 Long-Term Inv. Grade / 35 High Yield **,0.0073
STNG,Scorpio Tankers Inc,Intl Mid Blend,0.0
PEOPX,BNY Mellon S&P 500 Index,US Large Blend,0.005
MCG,Membership Collective Group Inc Ordinary Shares Class A,Intl Small Growth,0.0
HMC,"Honda Motor Co Ltd ADR(USD,HMC)",US Large Value,0.0
SDVY,First Trust SMID Cp Rising Div Achv ETF,US Small Value,0.006
FSMSX,FS Multi-Strategy Alternatives I,Non-Traditional,0.0179
RFXIX,Rational Special Situations Income Instl,** 52 Long-Term Inv. Grade / 40 High Yield / 8 Cash **,0.0176
CGHIX,Timber Point Global Allocations Instl,** 30 US Small Blend / 12 Long-Term Inv. Grade / 8 High Yield / 30 Cash / 20 Non-Traditional **,0.0211
CPITX,Counterpoint Tactical Income I,High Yield,0.0195
TCBPX,TIAA-CREF Core Plus Bond Retail,Int-Term Inv. Grade,0.0061
VRIG,Invesco Variable Rate Investment Grd ETF,** 55 Short-Term Inv. Grade / 40 Long-Term Inv. Grade / 5 Cash **,0.003
RCTIX,River Canyon Total Return Bond Instl,** 65 High Yield / 30 Int-Term Inv. Grade / 5 Cash **,0.0066
LTCN,Grayscale Litecoin Trust (LTC),Non-Traditional,0.025
VLCN,Volcon Inc,US Micro,0.0
KC,Kingsoft Cloud Holdings Ltd ADR,Emerging Mid Value,0.0
HMIIX,Hancock Horizon Microcap Instl,US Small Blend,0.015
KOSS,Koss Corp,US Micro,0.0
AMRN,Amarin Corp PLC ADR,Intl Small Blend,0.0
CLOV,Clover Health Investments Corp Ordinary Shares - Class A,US Small Blend,0.0
SCTAX,Allspring California Tax-Free A,** 85 Int-Term Inv. Grade / 15 High Yield **,0.0075
G,Genpact Ltd,Intl Large Blend,0.0
ARCO,Arcos Dorados Holdings Inc Class A,Emerging Small Growth,0.0
AVDL,Avadel Pharmaceuticals PLC ADR,Intl Small Growth,0.0
CGA,China Green Agriculture Inc,Emerging Small Value,0.0
DLO,DLocal Ltd Class A,Emerging Mid Growth,0.0
LSF,Laird Superfood Inc Ordinary Shares,US Micro,0.0
TGH,Textainer Group Holdings Ltd,Intl Small Value,0.0
HMY,"Harmony Gold Mining Co Ltd ADR(USD,HMY)",Intl Small Value,0.0
CSTE,Caesarstone Ltd,Intl Small Value,0.0
FREQ,Frequency Therapeutics Inc,US Micro,0.0
HBIO,Harvard Bioscience Inc,US Micro,0.0
HUMT,Humatech Inc,Intl Small Growth,0.0
HYFM,Hydrofarm Holdings Group Inc Ordinary Shares,US Micro,0.0
LKNCY,Luckin Coffee Inc ADR,Emerging Mid Growth,0.0
TTSH,Tile Shop Holdings Inc,US Micro,0.0
NERD,Roundhill Video Games ETF,** 75 Intl Mid Growth / 25 US Mid Growth **,0.005
BKT,BlackRock Income Trust,Int-Term Inv. Grade,0.0094
MUC,BlackRock MuniHoldings CA Qty,Long-Term Inv. Grade,0.0175
EVT,EV Tax Advantaged Dividend Inc,** 76 US Large Blend / 4 Intl Large Blend / 7 Int-Term Inv. Grade / 13 Preferred Stock **,0.0151
HNRZX,HIGHLAND OPPORTUNISTIC  CREDIT FD Z,** 45% High Yield / 30% Cash / 25% US Small Blend **,0.0091
HTD,JH Tax-Advantaged Dividend Inc,** 65 US Mid Value / 5 Intl Mid Value / 30 Preferred Stock **,0.0196
DNIF,Dividend and Income Fund,** 80 US Mid Value / 16 Intl Mid Value / 4 Preferred Stock **,0.0179
TCBI,Texas Capital Bancshares Inc,US Small Blend,0.0
OAYLX,Oakmark Select Advisor,** 92 US Large Blend / 8 Cash **,0.0086
PFD,Flah&Crum Preferred Income,** 65 Preferred Stock / 35 High Yield **,0.0167
RITM,Rithm Capital Corp ,US Real Estate,0.0
CTR,ClearBridge MLP and Midstream TR,MLP,0.0178
ETY,EV Tax-Managed Div Equity Income,** 97 US Large Growth / 3 Intl Large Growth **,0.012
GEHC,GE HealthCare Technologies Inc Common Stock,US Large Blend,0.0
JGH,Nuveen Global High Income,High Yield,0.0168
PIPR,Piper Sandler Cos,US Small Blend,0.0
PEQUX,Putnam Focused International Equity A,** 90 Intl Large Blend / 10 Emerging Large Blend **,0.0107
HOG,Harley Davidson Inc,US Mid Value,0.0
WWR,Westwater Resources Inc,US Micro,0.0
PCLPX,PIMCO CommoditiesPLUS® Strategy I2,Commodities,0.0084
BITQ,Bitwise Crypto Industry Innovators ETF,Non-Traditional,0.0085
AVEM,Avantis® Emerging Markets Equity ETF,** 70 Emerging Large Value / 30 Intl Large Value **,0.0033
BTCS,BTCS Inc,US Micro,0.0
GRAB,Grab Holdings Inc Class A,Intl Large Growth,0.0
APAJF,APA Group APAJF,Intl Large Growth,0.0
COENF,Contact Energy Ltd,Intl Mid Blend,0.0
EBOSF,Ebos Group Ltd,Intl Mid Blend,0.0
FSPKF,Fisher & Paykel Healthcare Corp Ltd,Intl Large Blend,0.0
IFUUF,Infratil Ltd,Intl Mid Blend,0.0
HOLI,Hollysys Automation Technologies Ltd,US Mid Blend,0.0
WBD,Warner Bros.Discovery Inc Ordinary Shares,US Mid Value,0.0
MFGHF,Mainfreight Ltd,Intl Mid Growth,0.0
NZSTF,NZX Ltd,Intl Small Blend,0.0
AOTUF,Precinct Properties New Zealand Ltd,Intl Real Estate,0.0
SKHCF,Sonic Healthcare Ltd,Intl Large Value,0.0
NZTCF,Spark New Zealand Ltd,Intl Mid Blend,0.0
XROLF,Xero Ltd,Intl Large Growth,0.0
MSAIX,Invesco American Value Y,** 80 US Mid Value / 20 Intl Mid Value **,0.0086
ENZL,iShares MSCI New Zealand ETF,Intl Mid Blend,0.005
PCIMX,PIMCO CA Intermediate Muni Bd Instl,** 93 Int-Term Inv. Grade / 7 Cash **,0.0045
JSPIX,Jackson Square Large-Cap Growth Instl,** 95 US Large Growth / 5 Intl Large Growth **,0.0074
DTRUY,Daimler Truck Holding AG ADR,Intl Large Blend,0.0
HON,Honeywell International Inc,US Large Blend,0.0
CNBS,Amplify Seymour Cannabis ETF,** 60 US Small Value / 30 Intl Small Value / 10 Cash **,0.0075
FTHWF,Field Trip Health & Wellness Ltd Ordinary Shares,Intl Small Growth,0.0
REUN,Reunion Neuroscience Inc Ordinary Shares,Intl Small Growth,0.0
IFRA,iShares US Infrastructure ETF,** 95 US Small Blend / 5 Intl Small Blend **,0.003
PMOMF,Prismo Metals Inc Ordinary Shares,Intl Small Growth,0.0
IGMS,IGM Biosciences Inc Ordinary Shares,US Micro,0.0
TFFYX,Touchstone Focused Y,** 91 US Large Blend / 3 Emerging Large Blend / 6 Cash **,0.0086
AUSI,Aura Systems Inc,US Micro,0.0
SHGTX,Columbia Seligman Global Tech A,** 93 US Large Blend / 7 Intl Large Blend **,0.0129
SXC,SunCoke Energy Inc,US Small Value,0.0
ISCAX,Federated Hermes Intl Small-Mid Co A,** 94 Intl Mid Growth / 4 Cash / 2 US Mid Growth **,0.0124
HPE,Hewlett Packard Enterprise Co,US Large Value,0.0
FRBAX,JHancock Regional Bank A,** 98 US Small Value / 2 Intl Small Value **,0.0122
FIDAX,JHancock Financial Industries A,** 90 US Mid Value / 10 Intl Mid Value **,0.0124
NMANX,Neuberger Berman Mid Cap Growth Inv,** 91 US Mid Growth / 4 Intl Mid Growth / 5 Cash **,0.0084
TDEIX,Transamerica US Growth I,US Large Growth,0.0079
FNIPX,Fidelity Freedom® Index 2035 Premier,** 45 US Large Blend / 25 Int-Term Inv. Grade / 20 Intl Large Blend / 10 Emerging Large Blend **,0.0006
AOK,iShares Core Conservative Allocation ETF,** 17 US Large Blend / 10 Intl Large Blend / 3 Emerging Large Blend / 70 Int-Term Inv. Grade **,0.0015
DLMRX,Delaware Mid Cap Value R,US Mid Value,0.0139
EXDAX,Manning & Napier Pro-Blend Cnsrv Term S,** 80 Int-Term Inv. Grade / 12 US Large Growth / 4 Intl Large Growth / 4 Cash **,0.0087
AFRAX,Invesco Floating Rate ESG A,Bank Loans,0.0101
CSCRX,Columbia Small Cap Growth Inst2,** 95 US Small Growth / 5 Cash **,0.0088
NSTB,Northern Star Investment Corp II Ordinary Shares - Class A,Non-Traditional,0.0
HPF,Hancock preferred income fund,Preferred Stock,0.0125
VEGI,iShares MSCI Global Agricltr Prdcrs ETF,** 60 US Large Blend / 25 Intl Large Blend / 15 Emerging Large Blend **,0.0039
BF.B,Brown-Forman Corp Registered Shs -B- Non Vtg,US Mid Blend,0.0
IVEG,iShares Emergent Food and AgTch Mult ETF,** 60 US Mid Value / 40 Intl Mid Value **,0.0047
SUN,Sunoco LP,US Small Value,0.0
CENAX,American Funds College Enrollment 529E,** 7 US Large Blend / 93 Short-Term Inv. Grade **,0.0093
GTSIX,Invesco Small Cap Growth Inv,US Small Growth,0.0105
VKLMX,Invesco Intermediate Term Muni Inc A,Int-Term Inv. Grade,0.0078
MBCZX,MassMutual Blue Chip Growth I,** 91 US Large Growth / 9 Intl Large Growth **,0.0063
PSFE,Paysafe Ltd,Intl Small Blend,
AGOZX,"Alger Small Cap Focus Z(USD,AGOZX)",US Small Growth,0.0087
HPQ,HP Inc,US Large Value,0.0
CRXM,Gene Biotherapeutics Inc,US Mid Blend,
EML,The Eastern Co,US Small Value,
ASMLF,ASML Holding NV,Intl Large Growth,
CABJF,Carlsberg A/S Class B,Intl Large Blend ,
FTXO,First Trust Nasdaq Bank ETF,US Mid Value,0.006
MNKD,MannKind Corp,US Small Growth,
GSBD,Goldman Sachs BDC Inc,US Small Value,0.0
RTPPF,Rio Tinto PLC Registered Shares,Intl Large Value,
SAPGF,SAP SE,Intl Large Growth,
SHECF,Shin-Etsu Chemical Co Ltd,Intl Large Blend,
SOCGP,Southern California Gas Company Preferred Shares Series A,US Micro,
HPS,John Hancock Preferred Income Fund III,Preferred Stock,0.0203
FZANX,Fidelity Advisor® New Insights Z,** 90 US Large Growth / 10 Intl Large Growth **,0.0056
JHBSX,JHancock Bond R6,Int-Term Inv. Grade,0.0035
SDMQX,PGIM Short Duration Multi-Sector Bond R6,Short-Term Inv. Grade,0.0033
PRIUX,T. Rowe Price International Stock I,** 77 Intl Large Growth / 20 Emerging Large Growth / 3 Cash **,0.0066
FADTX,Fidelity Advisor® Technology A,** 90  US Large Growth / 10 Intl Large Growth **,0.0097
FDTRX,Franklin DynaTech R6,** 90 US Large Growth / 9 Intl Large Growth / 1 Cash **,0.0046
FNIAX,Fidelity Advisor® New Insights A,** 90 US Large Growth / 10 Intl Large Growth **,0.0093
FACDX,Fidelity Advisor® Health Care A,** 90 US Large Growth / 10 Intl Large Growth **,0.0097
FASDX,Fidelity Advisor® Strategic Div & Inc® A,** 60 US Large Blend / 10 Intl Large Blend / 10 Preferred Stock / 10 US Real Estate / 10 Int-Term Inv. Grade **,0.0097
FCPAX,Fidelity Advisor® Intl Capital App A,** 10 US Large Growth / 80 Intl Large Growth / 10 Emerging Large Growth **,0.0124
FEPAX,Fidelity Advisor® Total Bond A,Int-Term Inv. Grade,0.0075
HPT,Hospitality Property Trust,US Mid Value,0.0
FRINX,Fidelity Advisor® Real Estate Income A,US Real Estate,0.0099
PMFPX,Principal MidCap S&P 400 Index R5,US Mid Blend,0.0042
PSSIX,Principal SmallCap S&P 600 Index Inst,US Small Blend,0.0021
PIEIX,Principal Glb Emerging Markets Inst,** 70 Emerging Large Blend / 30 Intl Large Blend **,0.0121
GABSX,Gabelli Small Cap Growth AAA,** 90 US Small Blend / 10 Intl Small Blend **,0.0138
PFISX,Principal International Small Company R-6,International Mid Blend,0.0103
MAIMX,Victory Integrity Mid-Cap Value A,US Mid Value,0.01
PTBAX,Principal LifeTime 2020 A,** 30 US Large Blend / 10 Intl Large Blend / 5 Emerging Large Blend / 55 Int-Term Inv. Grade **,0.009
JDDSF,JD Sports Fashion PLC,Intl Mid Blend,0.0
JDSPY,JD Sports Fashion PLC ADR,Intl Mid Blend,0.0
STYIX,Allspring Short-Term Hi Inc Inst,High Yield,0.005
HQH,Tekla Healthcare Investors,US Large Growth,0.011
ATMP,Barclays ETN+ Select MLP,MLP,0.0095
AWYIX,CIBC Atlas Equity Income Institutional,** 90 US Large Blend / 5 Intl Large Blend / 5 Cash **,0.0095
VCRRX,Versus Capital Real Assets,Non-Traditional,0.0129
ZD,Ziff Davis Inc,US Small Value,0.0
CPBFX,Invesco Core Plus Bond R6,Int-Term Inv. Grade,0.0042
OM,Outset Medical Inc,US Small Value,
NHMD,Nate's Food Co,US Micro,
SHOYX,American Beacon SiM High Yld Opps Y,High Yield,0.0076
CXXRX,Columbia Small Cap Index Inst2,US Small Blend,0.002
AAAZX,DWS RREEF Real Assets Inst,** 35 US Large Blend / 35 Intl Large Blend / 15 Short-Term Inv. Grade / 15 Non-Traditional **,0.009
GPX,Graphic Packaging Holding Company,US Small Growth,
SPTI,SPDR® Portfolio Inter-Term Treasury ETF,Int-Term Treasury,0.0006
HRB,H&R Block Inc,US Mid Value,0.0
FRISX,Franklin Rising Dividends,** 95 US Large Blend / 5 Intl Large Blend **,0.0052
HCAFX,Hartford Capital Appreciation F,** 90 US Large Blend  / 10 Intl Large Blend **,0.0069
OSCIX,Invesco International Small-Mid Com R6,Intl Mid Growth,0.0095
HSDFX,Hartford Short Duration F,Short-Term Inv. Grade,0.0043
FMACX,American Funds AMCAP F3,** 82 US Large Growth / 8 Intl Large Growth / 10 Cash **,0.0033
HWDFX,Hartford World Bond F,Short-Term Inv. Grade,0.0062
CFIHZ,American Funds Capital Income Builder,** 43 US Large Value / 33 Intl Large Value / 4 Cash / 20 Int-Term Inv. Grade **,0.0026
FUEPX,American Funds Europacific Growth 529F2,Intl Large Growth,0.0059
SFCWX,American Funds SMALLCAP World F3,** 50 US Mid Growth / 40 Intl Mid Growth / 10 Emerging Mid Growth **,0.0066
APHQX,Artisan Mid Cap Value Institutional,US Mid Value,0.0098
HRL,"Hormel Foods Corp(USD,HRL)",US Large Blend,0.0
CRRYX,Columbia Small Cap Value II Inst3,US Small Growth,0.0083
IUENX,JPMorgan International Focus R6,Intl Large Blend,0.0055
ICSFX,Invesco Comstock R6,** 89 US Large Value / 6 Intl Large Value / 4 Cash **,0.0043
IGFRX,Invesco EQV International Equity R6,Intl Large Growth,0.0091
FSCO,FS Credit Opportunities Corp.,Int-Term Inv. Grade,0.0
FSEN,FS Energy and Power Fund,US Micro,0.0
SRBFX,Columbia Total Return Bond Inst,** 25 Int-Term Inv. Grade / 30 Long-Term Inv. Grade / 35 High Yield / 10 Cash **,0.0049
CIOZX,Columbia Income Opportunities Inst,High Yield,0.007
PARJX,T. Rowe Price Retirement 2025 Advisor,** 37 US Large Blend / 15 Intl Large Blend / 4 Emerging Large Blend / 36 Int-Term Inv. Grade / 8 Cash **,0.008
WIBMX,Wilmington Broad Market Bond Instl,Int-Term Inv. Grade,0.0043
LBIIX,Thrivent Income S,** 80 Int-Term Inv. Grade / 20 High Yield **,0.0046
HRS,"Harris Corp(USD,HRS)",US Large Blend,0.0
LBNOX,Lord Abbett Bond Debenture F3,High Yield,0.0051
BN,Brookfield Corp Registered Shs -A- Limited Vtg,Intl Large Blend,
BNRE,Brookfield Reinsurance Ltd Class A,Intl Mid Value,
FG,F&G Annuities & Life Inc,US Small Value,
GIC,Global Industrial Co,US Small Blend,
GNTY,Guaranty Bancshares Inc,US Micro,
SBLK,Star Bulk Carriers Corp,Emerging Small Value,
HESM,Hess Midstream LP Class A,MLP,
HEP,Holly Energy Partners LP,MLP,
MMLP,Martin Midstream Partners LP,MLP,
HRSMX,Hood River Small-Cap Growth Instl,US Small Growth,0.011
LOGVX,Lord Abbett Income F3,Int-Term Inv. Grade,0.0045
SDCSX,DWS California Tax-Free Income S,Long-Term Inv. Grade,0.0054
RMCFX,Royce Micro-Cap Svc,** 88 US Small Blend / 12 Intl Small Blend **,0.0149
ALIZF,Allianz SE,Intl Large Value,
SPFYF,Spacefy Inc,Intl Small Value,
SUI,Sun Communities Inc,US Real Estate,
CMSQY,Computershare Ltd ADR,Intl Large Blend,0.0
OLYMY,Olympus Corp ADR - Unsponsored,Intl Large Growth,0.0
SPT,Sprout Social Inc Class A,US Small Growth,0.0
UTZ,Utz Brands Inc Class A,US Small Blend,0.0
WSC,WillScot Mobile Mini Holdings Corp,US Mid Growth,0.0
OUT,Outfront Media Inc,US Real Estate,0.0
HRST,"Harvest Oil & Gas Corp(USD,HRST)",US Micro,0.0
RAFCX,American Funds AMCAP R3,** 83 US Large Growth / 9 Intl Large Growth / 8 Cash **,0.0098
RGPCX,American Funds Growth Portfolio R3,** 72 US Large Growth / 20 Intl Large Growth / 8 Cash **,0.0103
RGLCX,American Funds Global Growth Port R3,** 50 US Large Growth / 41 Intl Large Growth / 9 Cash **,0.011
RGBCX,American Funds Global Balanced R3,** 27 US Large Blend / 32 Intl Large Blend / 34 Short-Term Treasury / 7 Cash **,0.0119
KSTR,KraneShares SSE STAR Market 50 ETF,Emerging Large Growth,0.0088
TTAI,FCF International Quality ETF,** 70 Intl Large Blend / 30 Emerging Large Blend **,0.0059
MASGX,Matthews Emerging Markets Sust Fut Inv,Emerging Large Growth,0.015
CPTNX,American Century Government Bond Inv,Int-Term Inv. Grade,0.0046
DNLDX,BNY Mellon Active MidCap A,US Mid Blend,0.01
ABTIX,American Century Government Bond R5,Int-Term Treasury,0.0027
hrtx,"Heron Therapeutics Inc(USD,HRTX)",US Small Growth,0.0
TIRTX,TIAA-CREF Large-Cap Growth RetailTIAA-CREF Large-Cap Growth Retail,US Large Growth,0.0071
GOCO,GoHealth Inc Ordinary Shares - Class A,US Micro,0.0
IVPAF,Ivanhoe Mines Ltd Class A,Intl Mid Growth,0.0
TGTX,TG Therapeutics Inc,US Small Blend,0.0
SRNEQ,Sorrento Therapeutics Inc,US Micro,0.0
JUSSX,JPMorgan US Small Company L,US Small Blend,0.0081
SCLX,Scilex Holdings Co,US Small Growth,0.0
TEAF,Ecofin Sustainable and Social Impact,** 25 US Mid Value / 25 Intl Mid Value / 25 High Yield / 25 Non-Traditional **,0.022
TWGIX,American Century Growth I,US Large Growth,0.0075
ASG,Liberty All-Star Growth,US Mid Growth,0.0114
AGPPF,"Anglo American Platinum Ltd(USD,AGPPF)",Intl Large Blend,0.0
HSBC,"HSBC Holdings PLC ADR(USD,HSBC)",Intl Large Value,0.0
NATR,Natures Sunshine Products Inc,US Micro,0.0
JRS,Nuveen Real Estate Income,US Real Estate,0.0233
NBB,Nuveen Taxable Municipal Income,Long-Term Inv. Grade,0.0131
RSF,RiverNorth Capital and Inc Fund,** 50 High Yield / 50 Non-Traditional **,0.0772
TAWNF,Thai Airways International PCL Shs Foreign Registered,Emerging Small Value,0.0
GERM,ETFMG Treatments Testing and Adv ETF,** 80 US Small Growth / 15 Intl Small Growth / 5 Emerging Small Growth **,0.0068
FRNW,Fidelity® Clean Energy ETF,** 30 US Mid Growth / 55 Intl Mid Growth / 15 Emerging Mid Growth **,0.0039
ACGQX,Invesco Growth and Income R5,** 91 US Large Value / 8 Intl Large Value / 1 Cash **,0.0047
FDHY,Fidelity® High Yield Factor ETF,High Yield,0.0045
FPFD,Fidelity® Preferred Securities & Inc ETF,Preferred Stock,0.0059
FLBL,Franklin Senior Loan ETF,Bank Loans,0.0045
HSIC,Henry Schein Inc,US Mid Blend,0.0
PFUT,Putnam Sustainable Future ETF,US Mid Growth,0.0064
STCE,Schwab Crypto Thematic ETF,** 75 US Mid Growth / 25 Intl Mid Growth **,0.003
BJBHX,abrdn Global High Income A,High Yield,0.0103
PYMAX,PIMCO High Yield Municipal Bond A,** 60 Long-Term Inv. Grade / 40 High Yield **,0.0087
PRIHX,T. Rowe Price Interm Tx-Fr Hi Yld,High Yield,0.0045
GCBLX,Green Century Balanced,** 60 US Large Growth / 5 Intl Large Growth / 35 Int-Term Inv. Grade **,0.0146
CVI,CVR Energy Inc,US Small Blend,0.0
SCTXX,Schwab AMT Tax-Free Money Inv,Cash/Money Market,0.0
OSTK,Overstock.com Inc,US Mid Value,0.0
SM,SM Energy Co,US Mid Value,0.0
VMRXX,Vanguard Cash Reserves Federal Money Market Fund Admiral Shares,Cash/Money Market,0.001
HSIIX,"Carillon Eagle Small Cap Growth I(USD,HSIIX)",US Small Growth,0.0078
DBIVX,DWS Global Macro S,** 18 US Large Value / 31 Intl Large Value / 7 World Bond / 26 Short-Term Inv. Grade / 10 Non-Traditional / 5 Cash **,0.0095
INDB,Independent Bank Corp,US Small Blend,0.0
NTIOF,National Bank of Canada,Intl Large Blend,0.0
DRLL,Strive U.S. Energy ETF,US Large Blend,0.0041
VUZI,Vuzix Corp,US Small Value,0.0
GAFYX,"Natixis ASG Global Alternatives Y(USD,GAFYX)",Liquid Hedge Fund,0.0133
JMBS,Janus Henderson Mortgage-Backed Sec ETF,Int-Term Inv. Grade,0.0028
BMWYY,Bayerische Motoren Werke AG ADR,Intl Large Value,0.0
MBGAF,Mercedes-Benz Group AG,Intl Large Value,0.0
SPXS,Direxion Daily S&P 500® Bear 3X ETF,Non-Traditional,0.0108
AFB,AllianceBernstein Nat Muni Inc,Int-Term Inv. Grade,0.0215
HSRUX,Carillon Eagle Small Cap Growth R6,US Small Growth,0.0065
NUW,Nuveen AMT-Free Municipal Value,Long-Term Inv. Grade,0.0064
BRSVX,Bridgeway Small-Cap Value,US Small Value,0.0083
MIOIX,Morgan Stanley Inst International Opp I,** 5 US Large Growth / 60 Intl Large Growth / 35 Emerging Large Growth **,0.01
JPDEX,JPMorgan Tax Aware Equity I,US Large Growth,0.0055
DINO,HF Sinclair Corp,US Mid Value,0.0
ACWV,iShares MSCI Global Min Vol Factor ETF ,US Large Blend,0.002
JHML,JHancock Multifactor Large Cap ETF,US Large Blend,0.0029
JHMM,JHancock Multifactor Mid Cap ETF,US Mid Blend,0.0041
RCEL,AVITA Medical Inc,US Micro,0.0
BOOM,DMC Global Inc,US Micro,0.0
hta,"Healthcare Trust of America Inc(USD,HTA)",US Real Estate,0.0
STEM,Stem Inc Class A,US Small Blend,0.0
TMCI,Treace Medical Concepts Inc,US Small Growth,0.0
APE,AMC Entertainment Holdings Inc PRF PERPETUAL USD - Ser A (1/100),US Small Blend,0.0
LOCO,El Pollo Loco Holdings Inc,US Small Value,0.0
BLI,"Berkeley Lights, Inc.",US Micro,0.0
JOBY,Joby Aviation Inc,US Mid Growth,0.0
RPTX,Repare Therapeutics Inc Ordinary Shares,US Micro,0.0
SINGY,Singapore Airlines Ltd ADR,Intl Large Blend,0.0
SPRU,Spruce Power Holding Corp Ordinary Shares - Class A,US Micro,0.0
OANLX,Oakmark Select Institutional,US Large Value,0.0078
MSILX,iMGP Intl Instl,** 12 US Large Blend / 86 Intl Large Blend / 2 Cash **,0.0118
HTHT,Huazhu Group Ltd ADR,Emerging Large Growth,0.0
SBHVX,Segall Bryant & Hamill Sm Cp Val Ins,** 90 US Small Blend / 10 Cash **,0.0097
OANGX,Oakmark Global Institutional,** 45 US Large Blend / 55 Intl Large Blend **,0.0089
PGWAX,Virtus AllianzGI Focused Growth A,US Large Growth,0.0095
LHDXQ,Lucira Health Inc Ordinary Shares,US Micro,0.0
GLV,Clough Global Dividend and Income,** 55 US Large Value / 25 Intl Large Value / 20 Int-Term Inv. Grade **,0.0358
ETJ,EV Risk-Mgd Divers Equity Inc,US Large Growth,0.011
RTL,The Necessity Retail REIT Inc Class A,US Real Estate,0.0
VGI,Virtus Global Multi-Sector Income,Int-Term Inv. Grade,0.0276
ARR,ARMOUR Residential REIT Inc,US Real Estate,0.0
CZAMX,Multi Manager Directional Alternative Strategies Cl Z,Non-Traditional,0.0131
VAGVX,Vanguard Advice Select Global Value Adml,** 50 US Large Blend / 45 Intl Large Blend / 5 Emerging Large Blend **,0.004
HUBWF,Proactis SA,Intl Large Blend,0.0
INPAX,American Funds Cnsrv Gr & Inc A,** 35 US Large Value / 10 Intl Large Value / 45 Int-Term Inv. Grade / 10 Cash/Money Market **,0.0063
CERS,Cerus Corp,US Small Growth,0.0
INPFX,American Funds Cnsrv Gr & Inc F-1,** 35 US Large Value / 10 Intl Large Value / 45 Int-Term Inv. Grade / 10 Cash/Money Market **,0.0066
JDEUX,JPMorgan US Research Enhanced Equity R6,US Large Growth,0.0025
CATX,Perspective Therapeutics Inc,US Micro,0.0
REEIX,RBC Emerging Markets Equity I,** 62 Emerging Large Blend / 38 Intl Large Blend **,0.0088
FSTCX,Fidelity® Select Telecommunications Port,** 90 US Large Value / 5 Intl Large Value / 5 Emerging Large Value **,0.0079
CELL,PhenomeX Inc,US Micro,
GCMFX,PIMCO Gurtin CA Muni Opp Value Fund Instl,Int-Term Inv. Grade,0.0061
HUM,"Humana Inc(USD,HUM)",US Large Growth,0.0
FCIRX,Fiera Capital International Equity Inv,Intl Large Growth,0.0125
WLMIF,Wilmar International Ltd,Intl Large Value,0.0
BGKEX,Baillie Gifford Emerging Markets Eqs K,Emerging Large Blend,0.0078
FCIUX,Fiera Capital International Equity Instl,Intl Large Growth,0.01
KARIX,Kayne Anderson Renewable Infras I,** 35 US Mid Blend / 65 Intl Mid Blend **,0.0101
CGBD,Carlyle Secured Lending Inc,US Small Value,0.0
FBCV,Fidelity® Blue Chip Value ETF,** 90 US Large Value / 10 Intl Large Value **,0.0059
FCPI,Fidelity® Stocks for Inflation ETF,US Large Blend,0.0029
FDMO,Fidelity® Momentum Factor ETF,US Large Blend,0.0029
FGRO,First Trust Growth Strength ETF A USD,US Large Blend,0.0059
MRCC,Monroe Capital Corp,US Micro,0.0
hxgby,"Hexagon AB ADR(USD,HXGBY)",Intl Large Growth,0.0
SPXX,Nuveen S&P 500 Dynamic Overwrite,US Large Blend,0.0089
PAWZ,ProShares Pet Care ETF,** 72 US Mid Growth / 28 Intl Mid Growth **,0.005
LTRPA,Liberty TripAdvisor Holdings Inc Registered Shs Series -A-,US Micro,0.0
GASFX,Hennessy Gas Utility Investor,** 85 US Mid Value / 15 Intl Mid Value **,0.01
FCONX,Fidelity® Conservative Income Bond,** 60 Short-Term Inv. Grade / 40 Cash **,0.004
LVMHF,LVMH Moet Hennessy Louis Vuitton SE,Intl Large Growth,0.0
SVUXX,Schwab Variable Share Price Money Fund - Ultra Shares,Cash/Money Market,0.0019
DBRG,DigitalBridge Group Inc Class A,US Real Estate,0.0
FLAX,Franklin FTSE Asia ex Japan ETF,** 10 Intl Large Blend / 90 Emerging Large Blend **,0.0019
CNRG,SPDR® Kensho Clean Power ETF,*** 80 US Mid Growth / 10 Intl Mid Growth / 10 Emerging Mid Growth ***,0.0045
ANGBX,American Funds Strategic Bond F3,Int-Term Inv. Grade,0.0033
NFTY,First Trust India NIFTY 50 Equal Wtd ETF,Intl Large Blend,0.008
HYG,iShares iBoxx $ High Yield Corporate Bond ETF,High Yield,0.0049
DLTNF,Delta 9 Cannabis Inc.,Intl Small Value,0.0
VVCIF,VIVO Cannabis Inc,Intl Small Value,0.0
GCEI,Global Clean Energy Inc,US Micro,0.0
ORLA,Orla Mining Ltd,Intl Small Growth,0.0
YOU,Clear Secure Inc Ordinary Shares Class A,US Mid Growth,
IRGMX,Voya Retirement Moderate Growth Port I,** 53 US Large Blend / 10 Intl Large Blend / 37 Int-Term Inv. Grade **,0.0059
OSGIX,JPMorgan Mid Cap Growth A,US Mid Growth,0.0114
CRSOX,Credit Suisse Commodity Return Strat I,Commodities,0.008
MVCAX,MFS Mid Cap Value A,US Mid Value,0.0099
AGR,"Avangrid Inc(USD,AGR)",US Mid Value,0.0
HYLB,Xtrackers USD High Yield Corp Bd ETF,High Yield,0.002
VNOM,Viper Energy Partners LP Common Units,MLP,0.0
ALG,Alamo Group Inc,US Mid Blend,0.0
ALGM,Allegro Microsystems Inc Ordinary Shares,US Mid Growth,0.0
ARQT,Arcutis Biotherapeutics Inc Ordinary Shares,US Small Value,0.0
AORT,Artivion Inc,US Small Blend,0.0
BCRX,BioCryst Pharmaceuticals Inc,US Small Growth,0.0
DSGX,The Descartes Systems Group Inc,Intl Mid Growth,0.0
AMRX,Amneal Pharmaceuticals Inc Ordinary Shares,US Small Value,0.0
ESTE,Earthstone Energy Inc Class A,US Small Value,0.0
CHUY,Chuy's Holdings Inc,US Small Blend,0.0
CRNX,Crinetics Pharmaceuticals Inc,US Small Blend,0.0
hymb,"SPDR® Nuveen S&P High Yield Muni Bd ETF(USD,HYMB)",High Yield,0.0035
CYRX,CryoPort Inc,US Small Growth,0.0
FLYW,Flywire Corp,US Small Blend,0.0
HALO,Halozyme Therapeutics Inc,US Mid Growth,0.0
ITCI,Intra-Cellular Therapies Inc,US Mid Growth,0.0
DNUT,Krispy Kreme Inc,US Mid Growth,0.0
PYCR,Paycor HCM Inc,US Mid Growth,0.0
FCNCA,First Citizens BancShares Inc Class A,US Mid Blend,0.0
ATRC,AtriCure Inc,US Small Blend,0.0
PHAT,Phathom Pharmaceuticals Inc Ordinary shares,US Micro,0.0
RVLV,Revolve Group Inc Class A,US Small Growth,0.0
SHYF,The Shyft Group Inc,US Small Blend,0.0
SUPN,Supernus Pharmaceuticals Inc,US Mid Blend,0.0
HYT,BlackRock Corp High Yield,High Yield,0.0091
TVTX,Travere Therapeutics Inc Ordinary Shares,US Small Value,0.0
USPH,US Physical Therapy Inc,US Small Blend,0.0
VCEL,Vericel Corp,US Small Growth,0.0
FORR,Forrester Research Inc,US Small Blend,0.0
SSBK,Southern States Bancshares Inc,US Micro,0.0
GAIN,"Gladstone Investment Corp(USD,GAIN)",US Small Blend,0.0
VZIO,VIZIO Holding Corp Ordinary Shares - Class A,US Small Growth,0.0
LTEBX,American Funds Ltd-Term Tx-Ex Bd A,Short-Term Inv. Grade,0.0056
AFTEX,American Funds Tax-Exempt Bond A,Int-Term Inv. Grade,0.005
AMHIX,American High-Income Municipal Bond A,Long-Term Inv. Grade,0.0063
FILDX,Frost Low Duration Bond Inst,Short-Term Inv. Grade,0.0043
HYZD,WisdomTree Interest Rt Hdg Hi Yld Bd ETF,High Yield,0.0043
FCFIX,Frost Credit Institutional,High Yield,0.0071
FICEX,Frost Growth Equity Inst,US Large Growth,0.0063
PMEGX,T. Rowe Price Instl Mid-Cap Equity Gr,US Mid Growth,0.0061
STSIX,American Beacon Stephens Sm Cp Gr R5,US Small Growth,0.0099
BW,Babcock & Wilcox Enterprises Inc,US Small Value,0.0
FIJEX,Frost Total Return Bond Inst,Short-Term Inv. Grade,0.0047
EVGOX,Eaton Vance Government Opportunities A,Short-Term Inv. Grade,0.0105
GADVX,Gabelli ABC Advisor,** 25 US Mid Value / 6 Intl Mid Value / 15 Short-Term Inv. Grade / 54 Cash **,0.0102
SCHI,Schwab 5-10 Year Corp Bd ETF,Int-Term Inv. Grade,0.0003
FATWX,Fidelity Advisor Freedom® 2025 A,** 27 US Large Blend / 28 Intl Large Blend / 45 Int-Term Treasury **,0.0087
SUWIX,DWS Core Equity Inst,US Large Blend,0.0056
IAG,Iamgold Corp,Intl Small Value,0.0
BRXIX,MFS Blended Research Intl Eq I,Intl Large Blend,0.0064
IAK,iShares US Insurance ETF,** 88 US Mid Value / 12 Intl Mid Value **,0.0039
AR,Antero Resources Corp,US Mid Value,0.0
BKU,BankUnited Inc,US Small Value,0.0
CPK,Chesapeake Utilities Corp,US Mid Blend,0.0
TMFS,Motley Fool Small-Cap Growth ETF,US Small Growth,0.0085
AVDE,Avantis® International Equity ETF,Intl Large Value,0.0023
GGOIX,Goldman Sachs Mid Cap Growth Instl,US Mid Growth,0.0085
OGMIX,Invesco Gold & Special Minerals R6,** 10 US Mid Growth / 80 Intl Mid Growth / 10 Emerging Mid Growth **,0.0065
SMMNY,Siemens Healthineers AG ADR,Intl Large Blend,0.0
IAU,COMEX Gold Trust,Commodities,0.0025
SDOW,ProShares UltraPro Short Dow30,Non-Traditional,0.0096
TNXP,Tonix Pharmaceuticals Holding Corp,US Micro,0.0
BFH,Bread Financial Holdings Inc,US Small Value,0.0
ABEO,Abeona Therapeutics Inc,US Micro,0.0
SCOXX,Schwab Treasury Obligations Money,Cash/Money Market,0.0
CAJPY,Canon Inc ADR,Intl Large Blend,0.0
DCPH,Deciphera Pharmaceuticals Inc,US Small Growth,0.0
LYLTQ,Loyalty Ventures Inc Ordinary Shares,US Micro,0.0
NERV,Minerva Neurosciences Inc,US Micro,0.0
AMWL,American Well Corp Ordinary Shares - Class A,US Small Value,0.0
GLPG,Galapagos NV ADR,Intl Mid Blend,0.0
IAUGY,Insurance Australia Group Ltd ADR,Intl Large Blend,0.0
ORC,Orchid Island Capital Inc,US Micro,0.0
CSII,Cardiovascular Systems Inc,US Small Blend,0.0
WW,WW International Inc,US Small Blend,0.0
SPFF,Global X SuperIncome™ Preferred ETF,Preferred Stock,0.0048
HYLD,High Yield ETF,High Yield,0.0116
PRET,Pennsylvania Real Estate Investment Trust,US Micro,0.0
ADEA,Adeia Inc,US Small Value,0.0
CLVSQ,Clovis Oncology Inc,US Micro,0.0
NCMI,National CineMedia Inc,US Micro,0.0
RRGB,Red Robin Gourmet Burgers Inc,US Micro,0.0
RVIC,Retail Value Inc,US Micro,0.0
IBAFX,American Funds Interm Bd Fd of Amer F2,Short-Term Inv. Grade,0.0038
CGNT,Cognyte Software Ltd Ordinary Shares,Intl Small Value,0.0
ROOT,Root Inc Ordinary Shares - Class A,US Micro,0.0
SITC,SITE Centers Corp,US Mid Blend,0.0
BDTX,Black Diamond Therapeutics Inc Ordinary Shares,US Micro,0.0
MFIC,MidCap Financial Investment Corp,US Small Value,0.0
IBM,International Business Machines Corp,US Large Value,0.0
ICE,Intercontinental Exchange Inc,US Large Blend,0.0
AGTHX,American Funds Growth Fund of Amer A,US Large Growth,0.0062
ICF,"iShares Cohen & Steers REIT ETF(USD,ICF)",US Real Estate,0.0034
ICFI,"ICF International Inc(USD,ICFI)",US Small Blend,0.0
CTSO,CytoSorbents Corp,US Small Value,0.0
icui,"ICU Medical Inc(USD,ICUI)",US Mid Growth,0.0
IDCC,InterDigital Inc,US Small Growth,0.0
idexy,"Industria De Diseno Textil SA ADR(USD,IDEXY)",Intl Large Growth,0.0
IDU,iShares U.S. Utilities ETF,US Large Value,0.0044
IDXX,IDEXX Laboratories Inc,US Large Growth,0.0
IEF,"iShares 7-10 Year Treasury Bond ETF(USD,IEF)",Int-Term Treasury,0.0015
IEFA,iShares Core MSCI EAFE ETF,Intl Large Blend,0.0008
AGTK,"Agritek Holdings Inc(USD,AGTK)",US Real Estate,0.0
IEMG,iShares Core MSCI Emerging Markets ETF,Emerging Large Blend,0.0009
IEO,"iShares US Oil & Gas Explor & Prod ETF(USD,IEO)",US Large Blend,0.0043
DBD,Diebold Nixdorf Inc,US Small Value,0.0
IEUR,iShares Core MSCI Europe ETF,Intl Large Value,0.001
IEV,iShares Europe ETF,Intl Large Blend,0.006
IFAFX,"American Funds Income Fund of Amer F1(USD,IFAFX)",** 50 US Large Value / 20 Intl Large Value / 30 Short-Term Inv. Grade **,0.0064
IFF,INTL FLAVORS& FRAGRA,US Mid Blend,0.0
IFGL,"iShares International Dev Real Est ETF(USD,IFGL)",Intl Real estate,0.0048
IFJPY,Informa PLC ADR,US Large Blend,0.0
IGE,iShares North American Natural Res ETF,** 80 US Large Blend / 20 Intl Large Blend **,0.0048
IGFFX,"American Funds Intl Gr and Inc F2(USD,IGFFX)",Intl Large Blend,0.0068
AGX,Argan Inc,US Small Value,0.0
EHTH,eHealth Inc,US Small Value,0.0
IGG1Z,American Funds Intl Gr And Inc A (IGG1Z),Intl Large Blend,0.0089
IGIB,ISHARES INTERMEDT TERM CORP BOND ETF,Int-Term Inv. Grade,0.0006
IGM,"iShares North American Tech ETF(USD,IGM)",US Large Growth,0.0048
IGR,"CBRE Clarion Global Real Est Income(USD,IGR)",** .5 US Real Estate / .5 Intl Real Estate **,0.0
IHE,"iShares US Pharmaceuticals ETF(USD,IHE)",US Large Blend,0.0043
IHI,iShares U.S. Medical Devices ETF,US Large Growth,0.0039
IJH,"iShares Core S&P Mid-Cap ETF(USD,IJH)",US Mid Blend,0.0007
IJJ,"iShares S&P Mid-Cap 400 Value ETF(USD,IJJ)",US Mid Value,0.0025
IJK,"iShares S&P Mid-Cap 400 Growth ETF(USD,IJK)",US Mid Growth,0.0025
IJR,Core S&P Small-Cap ETF,US Small Blend,0.0006
EMKR,EMCORE Corp,US Small Blend,0.0
AGZ,iShares Agency Bond ETF,Int-Term Inv. Grade,0.002
IJT,iShares S&P Small-Cap 600 Growth ETF,US Small Growth,0.0025
ILMN,ILLUMINA INC,US Large Growth,0.0
IMBBY,"Imperial Brands PLC ADR(USD,IMBBY)",Intl Large Value,0.0
IMLFF,Inmed Pharmaceuticals,Intl Small Growth,0.0
IMOS,"ChipMOS TECHNOLOGIES Inc ADR(USD,IMOS)",Emerging Small Value,0.0
IMRFX,"Columbia Global Opportunities A(USD,IMRFX)",** .29 US Large Value / .3 Intl Large Value / .41 Int-Term Inv. Grade **,0.012
INCY,INCYTE CORP,US Mid Growth,0.0
INDA,MSCI India Index Fund,Emerging Large Growth,0.0068
INDEX,"Index Funds S&P 500® Equal Weight NoLoad(USD,INDEX)",US Mid Value,0.00254
EBS,Emergent BioSolutions Inc,US Small Blend,0.0
INDY,S&P India Nifty Fifty Index Fund,Emerging Large Growth,0.0093
AIDYX,AB Intermediate Diversified Muni Adv,Int-Term Inv. Grade,0.0048
INFO,IHS MARKIT LTD         F,Intl Large Blend,0.0
ING,"ING Groep NV ADR(USD,ING)",Intl Large Value,0.0
INGR,Ingredion Inc,US Mid Value,0.0
insm,"Insmed Inc(USD,INSM)",US Small Growth,0.0
INTC,Intel Corp,US Large Value,0.0
INTU,Intuit Inc,US Large Growth,0.0
IOO,ISHARES GLOBAL 100 ETF,** 65 US Large Blend / 35 Intl Large Blend **,0.004
ip,"International Paper Co(USD,IP)",US Large Value,0.0
GAM,"General American Investors(USD,GAM)",US Large Blend,0.012
IPAC,iShares Core MSCI Pacific ETF,Intl Large Blend,0.001
IPG,The Interpublic Group of Companies Inc,US Mid Value,0.0
AIF,"Apollo Tactical Income(USD,AIF)",High Yield,0.0385
IPGP,IPG Photonics Corp,US Mid Growth,0.0
IQLT,iShares Edge MSCI Intl Quality Fctr ETF,Intl Large Blend,0.003
IQV,IQVIA Holdings Inc,US Large Blend,0.0
IR,"Ingersoll-Rand PLC(USD,IR)",US Large Blend,0.0
IRBT,iRobot Corp,US Small Growth,0.0
IRM,Iron Mountain Inc,US Real Estate,0.0
EPAC,Enerpac Tool Group Corp Class A,US Small Growth,0.0
IRT,Independence Realty Trust inc,US Small Blend,0.0
irwd,"Ironwood Pharmaceuticals Inc Class A(USD,IRWD)",US Small Growth,0.0
ISNPY,"Intesa Sanpaolo ADR(USD,ISNPY)",Intl Large Blend,0.0
AIFRX,"Aberdeen Global Infrastructure Instl(USD,AIFRX)",US Large Blend,0.0121
ISRG,INTUITIVE SURGICAL INC,US Large Growth,0.0
ISTB,"iShares Core 1-5 Year USD Bond ETF(USD,ISTB)",Short-Term Inv. Grade,0.0006
ITA,"iShares US Aerospace & Defense ETF(USD,ITA)",US Large Blend,0.0039
ITBIX,Hartford Total Return Bond I,Int-Term Inv. Grade,0.0063
ITE,SPDR BLMBRG BRCLY       INTRMDT TM ETF,Int-Term Treasury,0.001
ITHAX,"Hartford Capital Appreciation A(USD,ITHAX)",** 80 US Large Growth / 20 Intl Large Growth **,0.0107
INFN,Infinera Corp,US Small Value,0.0
ITOT,iShares Core S&P Total US Stock Mkt ETF,US Large Blend,0.0003
ITT,"ITT Inc(USD,ITT)",US Mid Blend,0.0
ITW,Illinois Tool Works Inc,US Large Blend,0.0
IVE,"iShares S&P 500 Value ETF(USD,IVE)",US Large Value,0.0018
AIG,AMERICAN INTERNATIONAL GROUP,US Large Value,0.0
IVOV,"Vanguard S&P Mid-Cap 400 Value ETF(USD,IVOV)",US Mid Value,0.002
IVR,Invesco Mortgage Capital Inc,US Real Estate,0.0
IVV,iShares Core S&P 500 ETF,US Large Blend,0.0004
IVW,"iShares S&P 500 Growth ETF(USD,IVW)",US Large Growth,0.0018
IWB,iShares Russell 1000 ETF,US Large Blend,0.0015
INVZ,Innoviz Technologies Ltd,Intl Small Growth,0.0
IWC,ISHARES TR MICRO-CAP ETF,US Micro,0.006
IWD,iShares Russell 1000 Value ETF,US Large Value,0.002
IWF,iShares Russell 1000 Growth ETF,US Large Growth,0.002
IWIRX,"Guinness Atkinson™ Global Inntrs Inv(USD,IWIRX)",** 77 US Large Growth / 23 Intl Large Growth **,0.0124
IWM,"iShares Russell 2000 ETF(USD,IWM)",US Small Blend,0.0019
AIMT,Aimmune Therapeutics Inc,US Small Blend,0.0
IWN,"iShares Russell 2000 Value ETF(USD,IWN)",US Small Value,0.0024
IWO,"iShares Russell 2000 Growth ETF(USD,IWO)",US Small Growth,0.0024
IWP,iShares Russell Mid-Cap Growth ETF,US Mid Growth,0.0025
IWR,iShares Russell Mid-Cap ETF,US Mid Blend,0.002
ITRI,Itron Inc,US Small Blend,0.0
IWV,iShares Russell 3000 ETF,US Large Blend,0.002
IX,"ORIX Corp ADR(USD,IX)",Intl Large Value,0.0
IXC,"iShares Global Energy ETF(USD,IXC)",** 50 US Large Blend / 50 Intl Large Blend **,0.0048
IXJ,"iShares Global Healthcare ETF(USD,IXJ)",** 70 US Large Blend / 30 Intl Large Blend **,0.004
IXN,"iShares Global Tech ETF(USD,IXN)",** 76 US Large Growth / 24 Intl Large Growth **,0.0048
IXP,iShares Global Comm Services ETF,** 65 US Large Blend / 35 Intl Large Blend **,0.004
AINV,"Apollo Investment Corp(USD,AINV)",US Small Value,0.0
IXUS,ISHARES TR CORE MSCI TOTAL,Intl Large Blend,0.001
IYE,"iShares US Energy ETF(USD,IYE)",US Large Value,0.0043
IYG,"iShares US Financial Services ETF(USD,IYG)",US Large Blend,0.0043
KBR,KBR Inc,US Mid Blend,0.0
IYH,"iShares US Healthcare ETF(USD,IYH)",US Large Blend,0.0043
IYW,iShares US Technology ETF,US Large Growth,0.0044
IYZ,iShares US Telecommunications ETF,US Large Value,0.0043
JABAX,Janus Henderson Balanced T,** 65 US Large Blend / 35 Int-Term Inv. Grade **,0.0081
JABCX,"Janus Henderson Balanced C(USD,JABCX)",**.60 US Large Blend .40 Int-Term Inv. Grade**,0.0164
JACNX,Janus Contrarian D,US Large Blend,0.0064
JACTX,Janus Henderson Forty T,US Large Growth,0.0091
AIOAX,COLUMBIA INCOME OPPS A,High Yield,0.0104
JAENX,Janus Henderson Enterprise T,** 75 US Mid Blend / 20 Intl Mid Blend / 5 Cash **,0.0091
JAFIX,Janus Henderson Flexible Bond T,Int-Term Inv. Grade,0.007
LYLT,Loyalty Ventures Inc Ordinary Shares,US Small Value,0.0
JAGIX,Janus Growth & Income T,US Large Blend,0.0085
JAGLX,Janus Global Life Sciences T,** 80 US Large Blend / 20 Intl Large Blend **,0.0092
JAGTX,"Janus Henderson Global Technology T(USD,JAGTX)",US Large Growth,0.0093
JAMRX,"Janus Henderson Research T(USD,JAMRX)",US Large Growth,0.0074
JANIX,Janus Henderson Triton D,US Mid Growth,0.008
JANRX,Janus Global Select D,** .55 US Large Blend / .45 Intl Large Blend **,0.0086
JANWX,Janus Henderson Global Research D,** .6 US Large Growth / .4 Intl Large Growth **,0.0074
JATAX,JNSHNDRSNVIT GLBL,US Large Growth,0.0104
AIVAF,Aviva PLC,US Large Value,0.0
JATTX,"Janus Henderson Triton T(USD,JATTX)",US Mid Growth,0.0092
MKFG,Markforged Holding Corp,US Small Blend,0.0
JAVTX,Janus Venture T,US Mid Growth,0.0092
JAWWX,"Janus Henderson Global Research T(USD,JAWWX)",** 70 US Large Growth / 30 Intl Large Growth **,0.0086
jazz,"Jazz Pharmaceuticals PLC(USD,JAZZ)",US Mid Growth,0.0
JBAXY,JULIUS BAER GROUP LTD F SPONSORED ADR 1 ADR REPS 0.2 ORD SHS,Intl Large Growth,0.0
JBLU,Jetblue Airways,US Mid Value,0.0
JCBCX,JPMorgan California Tax Free Bond C,Int-Term Inv. Grade,0.011
JCBUX,"JPMorgan Core Bond R6(USD,JCBUX)",Int-Term Inv. Grade,0.0035
JCI,Johnson Controls International PLC,US Mid Value,0.0
JCMAX,JPMorgan Mid Cap Equity A,US Mid Growth,0.0114
OIS,Oil States International Inc,US Small Value,0.0
AIZ,Assurant Inc,US Mid Value,0.0
JCP,"JC Penney Co Inc(USD,JCP)",US Small Value,0.0
jcpux,"JPMorgan Core Plus Bond R6(USD,JCPUX)",Int-Term Inv. Grade,0.0039
JCUIX,"JHancock Absolute Return Currency I(USD,JCUIX)",** 31 Short-Term Inv. Grade / 69 Cash **,0.0104
JD,JD.com Inc ADR,Emerging Large Growth,0.0
JDGTX,Janus Henderson Global Inc Mgd Volatil T,**57% US Large Value 43% Intl Large Value**,0.0075
JDPAX,"Janus Henderson Mid Cap Value A(USD,JDPAX)",US Mid Blend,0.0094
JEC,"Jacobs Engineering Group Inc(USD,JEC)",US Mid Value,0.0
JECAX,JPMorgan Emerging markets Strat Debt A,Emerging Market Debt,0.012
JEDAX,JPMorgan Emerging Markets Debt A,Emerging Market Debt,0.012
OSUR,OraSure Technologies Inc,US Small Blend,0.0
JEEAX,JPMorgan Emerging Economies A,** .35 Intl Large Value / .65 Emerging Large Value **,0.0114
AJG,Arthur J. Gallagher & Co,US Mid Blend,0.0
jeiqx,"JPMorgan International Rsrch Enh Eq R6(USD,JEIQX)",Intl Large Blend,0.0034
jeiyx,"JPMorgan Global Research Enhanced Idx R6(USD,JEIYX)",** .60 US Large Blend / .40 Intl Large Blend **,0.0034
JENSX,"Jensen Quality Growth J(USD,JENSX)",US Large Growth,0.0087
JFAMX,JPMorgan Emerging Markets Equity A,** .24 Intl Large Growth / .76 Emerging Large Growth **,0.0124
JFIIX,"JHancock Floating Rate Income I(USD,JFIIX)",Bank Loans,0.0085
JFTAX,JPMorgan International Advantage A,Intl Large Blend,0.01
JGASX,"JPMorgan Growth Advantage I(USD,JGASX)",US Large Growth,0.0089
JGMCX,Janus Henderson Triton C,US Mid Growth,0.0178
ORA,Ormat Technologies Inc,US Small Blend,0.0
JHLVX,JHANCOCK FUNDAMENTAL LARGE CAP CORE C,US Large Growth,0.0179
JIAAX,JPMorgan Intrepid America A,US Large Blend,0.0084
AKREX,"Akre Focus Retail(USD,AKREX)",** 85 US Large Growth / 15 Intl Large Growth **,0.013
JIMIX,JPMorgan Short-Interm Muncpl Bd I,Short-Term Inv. Grade,0.0025
jipix,"JHancock Strategic Income Opps I(USD,JIPIX)",High Yield,0.0076
JITIX,JPMorgan Intermediate Tax Free Bond I,Int-Term Inv. Grade,0.004
JKD,iShares Morningstar Large-Cap ETF,US Large Blend,0.002
JKF,Morningstar Large Value Index Fund,US Large Value,0.0025
JKHY,Jack Henry & Associates Inc,US Mid Growth,0.0
JLCAX,JPMorgan US Large Cap Core Plus A,US Large Blend,0.0195
GARIX,Gotham Absolute Return Institutional,Other,0.0215
JLPSX,JPMorgan US Large Cap Core Plus Select,US Large Blend,0.0085
JMCVX,Janus Henderson Mid Cap Value T,US Mid Value,0.0072
JMGRX,"Janus Henderson Enterprise I(USD,JMGRX)",US Small Growth,0.0142
AKZOY,Akzo Nobel NV ADR,Intl Large Growth,0.0
JMIXX,Janus Henderson International Managed Volatility Fund Class I,Intl Large Growth,0.008
JMUEX,JPMorgan US Equity L,US Large Growth,0.0061
JNBCX,JPMorgan Income Builder C,** 20 US Large Value / 20 Intl Large Value / 60 Int-Term Inv. Grade **,0.0125
JNGIX,Janus Henderson Growth and Income D,US Large Blend,0.0077
JNJ,Johnson & Johnson,US Large Blend,0.0
JNK,SPDR Barclays Capital High Yield Bond ETF,High Yield,0.004
QMCO,Quantum Corp,US Small Value,0.0
JNOSX,Janus Overseas D,** .77 Intl Large Blend / .23 Emerging Large Blend **,0.0062
JNPR,Juniper Networks Inc,US Mid Value,0.0
JOBS,51jog Inc,Emerging Mid Growth,0.0
JOHIX,JOHCM International Select I,** 10 Cash / 80 Intl Large Growth / 10 US Large Growth **,0.01
ALB,"Albemarle Corp(USD,ALB)",US Mid Blend,0.0
JPM,JPMorgan Chase & Co,US Large Value,0.0
JPSAX,JP Morgan U.S. Dynamic Plus Fund,US Large Blend,0.012
JPST,JPM USD Ultra-Short Income ETF USD Inc,** 60 Short-Term Inv. Grade / 40 Cash **,0.0018
JSEAX,JPMorgan International Equity A,Intl Large Blend,0.0095
jsimx,"JPMorgan Unconstrained Debt R6(USD,JSIMX)",High Yield,0.0049
RBBN,Ribbon Communications Inc,US Small Value,0.0
JSIVX,Perkins Small Cap Value L,US Small Value,0.011
JSOAX,JPMorgan Strategic Income Opports A,** .5 Cash/Money Market / .5 High Yield **,0.0102
JSOCX,JPMorgan Strategic Income Opports C,High Yield,0.0152
JSOSX,JPMorgan Strategic Income Opports I,High Yield,0.0077
JSVAX,"Janus Henderson Contrarian T(USD,JSVAX)",US Mid Blend,0.0072
ALCPX,"AllianzGI NFJ Large-Cap Value P(USD,ALCPX)",US Large Value,0.0086
JTTCX,"JPMorgan SmartRetirement® 2020 C(USD,JTTCX)",** .27 US Large Growth / .20 Intl Large Growth / .53 High Yield **,0.0141
JTTIX,JPMorgan SmartRetirement® 2020 Fund Class R5,** 25 US Large Blend / 20 Intl Large Blend / 55 High Yield **,0.0055
JUESX,"JPMorgan US Equity I(USD,JUESX)",US Large Blend,0.0076
JVAAX,JPMorgan Value Advantage A,US Large Value,0.0114
SEAS,SeaWorld Entertainment Inc,US Small Growth,0.0
JVAIX,JPMorgan Value Advantage L,US Large Value,0.0075
JVLIX,JHancock Disciplined Value I,** 87 US Large Value / 10 Intl Large Value / 3 Cash **,0.0075
JVMIX,JHancock Disciplined Value Mid Cap I,US Mid Value,0.0086
JWN,Nordstrom Inc,US Mid Value,0.0
K,Kellogg Co,US Large Value,0.0
KAOOY,Kao Corp ADR,US Large Growth,0.0
ALE,"ALLETE Inc(USD,ALE)",US Mid Value,0.0
KDDIF,KDDI Corp,Intl Large Value,0.0
KDP,Keurig Dr Pepper Inc,US Large Blend,0.0
KEM,Kemet Corp,US Small Blend,0.0
LAB,Standard BioTools Inc,US Small Value,0.0
KEY,"KeyCorp(USD,KEY)",US Large Value,0.0
KEYS,KEYSIGHT TECH INC,US Mid Blend,0.0
KGFHY,"Kingfisher PLC ADR(USD,KGFHY)",Intl Mid Value,0.0
KHC,The Kraft Heinz Co,US Large Value,0.0
KIE,SPDR S&P Insurance ETF,US Mid Value,0.0035
KIM,Kimco Realty Corp,US Real Estate,0.0
KKR,KKR & Co Inc,US Large Blend,0.0
ALFAX,"Lord Abbett Alpha Strategy A(USD,ALFAX)",**80% US Small Growth / 20% Intl Small Growth **,0.0152
KLCIX,Federated Kaufmann Large Cap Instl,US Large Growth,0.0084
KMB,Kimberly-Clark Corp,US Large Value,0.0
SHO,Sunstone Hotel Investors Inc,US Small Blend,0.0
KMF,"Kayne Anderson MidstreamEnergy(USD,KMF)",MLP,0.038
KMI,Kinder Morgan Inc P,US Large Blend,0.0
KMT,"Kennametal Inc(USD,KMT)",US Small Value,0.0
KMTUY,"Komatsu Ltd ADR(USD,KMTUY)",Intl Large Growth,0.0
kmx,"CarMax Inc(USD,KMX)",US Mid Blend,0.0
KNX,Knight-Swift Transportation Holdings Inc A,US Mid Blend,0.0
KO,Coca-Cola Co,US Large Value,0.0
KR,The Kroger Co,US Large Value,0.0
ALFVF,Alfa Laval AB,US Mid Value,0.0
KRE,SPDR S&P Regional Banking ETF,US Mid Blend,0.0035
THS,Treehouse Foods Inc,US Small Value,0.0
KRO,Kronos Worldwide Inc,US Small Value,0.0
KSS,"Kohl's Corp(USD,KSS)",US Mid Value,0.0
KSU,"Kansas City Southern(USD,KSU)",US Mid Blend,0.0
KUBTY,KUBOTA LTD F SPONSORED ADR 1 ADR REPS 5 ORD SHS,Intl Large Growth,0.0
KWEB,"KraneShares CSI China Internet ETF(USD,KWEB)",Emerging Large Growth,0.0069
KYN,KAYNE ANDERSON MLP MIDST,mlp,0.044
LAC,Lithium Americas Corp,Intl Small Growth,0.0
LAFFX,"Lord Abbett Affiliated A(USD,LAFFX)",US Large Value,0.007
LAGVX,Lord Abbett Income A,High Yield,0.0078
ALGN,Align Technology Inc,US Large Growth,0.0
TWIN,Twin Disc Inc,US Small Value,0.0
LASR,"nLight Inc(USD,LASR)",US Small Growth,0.0
LB,L Brands Inc,US Mid Value,0.0
LBRDK,"Liberty Broadband Corp C(USD,LBRDK)",US Mid Blend,0.0
LBTYA,Liberty Global PLC Class A,US Large Blend,0.0
LBTYK,Liberty Global PLC C,US Large Blend,0.0
LCEIX,"Invesco Diversified Dividend Investor(USD,LCEIX)",US Large Value,0.0075
LCMMX,"ClearBridge Large Cap Growth O(USD,LCMMX)",US Large Growth,0.0073
LDLFX,Lord Abbett Short Duration Income F,Short-Term Inv. Grade,0.0049
LECO,Lincoln Electric Holdings Inc,US Mid Blend,0.0
LEG,Leggett & Platt Inc,US Mid Blend,0.0
VSAT,Viasat Inc,US Small Blend,0.0
ALK,Alaska Air Group Inc,US Mid Value,0.0
LENB,LENNAR CORP             CLASS                  B,US Mid Blend,0.0
LFRFX,"Lord Abbett Floating Rate F(USD,LFRFX)",Bank Loans,0.0069
LGF.A,Lions Gate Entertainment Corp,US Small Value,0.0
LGF.B,Lions Gate Entertainment Corp B,US Small Value,0.0
LGILX,Laudus US Large Cap Growth,** 90 US Large Growth / 10 Intl Large Growth **,0.0076
LGLAX,"Lord Abbett Growth Leaders A(USD,LGLAX)",US Large Growth,0.0095
LH,Laboratory Corp of America Holdings,US Mid Blend,0.0
LIFNX,Mondrian International Government Fxd Inc Fund,Int-Term Inv. Grade,0.0105
NCA,Nuveen CA Muni Value,Int-Term Inv. Grade,0.006
LII,Lennox International Inc,US Mid Growth,0.0
LIKIX,BlackRock LifePath® Index 2040 Fund Institutional Shares,** 55 US Large Blend / 35 Intl Large Blend / 10 Int-Term Inv. Grade **,0.0016
ALKS,ALKERMES PLC           F,Intl Mid Growth,0.0
LIN,"Linde PLC(USD,LIN)",Intl Large Growth,0.0
LISOX,Lazard International Strategic Eq Open,** .12 US Large Growth / .88 Intl Large Growth **,0.0107
LITE,Lumentum Holdings Inc,US Small Growth,0.0
LKQ,LKQ CORP,US Mid Blend,0.0
LKSD,"LSC Communications Inc(USD,LKSD)",US Small Value,0.0
LLDYX,"Lord Abbett Short Duration Income I(USD,LLDYX)",Short-Term Inv. Grade,0.0039
LLL,L3 TECHNOLOGIES INC,US Mid Blend,0.0
AFG,"American Financial Group Inc(USD,AFG)",US Mid Value,0.0
LLY,Eli Lilly and Co,US Large Blend,0.0
LMSC,"Live Microsystems Inc(USD,LMSC)",US Small Value,0.0
LMT,Lockheed Martin Corp,US Large Growth,0.0
ALL,Allstate Corp,US Large Value,0.0
LMVTX,"ClearBridge Value C(USD,LMVTX)",US Large Blend,0.0174
LNVGY,Lenovo Group Ltd ADR,Intl Large Blend,0.0
LOPE,GRAND CANYON EDUCA,US Mid Growth,0.0
LOW,Lowe's Companies Inc,US Large Blend,0.0
LPT,"Liberty Property Trust(USD,LPT)",US Mid Value,0.0
LPX,Louisiana-Pacific Corp,US Mid Value,0.0
GBLAX,"American Funds Global Balanced A(USD,GBLAX)",** .25 US Large Blend / .35 Intl Large Blend / .40 Int-Term Inv. Grade **,0.0084
LQD,"iShares iBoxx $ Invmt Grade Corp Bd ETF(USD,LQD)",Int-Term Inv. Grade,0.0015
LRCX,Lam Research Corp,US Large Blend,0.0
LRLCY,"L'Oreal SA ADR(USD,LRLCY)",Intl Large Growth,0.0
LRN,"K12 Inc(USD,LRN)",US Small Growth,0.0
ALLE,"Allegion PLC(USD,ALLE)",US Mid Growth,0.0
LROIX,BrandywineGLOBAL Global Unconst Bond I,Short-Term Inv. Grade,0.0086
LSBDX,"Loomis Sayles Bond Instl(USD,LSBDX)",High Yield,0.0066
LSBRX,Loomis Sayles Bond Retail,High Yield,0.0091
LSFYX,Loomis Sayles Sr Floating Rate and F/I Y,Bank Loans,0.008
LSGRX,Loomis Sayles Growth Y,** 83 US Large Growth / 17 Intl Large Growth **,0.0066
LSTR,Landstar System Inc,US Mid Blend,0.0
LSWWX,Loomis Sayles Global Allocation Y,** 42 US Large Growth / 24 Intl Large Growth / 24 High Yield / 10 Cash **,0.0093
LSXMA,"Liberty SiriusXM Group A(USD,LSXMA)",US Mid Blend,0.0
LSXMK,"Liberty SiriusXM Group C(USD,LSXMK)",US Mid Blend,0.0
LTC,"LTC Properties Inc(USD,LTC)",US Real Estate,0.0
ALRM,Alarm.com Holdings Inc,US Small Growth,0.0
LTM,"LATAM Airlines Group SA ADR(USD,LTM)",Emerging Large Value,0.0
LTMIX,Thornburg Limited-Term Muni Inst,Short-Term Inv. Grade,0.0043
LUV,Southwest Airlines Co,US Large Blend,0.0
luxty,"Luxottica Group SpA ADR(USD,LUXTY)",Intl Large Growth,0.0
ABIAX,AB International Value A,Intl Large Blend,0.0125
LVMUY,"LVMH Moet Hennessy Louis Vuitton SE ADR(USD,LVMUY)",Intl Large Growth,0.0
LVOFX,"Lord Abbett Value Opportunities F(USD,LVOFX)",US Mid Blend,0.01
LYB,LyondellBasell Industries NV,Intl Large Value,0.0
LYG,Lloyds Banking Group PLC ADR,Intl Large Value,0.0
LZEMX,Lazard Emerging Markets Equity Instl,Emerging Large Value,0.0108
LZIEX,Lazard International Equity Instl,Intl Large Blend,0.0081
ALSK,"Alaska Communications Systems Group Inc(USD,ALSK)",US Small Value,0.0
LZIOX,"Lazard International Equity Open(USD,LZIOX)",** 90 Intl Large Blend / 5 Emerging Large Blend / 5 US Large Blend **,0.0107
LZSMX,Lazard International Small Cap Eq Open,Intl Mid Growth,0.013
M,Macy's Inc,US Mid Value,0.0
FSOSX,Fidelity® Series Overseas,Intl Large Growth,0.0001
MA,Mastercard Inc A,US Large Growth,0.0
MAA,MID-AMERICA APARTMENT COMM,US Real Estate,0.0
MACPX,BlackRock Balanced Capital Instl,**60% US Large Blend / 40% Other**,0.0063
MACSX,"Matthews Asian Growth & Inc Investor(USD,MACSX)",Intl Large Blend,0.0107
MADVX,"BlackRock Equity Dividend Instl(USD,MADVX)",** 75 US Large Value / 20 Intl Large Value / 5 Cash **,0.0068
MAIIX,iShares MSCI EAFE Intl Idx Instl,Intl Large Blend,0.0009
MAIN,"Main Street Capital Corp(USD,MAIN)",US Small Value,0.0
ALXN,Alexion Pharmaceuticals Inc,US Large Growth,0.0
MALOX,BlackRock Global Allocation Instl,** 35 US Large Blend / 35 Intl Large Blend / 30 Short-Term Inv. Grade **,0.008
MANLX,"BlackRock National Municipal Instl(USD,MANLX)",Int-Term Inv. Grade,0.0044
FGITX,Fidelity Advisor® Growth & Income M,** 82 US Large Value / 14 Intl Large Value / 4 Cash **,0.0116
MAPIX,Matthews Asia Dividend Investor,** 30 Emerging Large  Blend / 70 Intl Large Blend**,0.012
MAPTX,"Matthews Pacific Tiger Investor(USD,MAPTX)",** 30 Intl Large Growth / 70 Emerging Large Growth **,0.0106
MAR,Marriott International Inc Class A,US Large Blend,0.0
MASI,Masimo Corp,US Mid Growth,0.0
MAT,"Mattel Inc(USD,MAT)",US Mid Value,0.0
MB,"MINDBODY Inc A(USD,MB)",US Small Growth,0.0
MBAAX,Morgan Stanley Inst Global Strat A,** .2 US Large Value / .42 Intl Large Value / .38 Int-Term Inv. Grade,0.0108
MBB,ISHARES MBS ETF,Long-Term Inv. Grade,0.0009
AMAT,Applied Materials Inc,US Large Blend,0.0
MBFIX,Allspring Core Bond Inst,Int-Term Inv. Grade,3.8e-05
UMEMX,Columbia Emerging Markets Inst,Emerging Large Growth,0.0116
MCD,"McDonald's Corp(USD,MCD)",US Large Blend,0.0
MCFUF,Micro Focus International PLC,Intl Mid Value,0.0
MCHI,"iShares MSCI China ETF(USD,MCHI)",Emerging Large Blend,0.0062
MCK,McKesson Corp,US Large Value,0.0
MCNVX,MainStay MacKay Convertible I,Convertible Bonds,0.0061
MCOIX,MainStay MacKay CA Tax Free Opps I,Int-Term Inv. Grade,0.005
MCVAX,"Transamerica Mid Cap Value Opps A(USD,MCVAX)",US Mid Value,0.0109
MCYBX,"BMO TCH Core Plus Bond Y(USD,MCYBX)",Int-Term Inv. Grade,0.0004
MD,Pediatrix Medical Group Inc,US Small Value,0.0
AMBFX,American Funds American Balanced F2,** 50% US Large Blend / 10% Intl Large Blend / 40% Int-Term Inv. Grade **,0.0039
MLPDX,Invesco SteelPath MLP Income A,US Mid Value,0.0139
MDDVX,BlackRock Equity Dividend Inv A,** 80 US Large Value / 20 Intl Large Value **,0.0092
MDEFX,BlackRock EuroFund Inv A,Intl Large Growth,0.0132
MDLOX,"BlackRock Global Allocation Inv A(USD,MDLOX)",** 50 US Large Blend / 15 Intl Large Blend / 35 Int-Term Inv. Grade **,0.0111
MDLZ,Mondelez International Inc Class A,US Large Value,0.0
MDT,MEDTRONIC PLC,Intl Large Blend,0.0
MDY,SPDR MidCap Trust Series I,US Mid Blend,0.0024
MDYG,"SPDR® S&P 400 Mid Cap Growth ETF(USD,MDYG)",US Mid Growth,0.0015
MED,"Medifast Inc(USD,MED)",US Small Growth,0.0
MEDIX,MFS® Emerging Markets Debt I,High Yield,0.0084
MEIAX,MFS® Value A,US Large Value,0.0084
FABZX,Franklin K2 Alternative Strategies Adv,** 20 US Large Growth / 10 Intl Large Growth / 25 Int-Term Inv. Grade / 45 Cash **,0.0197
AMCPX,AMERICAN FD AMCAP FUND A,US Large Growth,0.0068
MEIIX,MFS Value I,US Large Value,0.0059
MEIKX,"MFS® Value R6(USD,MEIKX)",US Large Value,0.0049
met,"MetLife Inc(USD,MET)",US Large Value,0.0
MFAIX,Morgan Stanley Inst Intl Advtg I,** 80 Intl Large Growth / 15 Emerging Large Growth / 5 US Large Growth **,0.0097
MFEIX,MFS® Growth I,US Large Growth,0.0069
MFGP,Micro Focus International PLC ADR,Intl Large Growth,0.0
MGA,MAGNA INTERNATIONAL INC,US Large Blend,0.0
MGDDY,Cie Generale des Etablissements Michelin SA ADR,US Large Value,0.0
MGP,MGM Growth Properties LLC A,US Mid Growth,0.0
AMKIX,American Century Emerging Markets I,Intl Large Growth,0.0105
MGRC,McGrath RentCorp,US Small Growth,0.0
AMD,Advanced Micro Devices Inc,US Mid Blend,0.0
MGV,"Vanguard Mega Cap Value ETF(USD,MGV)",US Large Value,0.0007
mhysx,"MainStay MacKay High Yield Corp Bd R6(USD,MHYSX)",High Yield,0.0058
MIAGX,MFS® Aggressive Growth Allocation I,** 60% US Large Growth / 40% Intl Large Growth **,0.0085
MIEIX,MFS Instl International Equity,Intl Large Growth,0.0071
MIK,The Michaels Companies Inc,US Mid Blend,0.0
MINDX,Matthews India Fund Investor Class,Emerging Large Growth,0.0109
MINE,"Minerco Inc(USD,MINE)",US Micro,0.0
FEPIX,Fidelity Advisor® Total Bond I,Int-Term Inv. Grade,0.005
MINIX,"MFS® International Value I(USD,MINIX)",Intl Large Value,0.0072
MINT,Enhanced Short Maturity Strategy Fund,Short-Term Inv. Grade,0.0035
MITFX,"BMO Intermediate Tax-Free Y(USD,MITFX)",Int-Term Inv. Grade,0.0055
AMECX,American Funds Income Fund of Amer A,** 50 US Large Value / 20 Intl Large Value / 25 Int-Term Inv. Grade / 5 Cash **,0.0056
MITIX,MFS® Massachusetts Investors Tr I,US Large Blend,0.0047
MITL,"Mitel Networks Corp(USD,MITL)",US Small Blend,0.0
MIXT,MiX Telematics Ltd ADR,Emerging Small Growth,0.0
MJ,ETFMG Alternative Harvest ETF,** 30 US Small Growth / 70 Intl Small Growth **,0.0075
MJNA,Medical Marijuana Inc,US Micro,0.0
mkc,"McCormick & Co Inc Non-Voting(USD,MKC)",US Mid Blend,0.0
GSIRX,Goldman Sachs Emerging Markets Dbt Inv,High Yield,0.009
MKDVX,BlackRock Equity Divident K,US Large Value,0.006
MKL,MARKEL CORP,US Mid Growth,0.0
MKSI,MKS Instruments Inc,US Mid Blend,0.0
MKTAY,Makita Corp ADR,US Large Blend,0.0
AMED,"Amedisys Inc(USD,AMED)",US Mid Growth,0.0
MLCO,Melco Resorts and Entertainment Ltd ADR,Emerging Large Growth,0.0
MLM,MARTIN MARIETTA MATR,US Mid Blend,0.0
MLNX,Mellanox Technologies Ltd,US Mid Growth,0.0
MLPA,MLP ETF,MLP,0.0047
MMC,"Marsh & McLennan Companies Inc(USD,MMC)",US Large Blend,0.0
GBLFX,"American Funds Global Balanced F2(USD,GBLFX)",** 25% US Large Blend / 35% Intl Large Blend / 40% Int-Term Inv. Grade **,0.0061
MMM,3M Co,US Large Blend,0.0
MMP,Magellan Midstream Partners LP,MLP,0.0
MNK,Mallinckrodt PLC,US Small Value,0.0
mnlo,"Menlo Therapeutics Inc(USD,MNLO)",US Small Growth,0.0
MNST,MONSTER BEVERAGE CORPORA,US Large Growth,0.0
AMEFX,American Funds Inc Fund of Amer F2,** .55 US Large Value / .2 Intl Large Value / .25 High Yield **,0.0039
MO,Altria Group Inc,US Large Blend,0.0
MON,"Monsanto Co(USD,MON)",US Large Blend,0.0
MOPN,"MOP Environmental Solutions Inc(USD,MOPN)",US Micro,0.0
MOS,The Mosaic Co,US Mid Value,0.0
LHYFX,Lord Abbett High Yield F,High Yield,0.0078
MOV,Movado Group Inc,US Small Value,0.0
MPC,Marathon Petroleum Corp,US Large Value,0.0
MPGFX,Mairs & Power Growth Inv,US Large Blend,0.0066
MPHQX,BlackRock Total Return K,Int-Term Inv. Grade,0.0039
MRAAY,"Murata Manufacturing Co Ltd ADR(USD,MRAAY)",Intl Large Growth,0.0
MRFIX,MFS Research I,US Large Blend,0.0058
AMFAX,Natixis ASG Managed Futures Strategy A,Managed Futures,0.0174
MRK,Merck & Co Inc,US Large Value,0.0
MRO,Marathon Oil Corp,US Mid Blend,0.0
MRTN,Marten Transport Ltd,US Small Blend,0.0
MWLIX,Metropolitan West Low Duration Bd I,Short-Term Inv. Grade,0.0042
MS,Morgan Stanley,US Large Blend,0.0
MSCFX,"Mairs & Power Small Cap(USD,MSCFX)",US Small Blend,0.0104
MSEGX,Morgan Stanley Inst Growth A,US Large Growth,0.0082
MSEX,Middlesex Water Co,US Small Blend,0.0
MSFT,Microsoft Corp,US Large Growth,0.0
MSGN,MSG Networks Inc Class A,US Small Value,0.0
MSI,Motorola Solutions Inc,US Large Value,0.0
AMGN,Amgen Inc,US Large Value,0.0
MSIGX,"Oppenheimer Main Street A(USD,MSIGX)",US Large Growth,0.0102
MT,"ArcelorMittal SA ADR(USD,MT)",Intl Large Value,0.0
MTLQU,MOTORS LIQUIDATION CO GU,US Large Value,0.0
MTOR,"Meritor Inc(USD,MTOR)",US Small Value,0.0
MU,"Micron Technology Inc(USD,MU)",US Large Blend,0.0
MUB,iShares National AMT-Free Muni Bond ETF,Int-Term Inv. Grade,0.0025
MUTHX,Franklin Mutual Shares Z,** 80 US Large Value / 20 Intl Large Value **,0.0078
MVF,"BlackRock MuniVest(USD,MVF)",Int-Term Inv. Grade,0.0192
MWLDX,Metropolitan West Low Duration Bd M,Short-Term Inv. Grade,0.0062
MWTIX,Metropolitan West Total Return Bond I,Int-Term Inv. Grade,0.0044
AMLP,Alerian MLP ETF,MLP,0.0087
MWTRX,Metropolitan West Total Return Bond M,Int-Term Inv. Grade,0.0065
ACI,Albertsons Companies Inc Class A,US Mid Value,0.0
MWTSX,Metropolitan West Total Return Bond Fund,Int-Term Inv. Grade,0.0037
MXIM,Maxim Integrated Products Inc,US Mid Blend,0.0
MXXIX,"Marsico 21st Century(USD,MXXIX)",US Mid Growth,0.0142
myl,"Mylan NV(USD,MYL)",US Mid Growth,0.0
NAC,"Nuveen CA Quality Muni Income(USD,NAC)",Long-Term Inv. Grade,0.0197
NACG,"NAC Global Technologies Inc(USD,NACG)",US Micro,0.0
NAESX,Vanguard Small Cap Index Inv,US Mid Growth,0.00018
NAK,Northern Dynasty Minerals Ltd,Intl Small Blend,0.0
NATI,NTNL INSTRUMENTS,US Mid Blend,0.0
AMN,AMN Healthcare Services Inc,US Small Growth,0.0
SF,Stifel Financial Corp,US Mid Value,0.0
NBGNX,"Neuberger Berman Genesis Inv(USD,NBGNX)",US Small Growth,0.0101
nbix,"Neurocrine Biosciences Inc(USD,NBIX)",US Mid Growth,0.0
NBR,Nabors Industries Ltd,Intl Small Value,0.0
NBRVX,"Neuberger Berman M/C Intrinsic Val Inv(USD,NBRVX)",** .9 US Mid Value / .1 Intl Mid Value **,0.0125
NCAVX,Nuance Concentrated Value Investor,** .15 Cash/Money Market / .75 US Large Blend / .1 Intl Large Blend **,0.0143
NCHAX,"Nuveen CA High Yield Municipal Bond A(USD,NCHAX)",High Yield,0.0105
NEE,"NextEra Energy Inc(USD,NEE)",US Large Blend,0.0
NEM,"Newmont Mining Corp(USD,NEM)",US Large Value,0.0
NEOG,Neogen Corp,US Mid Growth,0.0
NEU,NewMarket Corp,US Small Value,0.0
THG,The Hanover Insurance Group Inc,US Small Value,0.0
AMP,Ameriprise Financial Inc,US Large Value,0.0
NEWFX,American Funds New World A,** 50% Intl Large Growth / 50% Emerging Large Growth **,0.0104
NFFFX,American Funds New World F2,** 50 Emerging Large Growth / 50 Intl Large Growth **,0.0075
NFJ,AllianzGI NFJ Dividend Interest & Premium Strategy Fund,US Buy Write,0.0101
NFLX,Netflix Inc,US Large Growth,0.0
NGD,"New Gold Inc(USD,NGD)",Intl Small Value,0.0
NGG,"National Grid PLC ADR(USD,NGG)",Intl Large Value,0.0
NGLOY,Anglo American PLC ADR,Intl Large Blend,0.0
NGREX,"Northern Global Real Estate Index(USD,NGREX)",** .45 US Real Estate / .55 Intl Real Estate **,0.005
NHI,"National Health Investors Inc(USD,NHI)",US Small Value,0.0
AFCG,AFC Gamma Inc Ordinary Shares,US Real Estate,0.0
NHMRX,"Nuveen High Yield Municipal Bond I(USD,NHMRX)",High Yield,0.0078
AMPFX,"American Funds AMCAP F1(USD,AMPFX)",US Large Growth,0.0074
NI,NISOURCE INC,US Mid Value,0.0
niaux,"American Beacon Numrc IntgrtdAlpha Ultra(USD,NIAUX)",Liquid Alternative,0.0185
NICE,NICE Ltd ADR,Intl Mid Growth,0.0
NIIAX,"Columbia Select International Eq A(USD,NIIAX)",Intl Large Growth,0.014
NKE,Nike Inc B,US Large Growth,0.0
nktr,"Nektar Therapeutics Inc(USD,NKTR)",US Mid Growth,0.0
NLS,Nautilus Inc,US Small Blend,0.0
nlsix,"Neuberger Berman Long Short Instl(USD,NLSIX)",Non-Traditional,0.0132
SYLD,Cambria Shareholder Yield ETF,US Mid Value,0.0059
NLSN,Nielsen Holdings PLC,Intl Mid Blend,0.0
NLTQY,National Aluminium Co Ltd ADR,Commodities,0.0
AMRFX,American Funds American Mutual F2,** 85 US Large Value / 15 Intl Large Value **,0.0042
NLY,Annaly Capital Management Inc,US Real Estate,0.0
NMFC,New Mountain Finance Corp,US Small Value,0.0
NMGRX,"Neuberger Berman Mid Cap Growth R3(USD,NMGRX)",US Mid Growth,0.0137
NML,Neuberger Berman MLP Income Fund Inc,US Mid Value,0.0244
NOBL,S&P 500 Aristocrats ETF,US Large Blend,0.0035
NOC,Northrop Grumman Corp,US Large Blend,0.0
MSB,Mesabi Trust,US Small Blend,0.0
NOK,NOKIA CORP-SPON ADR,Intl Large Blend,0.0
NOSGX,Northern Small Cap Value,US Small Blend,0.0101
NOTEX,Northern Tax-Exempt,Int-Term Inv. Grade,0.0048
NPFFX,"American Funds New Perspective F1(USD,NPFFX)",** 50 US Large Growth / 50 Intl Large Growth **,0.0082
AMRMX,"American Funds American Mutual A(USD,AMRMX)",** .75 US Large Value / .25 Intl Large Value **,0.0057
NPK,"National Presto Industries Inc(USD,NPK)",US Small Blend,0.0
NPSNY,NASPERS LTD            FUNSPONSORED ADR         1 ADR REPS       ORD SHS,Emerging Large Growth,0.0
NRDBY,Nordea Bank Abp ADR,US Large Value,0.0
NRGX,PIMCO ENRG TCTCL CRT OPP,US Small Growth,0.0
NRZ,New Residential Investment Corp,US Real Estate,0.0
BLCN,Siren Nasdaq NexGen Economy ETF,US Large Blend,0.0068
NSBRX,Nuveen Santa Barbara Dividend Growth I,US Large Blend,0.0072
NSC,Norfolk Southern Corp,US Large Blend,0.0
NSRGF,Nestle SA,Intl Large Blend,0.0
NSRGY,"Nestle SA ADR(USD,NSRGY)",Intl Large Blend,0.0
NSVAX,Columbia Small Cap Value II Inst,US Small Value,0.0102
AMSWA,American Software Inc Class A,US Small Blend,0.0
NTES,NetEase Inc ADR,Emerging Large Growth,0.0
NTP,"Nam Tai Property Inc(USD,NTP)",Intl Small Value,0.0
NTR,"Nutrien Ltd(USD,NTR)",Intl Large Blend,0.0
NTRS,NORTHERN TRUST CORP,US Large Blend,0.0
gbt,"Global Blood Therapeutics Inc(USD,GBT)",US Small Blend,0.0
NTTYY,"Nippon Telegraph & Telephone Corp ADR(USD,NTTYY)",Intl Large Value,0.0
NUE,Nucor Corp,US Large Blend,0.0
NUV,"Nuveen Municipal Value(USD,NUV)",Long-Term Inv. Grade,0.0061
nuva,"NuVasive Inc(USD,NUVA)",US Small Growth,0.0
NVDA,NVIDIA Corp,US Large Growth,0.0
NVO,Novo Nordisk A/S ADR,Intl Large Growth,0.0
AMT,American Tower Corp,US Real Estate,0.0
NVR,NVR Inc,US Mid Growth,0.0
nvro,"Nevro Corp(USD,NVRO)",US Small Growth,0.0
NVS,"Novartis AG ADR(USD,NVS)",Intl Large Blend,0.0
nvzmy,"Novozymes A/S ADR(USD,NVZMY)",Intl Large Growth,0.0
NWFFX,"American Funds New World F1(USD,NWFFX)",Emerging Large Growth,0.0101
NWKDX,Nationwide Geneva Small Cap Gr Instl Svc,US Mid Growth,0.01
NWL,Newell Brands Inc,US Mid Value,0.0
NWSA,News Corp A,US Mid Blend,0.0
NX,Quanex Building Products Corp,US Small Blend,0.0
NXPI,"NXP Semiconductors NV(USD,NXPI)",Intl Large Growth,0.0
AMYZF,American Manganese Inc,Intl Small Blend,0.0
NXQ,"Nuveen Select TaxFree Income 2(USD,NXQ)",Long-Term Inv. Grade,0.0032
NXTTF,"Namaste Technologies Inc(USD,NXTTF)",Intl Small Growth,0.0
PWV,Invesco Dynamic Large Cap Value ETF,US Large Value,0.0058
NYVTX,Davis NY Venture A,** 75 US Large Value / 20 Intl Large Value / 5 Emerging Large Value **,0.0091
O,Realty Income Corp,US Real Estate,0.0
OAAAX,"Oppenheimer Active Allc A(USD,OAAAX)",** .47 US Large Growth / .34 Intl Large Growth / .19 Int-Term Inv. Grade **,0.0119
OAK,Oaktree Capital Group LLC,US Mid Blend ,0.0
OAKBX,"Oakmark Equity And Income Investor(USD,OAKBX)",** 55 US Large Value / 5 Intl Large Value / 35 Int-Term Inv. Grade / 5 Cash **,0.0084
OAKGX,"Oakmark Global Investor(USD,OAKGX)",** .5 US Large Value / .5 Intl Large Value,0.0115
OAKIX,Oakmark International I,Intl Large Blend,0.01
OAKLX,Oakmark Select I,** .88 US Large Blend / .12 Intl Large Blend,0.0096
AMZA,InfraCap MLP ETF,MLP,0.0193
OAKMX,Oakmark I,US Large Blend,0.0089
MBDFX,AMG GW&K Core Bond ESG I,Int-Term Inv. Grade,0.0056
OAKWX,Oakmark Global Select I,** 55 US Large Value / 45 Intl Large Value **,0.0112
OANEX,OAKMARK INTL SMALL CAP  FUND INST,Intl Mid Value,0.0117
OANIX,Oakmark International Institutional,Intl Large Blend,0.0078
OAYEX,OAKMARK INTL SMALL CAP FUND ADV,Intl Mid Blend,0.0121
OAYMX,OAKMARK FUND ADV,US Large Blend,0.0072
OCN,Ocwen Financial Corp,US Small Value,0.0
ODVCX,OPPENHEIMER DEVELOPING MARKETS C,Emerging Large Growth,0.0207
ODVIX,"Oppenheimer Developing Markets I(USD,ODVIX)",Emerging Large Growth,0.0086
ODVYX,Oppenheimer Developing Markets Y,Emerging Large Growth,0.0107
AMZN,Amazon.com Inc,US Large Growth,0.0
IDRSF,Idorsia Ltd,Intl Mid Growth,0.0
OEIAX,JPMorgan International Research Enh Eq A,Intl Large Value,0.006
OGE,"OGE Energy Corp(USD,OGE)",US Mid Value,0.0
OGIYX,Oppenheimer Global Opportunities Fund Cl Y,** 50 US Mid Growth / 50 Intl Mid Growth **,0.0092
OGLYX,Oppenheimer Global Y,** Large Growth (48% US 52% Intl) **,0.0089
OGZPY,"Gazprom PJSC ADR(USD,OGZPY)",Intl Large Value,0.0
OHYAX,JPMorgan High Yield A,High Yield,0.01
OHYFX,"JPMorgan High Yield I(USD,OHYFX)",High Yield,0.0075
OI,Owens-Illinois Inc,US Mid Blend,0.0
OIGAX,"Oppenheimer International Growth A(USD,OIGAX)",Intl Large Value,0.011
OIGIX,Oppenheimer International Growth I,Intl Large Growth,0.0069
ITM,VanEck Intermediate Muni ETF,Int-Term Inv. Grade,0.0024
AN,AUTONATION INC,US Small Value,0.0
OIGYX,Oppenheimer International Growth Y,Intl Large Growth,0.0085
OKE,ONEOK Inc,US Large Value,0.0
OKTA,Okta Inc A,US Mid Growth,0.0
OLCYX,Oppenheimer Rochester® Ltd Term CA MuniY,High Yield,0.0057
OLED,Universal Display Corp,US Mid Growth,0.0
OMC,Omnicom Group Inc,US Mid Value,0.0
OMI,Owens & Minor Inc,US Small Value,0.0
ON,ON Semiconductor Corp,US Mid Growth,0.0
ONIAX,JPMorgan Core Plus Bond Fund Class A,Int-Term Inv. Grade,0.0074
ICBMX,ICON Natural Resources and Infras Instl,Commodities,0.0128
OOSAX,"Oppenheimer Senior Floating Rate A(USD,OOSAX)",Bank Loans,0.0108
anab,"AnaptysBio Inc(USD,ANAB)",US Small Growth,0.0
OOSYX,Oppenheimer Senior Floating Rate Y,Bank Loans,0.0072
OPCXX,JPMorgan Liquid Assets Money Market C,Cash/Money Market,0.0
ORAN,ORANGE F SPONSORED ADR 1 ADR REPS 1 ORD SHS,Intl Large Blend,0.0
ORCL,Oracle Corp,US Large Growth,0.0
ORI,"Old Republic International Corp(USD,ORI)",US Mid Value,0.0
orly,"O'Reilly Automotive Inc(USD,ORLY)",US Large Growth,0.0
OSMAX,Oppenheimer International Small-Mid Company Fund Class A,Intl Mid Growth,0.0138
OSMYX,Invesco International Small-Mid Com Y,Intl Mid Growth,0.0107
MLKN,MillerKnoll Inc,US Small Value,0.0
OTSKY,OTSUKA HLDGS CO LTD F SPONSORED ADR 1 ADR REPS 0.5 ORD SHS,Intl Large Blend,0.0
OUSA,O'Shares FTSE US Quality Dividend ETF,US Large Value,0.0048
ANAYX,AB GLOBAL BOND FUND- ADV(1),World Bond,0.0058
OUSM,O'Shares FTSE Russell Sm Cp Qual Div,US Mid Blend,0.0048
OXY,Occidental Petroleum Corp,US Large Blend,0.0
PAA,Plains All American Pipeline LP,US Mid Value,0.0
PAAIX,PIMCO VIT ALL ASST,** 53 Short-Term Inv. Grade / 47 Cash **,0.0131
PAEMX,"PIMCO Emerging Markets Bond A(USD,PAEMX)",Emerging Market Debt,0.0121
PANW,Palo Alto Networks Inc,US Large Growth,0.0
PARMX,PARNASSUS MID CAP FUND,US Mid Blend,0.0099
PASAX,PIMCO All Asset A,**20% US Large Value 20% Intl Large Value 60% Int-Term Inv. Grade**,0.0138
PASDX,PIMCO All Asset Class D,** .09 US Large Value / .29 Intl Large Value / .62 Int-Term Inv. Grade **,0.0132
ANCFX,American Funds Fundamental Invs A,US Large Blend,0.006
PASVX,T. Rowe Price Small-Cap Value Adv,US Small Blend,0.011
PAYC,PAYCOM SOFTWARE INC,US Mid Growth,0.0
PAYX,Paychex Inc,US Large Growth,0.0
PBA,"Pembina Pipeline Corp(USD,PBA)",US Large Growth,0.0
PBCT,"People's United Financial Inc(USD,PBCT)",US Mid Value,0.0
pbyi,"Puma Biotechnology Inc(USD,PBYI)",US Small Blend,0.0
EVCGX,Eaton Vance Greater China Growth Fund,Emerging Large Growth,0.000143
PCAR,PACCAR Inc,US Large Blend,0.0
PCBIX,"Principal MidCap Institutional(USD,PCBIX)",US Mid Growth,0.0068
PCG,"PG&E Corp(USD,PCG)",US Large Value,0.0
PCK,PIMCO CA Municipal Income II,Municipal Bond,0.0149
ANDX,Andeavor Logistics LP,US Mid Value,0.0
PCN,PIMCO Corporate & Income Strategy,High Yield,0.0117
PCRAX,"PIMCO Commodity Real Ret Strat A(USD,PCRAX)",Commodities,0.0119
PCRIX,PIMCO Commodity Real Ret Strat Instl,Commodities,0.0124
PDBC,"Invesco Optm Yd Dvrs Cdty Stra No K1 ETF(USD,PDBC)",Commodities,0.0059
PDBZX,PGIM Total Return Bond Z,Int-Term Inv. Grade,0.0051
GAAEX,Guinness Atkinson Alternative Energy,** 50 US Mid Blend / 40 Intl Mid Blend / 10 Emerging Mid Blend **,0.0198
pdrdy,"Pernod Ricard SA ADR(USD,PDRDY)",Intl Large Growth,0.0
PDVYX,Putnam Diversified Income Y,High Yield,0.0075
PEG,"Public Service Enterprise Group Inc(USD,PEG)",US Large Value,0.0
PEGZX,"PGIM Jennison Mid-Cap Growth Z(USD,PEGZX)",US Mid Growth,0.0076
PENNX,Royce Pennsylvania Mutual Invmt,**.87 US Small Blend / .13 Intl Small Blend **,0.0093
ANET,Arista Networks Inc,US Large Growth,0.0
PEO,Adam Natural Resource Fund,Commodities,0.0078
PEP,PepsiCo Inc,US Large Value,0.0
PEQSX,"Putnam Equity Income R6(USD,PEQSX)",US Large Value,0.0055
PEY,"PowerShares High Yld Eq Div Achiev™ ETF(USD,PEY)",US Large Value,0.0054
GCC,"WisdomTree Continuous Commodity ETF(USD,GCC)",Commodities,0.0075
PEYAX,"Putnam Equity Income A(USD,PEYAX)",US Large Value,0.0091
PFE,Pfizer Inc,US Large Value,0.0
PFF,iShares U.S. Preferred Stock ETF,Preferred Stock,0.0045
PFFD,Global X US Preferred ETF,Preferred Stock,0.0023
PFFVF,"Pfeiffer Vacuum Technology AG(USD,PFFVF)",Intl Large Growth,0.0
PFG,Principal Financial Group Inc,US Mid Value,0.0
ANGIX,Angel Oak Multi-Strategy Income Instl,** 70 High Yield / 20 Int-Term Inv. Grade / 10 Cash **,0.0104
PFNX,"Pfenex Inc(USD,PFNX)",US Small Value,0.0
PFUPX,PIMCO INTL BOND UNHEDGED I2,World Bond,0.0069
PG,Procter & Gamble Co,US Large Value,0.0
PGLOX,T. Rowe Price Global Consumer,** 65 US Large Growth / 33 Intl Large Growth / 2 Cash **,0.0105
PGAS,"Petrogress Inc(USD,PGAS)",US Micro,0.0
PGF,PowerShares Financial Preferred ETF,Preferred Stock,0.0063
PGHEF,"Pengrowth Energy Corp(USD,PGHEF)",Intl Large Blend,0.0
PGHY,PowerShares Global Short Term High Yield Bond Portfolio,High Yield,0.0035
PGR,PROGRESSIVE CORP,US Large Blend,0.0
PGTI,PGT Innovations Inc,US Small Growth,0.0
PGX,"Invesco Preferred ETF(USD,PGX)",Preferred Stock,0.0051
ANGLX,Angel Oak Multi-Strategy Income A,High Yield,0.0137
PH,Parker Hannifin Corp,US Large Blend,0.0
PHB,"Invesco Fundamental Hi Yld® Corp Bd ETF(USD,PHB)",High Yield,0.005
SATL,Satellogic Inc,US Micro,0.0
PHBLX,"Virtus Strategic Allocation A(USD,PHBLX)",** .43 US Large Growth / .18 Intl Large Growth / .39 Int-Term Inv. Grade **,0.0115
PHG,Royal Philips NV ADR,Intl Large Blend,0.0
PHIYX,PIMCO High Yield Instl,High Yield,0.0055
PHM,"PulteGroup Inc(USD,PHM)",US Mid Blend,0.0
PHO,Water Resource Portfolio,US Mid Growth,0.0062
PHOT,"GrowLife Inc(USD,PHOT)",US Micro,0.0
PHYAX,"PIMCO High Yield Admin(USD,PHYAX)",High Yield,0.008
PHYZX,PGIM High Yield Z,High Yield,0.0051
ANIK,Anika Therapeutics Inc,US Small Growth,0.0
PICK,iShares MSCI Global Metals & Mining Producers ETF,** 60 Intl Large Value / 20 Emerging Large Value / 20 US Large Value **,0.0039
FVGCF,"Fire River Gold Corp.(USD,FVGCF)",US Micro,0.0
BGSAX,BlackRock Technology Opportunities Inv A,** 80 US Large Growth / 20 Intl Large Growth **,0.0117
PICYX,Pioneer Bond Y,Int-Term Inv. Grade,0.0047
PIFZX,PGIM Short-Term Corporate bond Z,Short-Term Inv. Grade,0.0052
PII,Polaris Industries Inc,US Mid Blend,0.0
PIMIX,PIMCO Income Instl,Int-Term Inv. Grade,0.005
PIO,"Invesco Global Water ETF(USD,PIO)",** 55 US Mid Blend / 45 Intl Mid Blend **,0.0075
PIPAX,"PIMCO StocksPLUS® Intl (USD-Hedged) A(USD,PIPAX)",Intl Large Blend,0.0112
PJC,"Piper Jaffray Cos(USD,PJC)",US Small Value,0.0
PJDZX,Prudential Jennison Rising Dividend Z,US Large Blend,0.0099
PJT,"PJT Partners Inc A(USD,PJT)",US Small Growth,0.0
ANS,Antalis,Intl Small Value,0.0
SWPXX,  Schwab S&P 500 Index Fund,US Large Blend,0.0002
PK,Park Hotels & Resorts Inc,US Real Estate,0.0
PKD,Parker Drilling Co,US Small Value,0.0
PKG,Packaging Corp of America,US Mid Blend,0.0
PKI,"PerkinElmer Inc(USD,PKI)",US Mid Blend,0.0
PLDAX,"PIMCO Low Duration Admin(USD,PLDAX)",Short-Term Inv. Grade,0.0071
PLPL,"Plandai Biotechnology Inc(USD,PLPL)",US Micro,0.0
PM,Philip Morris International Inc,US Large Blend,0.0
PMT,PennyMac Mortgage Investment Trust,US Small Value,0.0
PMTIX,"Principal LifeTime 2030 Institutional(USD,PMTIX)",** .5 US Large Blend / .25 Intl Large Blend / .25 High Yield **,0.0072
PMYYX,Putnam Multi-Cap Core Y,** Large Blend (90% US 5% Intl) / 5% Cash **,0.0078
FSRFX,Fidelity® Select Transportation,US Mid Blend,0.0077
ANSS,Ansys Inc,US Mid Growth,0.0
PNC,PNC Financial Services Group Inc,US Large Value,0.0
PNM,"PNM Resources Inc(USD,PNM)",US Small Value,0.0
pnr,"Pentair PLC(USD,PNR)",Intl Mid Value,0.0
POL,POLYONE CORP,US Small Value,0.0
PONAX,"PIMCO Income A(USD,PONAX)",Int-Term Inv. Grade,0.0114
PONCX,"PIMCO Income C(USD,PONCX)",High Yield,0.0187
PONDX,PIMCO Income D,High Yield,0.009
PONPX,PIMCO Income P,Int-Term Inv. Grade,0.006
POSIX,Principal Global Real Estate Sec Instl,** 50% US Real Estate / 50% Intl Real Estate **,0.0094
ETGLX,Eventide Gilead N,US Mid Growth,0.0131
POSKX,PRIMECAP Odyssey Stock,US Mid Blend,0.0067
ANTM,Anthem Inc,US Large Blend,0.0
POVBX,PTNM VIT INTL EQ IB,Intl Large Blend,0.0111
PPC,Pilgrims Pride Corp,US Mid Value,0.0
PPG,PPG Industries Inc,US Large Blend,0.0
PPL,"PPL Corp(USD,PPL)",US Large Value,0.0
PPLT,"Aberdeen Standard Phys Platinum Shrs ETF(USD,PPLT)",Commodities,0.006
PPR,"Voya Prime Rate Trust(USD,PPR)",Bank Loans,0.0231
PQTAX,PIMCO TRENDS Managed Futures Strat A,Managed Futures,0.0155
PQTDX,PIMCO TRENDS Managed Futures Strat D,Managed Futures,0.0155
BFIFX,American Funds Inflation Linked Bd F1,Int-Term Treasury,0.0067
PRAA,PRA GROUP INC,US Small Blend,0.0
PRASX,T. Rowe Price New Asia,Intl Large Growth,0.0093
ANWFX,American Finds New Perspective F2,** .47 US Large Growth / .53 Intl Large Growth **,0.0055
PRBLX,Parnassus Core Equity Investor,US Large Blend,0.0082
PRDGX,T. Rowe Price Dividend Growth,US Large Blend,0.0064
PREIX,"T. Rowe Price Equity Index 500(USD,PREIX)",US Large Blend,0.0023
PRF,FTSE RAFI US 1000 Portfolio,US Large Value,0.0039
PRFDX,"T. Rowe Price Equity Income(USD,PRFDX)",US Large Blend,0.0065
PRFHX,"T. Rowe Price Tax-Free High Yield(USD,PRFHX)",High Yield,0.0071
PRFT,"Perficient Inc(USD,PRFT)",US Small Blend,0.0
FXCNF,FIH Mobile Ltd,Intl Mid Value,0.0
PRFZ,Invesco FTSE RAFI US 1500 Small-Mid ETF,US Small Blend,0.0039
PRGFX,"T. Rowe Price Growth Stock(USD,PRGFX)",US Large Growth,0.0067
PRGSX,"T. Rowe Price Global Stock(USD,PRGSX)",** 60 US Large Growth / 25 Intl Large Growth / 15 Emerging Large Growth **,0.0078
ANWPX,American Funds New Perspective A,** 50 US Large Growth / 50 Intl Large Growth ** ,0.0072
PRGTX,"T. Rowe Price Global Technology(USD,PRGTX)",US Large Growth,0.0089
PRHIX,T. Rowe Price High Yield I,High Yield,0.0061
PRHSX,T. Rowe Price Health Sciences,US Large Growth,0.0077
PRILX,Parnassus Core Equity Institutional,US Large Blend,0.0066
PRJZX,PGIM Jennison Global Opportunities Fund - CL Z,** 45 US Large Growth / 55 Intl Large Growth **,0.0093
EFR,EV Senior Floating Rate,High Yield,0.0179
PRLAX,T. Rowe Price Latin America,Intl Large Growth,0.0129
PRLB,PROTO LABS INC,US Small Growth,0.0
PRMTX,T. Rowe Price Comm & Tech Investor,US Large Blend,0.0078
PRNHX,"T. Rowe Price New Horizons(USD,PRNHX)",US Mid Growth,0.0078
PRRIX,"PIMCO Real Return Instl(USD,PRRIX)",Inflation Protected,0.0047
AOA,"iShares Core Aggressive Allocation ETF(USD,AOA)",**.45 US Large Blend .35 Intl Large Blend .2 Int-Term Inv. Grade **,0.0
PRSGX,"T. Rowe Price Spectrum Growth(USD,PRSGX)",US Large Growth,0.0078
PRSMX,T. Rowe Price Summit Municipal Intm Inv,Int-Term Inv. Grade,0.005
PRSP,PERSPECTA INC,US Mid Value,0.0
PRU,Prudential Financial Inc,US Large Value,0.0
BLNK,Blink Charging Co,US Small Growth,0.0
PRUFX,T. Rowe Price Growth Stock I,US Large Growth,0.0052
PRWAX,"T. Rowe Price New America Growth(USD,PRWAX)",US Large Growth,0.0079
PRWBX,"T. Rowe Price Short-Term Bond(USD,PRWBX)",Short-Term Inv. Grade,0.0047
PRWCX,"T. Rowe Price Capital Appreciation(USD,PRWCX)",** 65 US Large Growth / 35 High Yield **,0.0071
prxix,"T. Rowe Price Emerging Markets Bond I(USD,PRXIX)",Emerging Market Debt,0.0079
PRZIX,"T. Rowe Price Emerging Markets Stock I(USD,PRZIX)",** .28 Intl Large Growth / .72 Emerging Large Growth **,0.0107
AOGIX,American Century One Choice Agrsv Inv,** 52% US Large Growth 26% Intl Large Growth 22% High Yield **,0.0099
PSA,Public Storage,US Real Estate,0.0
PSB,PS Business Park Inc,US Small Growth,0.0
PSK,SPDR Wells Fargo Preferred Stock ETF,Preferred Stock,0.0045
GCI,"Gannett Co Inc(USD,GCI)",US Small Value,0.0
PSMT,Pricesmart Inc,US Small Value,0.0
PSO,"Pearson PLC ADR(USD,PSO)",Intl Mid Blend,0.0
PSP,"Invesco Global Listed Private Equity ETF(USD,PSP)",Non-Traditional,0.0106
PSX,Phillips 66,US Large Value,0.0
PTEN,Patterson-UTI Energy Inc,US Mid Value,0.0
PTLDX,PIMCO Low Duration Instl,Short-Term Inv. Grade,0.0046
PTSGX,Touchstone Sands Capital Select Growth Z,** .89 US Large Growth / .11 Intl Large Growth **,0.0122
AON,Aon PLC,US Large Blend,0.0
ptshx,"PIMCO Short-Term Instl(USD,PTSHX)",Short-Term Inv. Grade,0.0045
PTTAX,PIMCO Total Return A,Int-Term Inv. Grade,0.008
LISMF,Lithium South Development Corp,Intl Small Blend,0.0
pttrx,"PIMCO Total Return Instl(USD,PTTRX)",Int-Term Inv. Grade,0.0046
PTY,PIMCO Corporate & Income Opps,Int-Term Inv. Grade,0.0108
PUK,Prudential PLC ADR,US Large Value,0.0
PURZX,PGIM Global Real Estate Z,** 55% US Real estate / 45% Intl Real Estate **,0.0097
PVSCX,Putnam Capital Spectrum C,** 90% US Mid Blend 10% Cash **,0.017
PWDIX,"Power Dividend Index I(USD,PWDIX)",US Large Value,0.012
PWZ,Invesco California AMT-Free Muni Bd ETF,Long-Term Inv. Grade,0.0028
AOS,A.O. Smith Corp,US Mid Growth,0.0
PX,Praxair Inc,US Large Blend,0.0
EGLRX,abrdn International Rl Estt Eq Instl,Intl Real Estate,0.0137
PXD,Pioneer Natural Resources Co,US Large Growth,0.0
PXF,Invesco FTSE RAFI Dev Mkts ex-US ETF,Intl Large Value,0.0045
PYEIX,Payden Emerging Markets Bond SI,High Yield,0.0069
PYEMX,"Payden Emerging Markets Bond(USD,PYEMX)",Emerging Market Debt,0.0075
PYEWX,Payden Emerging Markets Bond Adviser,Emerging Market Debt,0.01
PYPL,PayPal Holdings Inc,US Large Growth,0.0
PZA,PowerShares National AMT-Free MuniBd ETF,Long-Term Inv. Grade,0.0028
QCERX,AQR Large Cap Multi-Style R6,US Large Blend,0.0035
QCOM,Qualcomm Inc,US Large Blend,0.0
APA,Apache Corp,US Mid Blend,0.0
DBAW,Xtrackers MSCI All World exUS Hdg Eq ETF,Intl Large Blend,0.004
QECRX,AQR Emerging Multi-Style R6,Emerging Large Value,0.0065
QIACX,Federated MDT All Cap Core Instl,US Large Blend,0.0109
QICRX,AQR International Multi-Style R6,Intl Large Blend,0.005
QISCX,Federated MDT Small Cap Core Instl,US Small Growth,0.0089
QLD,Ultra QQQ,US Large Growth,0.0095
QLENX,AQR Long-Short Equity,Other,0.0237
QMHNX,AQR Managed Futures Strategy HV N,Managed Futures,0.0193
QMNIX,"AQR Equity Market Neutral I(USD,QMNIX)",Liquid Hedge Fund,0.02
QQQ,Invesco QQQ Trust,US Large Growth,0.002
QUAL,iShares Edge MSCI USA Quality Factor ETF,US Large Blend,0.0015
BCSVX,Brown Capital Mgmt Intl Sm Co Inv,** 5 US Mid Blend / 93 Intl Mid Blend / 2 Cash **,0.0133
APC,Anadarko Petroleum Corp,US Large Blend,0.0
race,"Ferrari NV(USD,RACE)",US Large Growth,0.0
RAFGX,American Funds AMCAP R6,US Large Growth,0.0036
RBA,RITCHIE BROS AUCTION   F,Intl Mid Growth,0.0
RBAIX,"T. Rowe Price Balanced I(USD,RBAIX)",** .38 US Large Blend / .23 Intl Large Blend / .39 Int-Term Inv. Grade **,0.0046
RBGLY,RECKITT BENCKISE GP F SPONSORED ADR 1 ADR REPS 0.2 ORD SHS,Intl Large Growth,0.0
RCI,Rogers Communications Inc Class B,US Large Blend,0.0
RDEIY,Red Electrica Corporacion SA ADR,US Mid Value,0.0
RDS.A,"Royal Dutch Shell PLC ADR Class A(USD,RDS.A)",Intl Large Value,0.0
RDS.B,Royal Dutch Shell PLC ADR Class B,Intl Large Value,0.0
WMCVX,Wasatch Small Cap Value,US Small Value,0.0116
RDSA,ROYAL DUTCH SHELL F SPONSORED ADR 1 ADR REPS 2 ORD SHS,Intl Large Value,0.0
APD,Air Products & Chemicals Inc,US Large Blend,0.0
RDSMY,ROYAL DSM N V F SPONSORED ADR 1 ADR REP 0.25 ORD SHS,Intl Large Blend,0.0012
RE,EVEREST RE GROUP LTD,US Mid Value,0.0
REDG,"Red Giant Entertainment Inc(USD,REDG)",US Micro,0.0
REGI,"Renewable Energy Group Inc(USD,REGI)",US Small Blend,0.0
regn,"Regeneron Pharmaceuticals Inc(USD,REGN)",US Large Growth,0.0
REIPX,T. Rowe Price Equity Income I,US Large Value,0.0055
RELX,RELX PLC ADR,US Large Growth,0.0
REM,"iShares Mortgage Real Estate Capped ETF(USD,REM)",US Real Estate,0.0048
PBPNX,PIMCO RealPath Blend 2030 Institutional,** 38 US Large Blend / 24 Intl Large Blend / 38 Short-Term Inv. Grade **,0.0024
RERFX,"American Funds Europacific Growth R5(USD,RERFX)",Intl Large Growth,0.0053
RERGX,American Funds Europacific Growth R6,** 80 Intl Large Growth / 20 Emerging Large Growth **,0.0047
APDIX,Artisan International Advisor,** 13 US Large Blend / 82 Intl Large Blend / 5 Emerging Large Blend **,0.0104
REXR,Rexford Industrial Realty Inc,US Real Estate,0.0
RF,Regions Financial Corp,US Large Blend,0.0
RFG,S&P Midcap 400 Pure Growth,US Mid Growth,0.0035
RGAGX,American Funds Growth Fund of Amer R6,** 85 US Large Growth / 15 Intl Large Growth **,0.0033
RGLD,Royal Gold Inc,Commodities,0.0
RHHBY,"Roche Holding AG ADR(USD,RHHBY)",Intl Large Blend,0.0
RIO,Rio Tinto PLC ADR,Intl Large Blend,0.0
PMJIX,PIMCO RAE US Small Instl,US Small Value,0.005
RLI,RLI Corp,US Small Blend,0.0
RMAX,RE/MAX Holdings Inc Class A,US Small Growth,0.0
RMR,The RMR Group Inc Class A,US Small Growth,0.0
APDKX,ARTISAN INTL VALUE FUND ADV,** 15 US Large Blend / 85 Intl Large Blend **,0.011
RNPGX,American Funds New Perspective R6,US Small Blend,0.0045
RNWEX,"American Funds New World R4(USD,RNWEX)",Emerging Large Growth,0.0098
ROGSX,"Red Oak Technology Select(USD,ROGSX)",US Large Growth,0.0096
ROIC,RETAIL OPPORTUNITY I    REIT,US Real Estate,0.0
ROK,Rockwell Automation Inc,US Large Blend,0.0
ROKU,ROKU INC CL A,US Mid Growth,0.0
PRRSX,PIMCO Real Estate Real Return Strategy I,US Real Estate,0.0074
ROL,ROLLINS INC,US Mid Growth,0.0
ROLL,RBC Bearings Inc,US Mid Blend,0.0
ROP,Roper Technologies Inc,US Large Growth,0.0
ROST,"Ross Stores Inc(USD,ROST)",US Large Growth,0.0
APDYX,Artisan Developing World Advisor,Emerging Large Growth,0.0121
RPIFX,"T. Rowe Price Instl Floating Rate(USD,RPIFX)",Bank Loans,0.0057
RPM,RPM International Inc,US Mid Value,0.0
RPMGX,"T. Rowe Price Mid-Cap Growth(USD,RPMGX)",US Mid Growth,0.0076
RPTIX,"T. Rowe Price Mid-Cap Growth I(USD,RPTIX)",US Mid Growth,0.0062
PAMSX,PIMCO Short Asset Investment M,** 72 Short-Term Inv. Grade / 28 Cash **,0.0034
RQI,Cohen & Steers Qty Inc Realty,US Real Estate,0.0
RRD,R.R.Donnelley & Sons Co,US Small Value,0.0
RSEGX,VICTORY RS SMALL CAP GROWTH FD CL A,US Mid Growth,0.0141
RSG,Republic Services Inc Class A,US Large Blend,0.0
RTIX,RTI Surgical Holdings Inc,US Small Growth,0.0
RTM,Invesco S&P 500® Equal Weight Matrls ETF,US Large Value,0.004
APF,"MS Asia Pacific(USD,APF)",Intl Large Growth,0.01
RTN,Raytheon Co,US Large Growth,0.0
RVT,Royce Value Trust,** .84 US Small Blend / .16 Intl Small Blend **,0.0062
RWMCX,"American Funds Washington Mutual R3(USD,RWMCX)",** .89 US Large Value / .11 Intl Large Value **,0.0095
EKSN,Erickson Inc Ordinary Shares,US Micro,0.0
RWO,"SPDR® Dow Jones Global Real Estate ETF(USD,RWO)",US Real Estate,0.005
RWR,SPDR® Dow Jones REIT ETF,US Mid Blend,0.0025
RWX,"SPDR® Dow Jones International RelEst ETF(USD,RWX)",Intl Real estate,0.0059
RXI,iShares Global Consumer Discretionary ETF,** .63 US Large Growth / .37 Intl Large Growth **,0.0048
RY,"Royal Bank of Canada(USD,RY)",US Large Blend,0.0
ryaay,"Ryanair Holdings PLC ADR(USD,RYAAY)",Intl Large Growth,0.0
RYF,"PowerShares S&P 500® Eql Wt Fincl ETF(USD,RYF)",US Large Value,0.004
APGAX,AB LARGE CAP GROWTH A,US Large Growth,0.01
RYKKY,Ryohin Keikaku Co Ltd ADR,US Mid Growth,0.0
RYOCX,Rydex NASDAQ-100 Inv,US Large Growth,0.0124
GCIIX,Goldman Sachs Intl Eq Insghts Instl,Intl Large Blend,0.0085
RYPRX,Royce Premier Invmt,** .85 US Mid Growth / .15 Intl Mid Growth **,0.0116
RYVPX,Royce Value Plus Svc,** .82 US Small Growth / .18 Intl Small Growth **,0.0149
S,"Sprint Corp(USD,S)",US Large Blend,0.0
SA,Seabridge Gold Inc,Intl Small Growth,0.0
SAAAX,SEI Institutional Managed Trust Multi-Asset Accumulation Fund Class F,** 70 Int-Term Inv. Grade / 30 Cash **,0.0117
SABPX,Principal SAM Balanced A,** 40% US Large Blend / 25% Intl Large Blend / 35% Short-Term Inv. Grade **,0.0131
SAFRY,Safran SA ADR,US Large Growth,0.0
SAM,"Boston Beer Co Inc Class A(USD,SAM)",US Small Growth,0.0
APGYX,AB LARGE CAP GRWTH FUND- ADV(1),US Large Growth,0.0075
SAMBX,"Virtus Seix Floating Rate High Inc I(USD,SAMBX)",Bank Loans,0.0062
LIBAX,Columbia Total Return Bond A,Int-Term Inv. Grade,0.0074
SAMFX,Vrtus Seix Total Return Bond I,Int-Term Inv. Grade,0.0047
SAN,"Banco Santander SA ADR(USD,SAN)",Intl Large Value,0.0
SAP,"SAP SE ADR(USD,SAP)",Intl Large Growth,0.0
SAUPX,Principal SAM Flexible Income A,** 20% US Large Blend / 10% Intl Large Blend / 70% High Yield **,0.0113
SAXPY,Sampo Oyj ADR,US Large Value,0.0
SBAC,SBA Communications Corp,US Large Growth,0.0
SBH,Sally Beauty Holdings Inc,US Small Value,0.0
SBI,"Western Asset Intermediate Mun(USD,SBI)",Int-Term Inv. Grade,0.0156
SBLYX,ClearBridge Large Cap Growth I,US Large Growth,0.0078
APH,Amphenol Corp Class A,US Large Blend,0.0
DFRAX,DWS Floating Rate A,Bank Loans,0.0107
SBRA,"Sabra Health Care REIT Inc(USD,SBRA)",US Real Estate,0.0
SBS,"Companhia De Saneamento Basico Do Estado De Sao Paulo ADR(USD,SBS)",Emerging Mid Value,0.0
SBSDX,QS S&P 500 Index D,US Large Blend,0.0039
SBUX,Starbucks Corp,US Large Blend,0.0
SCG,"SCANA Corp(USD,SCG)",US Mid Value,0.0
SCGLY,"Societe Generale SA ADR(USD,SCGLY)",Intl Large Value,0.0
SCHA,U.S. Small-Cap ETF,US Small Blend,0.0005
SCHB,U.S. Broad Market ETF,US Large Blend,0.0003
SCHC,International Small-Cap Equity ETF,Intl Small Blend,0.0011
SCHD,US Dividend Equity ETF,US Large Value,0.0007
FFRAX,Fidelity Advisor® Floating Rate Hi Inc A,Bank Loans,0.0098
APO,Apollo Global Management LLC Class A,US Mid Blend,0.0
SCHE,Emerging Markets Equity ETF,Emerging Large Blend,0.0013
SCHF,International Equity ETF,Intl Large Blend,0.0006
SCHG,U.S. Large-Cap Growth ETF,US Large Growth,0.0004
SCHH,U.S. REIT ETF,US Real Estate,0.0007
SCHK,"Schwab 1000 Index ETF(USD,SCHK)",US Large Blend,0.0005
SCHM,"Schwab US Mid-Cap ETF™(USD,SCHM)",US Mid Blend,0.0007
SCHO,"Schwab Short-Term US Treasury ETF™(USD,SCHO)",Short-Term Treasury,0.0006
SCHP,U.S. TIPS ETF,Inflation Protected,0.0005
SCHR,Intermediate-Term U.S. Treasury ETF,Int-Term Treasury,0.0006
ORNAX,Invesco Rochester® Municipal Opps A,High Yield,0.0077
SCHV,U.S. Large-Cap Value ETF,US Large Value,0.0004
APPF,AppFolio Inc A,US Small Growth,0.0
SCHW,Charles Schwab Corp,US Large Value,0.0
SCHX,U.S. Large-Cap ETF,US Large Blend,0.0003
SCHZ,U.S. Aggregate Bond ETF,Int-Term Inv. Grade,0.0004
SCL,Stepan Co,US Small Blend,0.0
SCRYX,AB SMALL CAP CORE PORTFOLIO ADV CL,US Small Blend,0.0092
SCVL,"Shoe Carnival Inc(USD,SCVL)",US Small Blend,0.0
SCZ,MSCI EAFE Small-Cap ETF,Intl Mid Blend,0.0039
SDGAX,"Deutsche Capital Growth A(USD,SDGAX)",US Large Growth,0.0096
WARAX,Allspring Absolute Return A,Intl Large Blend,0.0159
SDGIX,BNY Mellon Global Fixed Income - I,Int-Term Inv. Grade,0.0053
SDOG,Sector Dividend Dogs ETF,US Large Value,0.004
APPN,Appian Corp A,US Small Growth,0.0
SDRL,"Seadrill Ltd(USD,SDRL)",Intl Small Value,0.0
SDY,SPDR S&P Dividend ETF,US Mid Value,0.0035
SDYAX,SEI Institutional Managed Trust Dynamic Asset Allocation Fund Class F,US Large Blend,0.0075
SEEGX,"JPMorgan Large Cap Growth I(USD,SEEGX)",** 91 US Large Growth / 9 Cash **,0.0069
SEITX,SEI Institutional International Trust International Equity Fund Class F,Intl Large Growth,0.0115
SEP,"Spectra Energy Partners LP(USD,SEP)",US Large Value,0.0
SEQUX,Sequoia,** 70% US Large Growth / 30% Intl Large Growth **,0.0107
TWEAX,American Century Equity Income A,** 69 US Large Value / 18 Intl Large Value / 10 Int-Term Inv. Grade / 3 Cash **,0.0117
SFENX,"Schwab Fdmtl Emerg Mkts Lg Co Idx(USD,SFENX)",** 20 Intl Large Value / 80 Emerging Large Value **,0.0039
SFGIX,Seafarer Overseas Gr and Income Investor,Emerging Large Blend,0.0097
SFILX,Schwab Fdmtl Intl Sm Co Idx,Intl Small Value,0.0039
APRI,APRICUS BIOSCIENCES,Small Growth,0.0
SFIX,STITCH FIX INC          CLASS                  A,US Small Growth,0.0
SFLNX,"Schwab Fundamental US Large Company Idx(USD,SFLNX)",US Large Value,0.0025
SFM,Sprouts Farmers Market Inc,US Small Blend,0.0
SFNNX,"Schwab Fdmtl Intl Lg Co Idx(USD,SFNNX)",Intl Large Value,0.0025
SFSNX,"Schwab Fundamental US Small Company Idx(USD,SFSNX)",US Small Blend,0.0025
SFTBY,"SoftBank Group Corp ADR(USD,SFTBY)",Intl Large Growth,0.0
TOLLX,DWS RREEF Global Infrastructure A,** 54 US Large Blend / 46 Intl Large Blend **,0.0128
SGENX,First Eagle Global A,** 40 US Large Blend / 40 Intl Large Blend / 20 Cash **,0.0111
SGH,SMART Global Holdings Inc,Intl Small Growth,0.0
SGIIX,"First Eagle Global I(USD,SGIIX)",** 50 US Large Blend / 50 Intl Large Blend **,0.0086
SGOVX,First Eagle Overseas A,** 85 Intl Large Blend / 15 Cash **,0.0116
APTV,APTIV PLC              F,Intl Large Growth,0.0
SGRNX,Wells Fargo Growth Inst,US Large Growth,0.0075
SHCR,Schwab Intermediate-Term US Trs ETF,Int-Term Inv. Grade,0.0006
SHIYX,Western Asset Short Duration High Inc I,High Yield,0.0073
SHM,SPDR Barclays Short Term Municipal Bond ETF,Short-Term Inv. Grade,0.002
SHOP,Shopify Inc A,Intl Large Growth,0.0
SBBAX,Franklin Multi-Asset Conservative Gr A,** 35 US Large Blend / 13 Intl Large Blend / 47 Int-Term Inv. Grade / 5 Cash ** ,0.0119
SHPG,"Shire PLC ADR(USD,SHPG)",Intl Large Value,0.0
SHSAX,BlackRock Health Sciences Opps Inv A,** 90 US Large Blend / 10 Intl Large Blend **,0.0117
SHW,Sherwin-Williams Co,US Large Growth,0.0
SHY,1-3 Year Treasury Bond ETF,Short-Term Treasury,0.0015
SHYAX,SEI Institutional Managed Trust High Yield Bond Fund Class F,High Yield,0.009
APU,"AmeriGas Partners LP(USD,APU)",MLP,0.0
SHYG,0-5 Year High Yield Corporate Bond ETF,High Yield,0.003
SIEGY,"Siemens AG ADR(USD,SIEGY)",Intl Large Blend,0.0
GCICX,Goldman Sachs Intl Eq Insghts C,Intl Large Blend,0.0192
SIEMX,SEI Institutional International Trust Emerging Markets Equity Fund Class F,Intl Large Blend,0.0174
SIFAX,SEI Institutional Managed Trust Multi-Asset Inflation Managed Fund Class F,** 25 US Large Value / 75 High Yield **,0.009
SIGIX,Seafarer Overseas Gr and Income Instl,** 50 Intl Large Blend / 50 Emerging Large Blend **,0.0087
SIGVX,RidgeWorth US Gov Sec Ultra-Short Bd I,Short-Term Inv. Grade,0.0042
SIMTX,BERNSTEIN INTERNATIONAL PORTFOLIO(1),** .89 Intl Large Growth / .11 Emerging Large Growth **,0.0106
SINA,SINA Corp,Emerging Large Growth,0.0
SIOAX,SEI Institutional Managed Trust Multi-Asset Income Fund Class F,** 13 Cash / 13 US Large Growth / 74 High Yield **,0.008
SIRI,Sirius XM Holdings Inc,US Large Growth,0.0
AQMIX,"AQR Managed Futures Strategy I(USD,AQMIX)",Non-Traditional,0.0122
SITE,SiteOne Landscape Supply Inc,US Small Growth,0.0
GMCMX,Goldman Sachs Multi-Manager Alts C,** 27 US Large Growth / 20 Intl Large Growth / 12 Int-Term Inv. Grade / 41 Cash **,0.0289
SITEX,SEI Institutional International Trust Emerging Markets Debt Fund Class F,Emerging Market Debt,0.0136
SJI,"South Jersey Industries Inc(USD,SJI)",US Small Value,0.0
SJM,JM Smucker Co,US Mid Value,0.0
SJR,"Shaw Communications Inc Class B(USD,SJR)",US Mid Value,0.0
SKIRX,DWS Enhanced Commodity Strategy Inst,Commodities,0.0089
SKSRX,DWS Enhanced Commodity Strategy S,Commodities,0.0115
SKT,Tanger Factory Outlet Centers Inc,US Real Estate,0.0
SLAB,Silicon Laboratories Inc,US Small Growth,0.0
SLASX,Selected American Shares S,** .80 US Large Growth / .20 Intl Large Growth **,0.0097
AQMNX,AQR Managed Futures Strategy N,Non-Traditional,0.0149
GD,General Dynamics Corp,US Large Blend,0.0
SLB,Schlumberger Ltd,US Large Growth,0.0
SLCH,"spotlight Capital Holdings Inc(USD,SLCH)",US Micro,0.0
SLGAX,SEI Large Cap F (SIMT),US Large Value,0.0089
SLLAX,SEI Institutional Managed Trust Small Cap Fund Class F,US Small Growth,0.0114
SLM,SLM Corp,US Mid Blend,0.0
SLV,Silver Trust,Commodities,0.005
SLYG,SPDR S&P 600 Small Cap Growth ETF,US Small Growth,0.0015
SLYV,SPDR S&P 600 Small Cap Value ETF,US Small Value,0.0015
SMDV,ProShares Russell 2000 Dividend Growers ETF,US Small Value,0.004
SMFG,"Sumitomo Mitsui Financial Group Inc ADR(USD,SMFG)",Intl Large Value,0.0
ABRZX,Invesco Balanced-Risk Allocation A,** 21 US Mid Blend / 20 Intl Mid Blend / 59 Int-Term Inv. Grade **,0.0137
aqmrx,"AQR Managed Futures Strategy R6(USD,AQMRX)",Non-Traditional,0.0111
SMG,The Scotts Miracle Gro Co A,US Mid Value,0.0
SMGIX,Columbia Contrarian Core Instl,US Large Growth,0.0074
SMSAX,SEI Institutional Managed Trust Multi-Strategy Alternative Fund Class F,** 60 Cash / 20 US Large Growth / 20 Int-Term Inv. Grade **,0.0141
SMVLX,"Smead Value Investor(USD,SMVLX)",US Large Value,0.0123
SMVTX,VIRTUS CEREDEX MID CAP VALUE EQ I,US Mid Blend,0.0102
SNA,SNAP ON INC,US Mid Blend,0.0
SNAP,Snap Inc Class A,US Mid Growth,0.0
SNAXX,"Schwab Value Advantage Money Ultra(USD,SNAXX)",Cash/Money Market,0.0
SNCAX,BERNSTEIN CALIFORNIA MUNICIPAL PORTFOLIO(1),Short-Term Inv. Grade,0.0055
JHAAX,JHancock Multi-Asset Absolute Return A,US Large Blend,0.0158
SNE,"Sony Corp ADR(USD,SNE)",Intl Large Value,0.0
ARCB,"ArcBest Corp(USD,ARCB)",US Small Blend,0.0
SNEMX,BERNSTEIN EMERGING MARKETS PORTFOLIO(1),Emerging Large Blend,0.0129
SNIDX,BERNSTEIN INTERMEDIATE DURATION PORTFOLIO(1),** .87 Int-Term Inv. Grade / .13 Cash/Money Market **,0.0057
SNIVX,BERNSTEIN TAX-MANAGED INTERNATIONAL PORTFOLIO(1),** .90 Intl Large Blend / .10 Emerging Large Blend **,0.0101
SNN,SMITH & NEPHEW GROUP P F SPONSORED ADR 1 ADR REPS 2 ORD SHS,Intl Large Blend,0.0
SNOXX,Schwab Treasury Oblig Money Inv,Cash/Money Market,0.0
SNP,"China Petroleum & Chemical Corp ADR(USD,SNP)",Emerging Large Value,0.0
SNSXX,"Schwab US Treasury Money Investor(USD,SNSXX)",Cash/Money Market,0.0
SNXFX,Schwab 1000 Index,US Large Blend,0.0005
MAGWX,MFS Growth Allocation A,** 56 US Large Growth / 23 Intl Large Growth / 21 Int-Term Inv. Grade **,0.0096
SNY,"Sanofi SA ADR(USD,SNY)",Intl Large Value,0.0
SO,"Southern Co(USD,SO)",US Large Value,0.0
ARCC,Ares Capital Corp,US Mid Value,0.0
SOCL,Global X Social Media ETF,** 50 US Large Growth 50 Intl Large Growth **,0.0065
SOMLY,SECOM LTD F SPONSORED ADR 1 ADR REP 0.25 ORD SHS,Intl Large Blend,0.0
SON,"Sonoco Products Co(USD,SON)",US Mid Value,0.0
SONVY,Sonova Holding AG ADR,US Large Growth,0.0
SOR,"Source Capital Inc(USD,SOR)",** .5 US Large Blend .1 Intl Large Blend .4 Int-Term Inv. Grade **,0.0091
SOUHY,"South32 Ltd ADR(USD,SOUHY)",Intl Large Value,0.0
SOXX,iShares Semiconductor ETF,** 85 US Large Blend / 15 Intl Large Blend **,0.0035
AXON,Axon Enterprise Inc,US Mid Growth,0.0
SP,SP Plus Corp,US Small Blend,0.0
SPAXX,"Fidelity® Government MMkt(USD,SPAXX)",Cash/Money Market,0.0
SPB,SPECTRUM BRANDS HLDG,US Small Value,0.0
ARCH,Arch Coal Inc,US Small Value,0.0
SPDC,Speed Commerce Inc,US Small Growth,0.0
SPEmerging,,Emerging Large Blend,0.0011
SPG,"Simon Property Group Inc(USD,SPG)",US Real Estate,0.0
SPGI,S&P GLOBAL INC,US Large Growth,0.0
SPHS,"Sophiris Bio Inc(USD,SPHS)",Intl Small Blend,0.0
SPIB,"SPDR® Portfolio Interm Term Corp Bd ETF(USD,SPIB)",Int-Term Inv. Grade,0.0007
RMTI,Rockwell Medical Inc,US Small Value,0.0
SPLV,"PowerShares S&P 500 Low Volatility ETF(USD,SPLV)",US Large Blend,0.0025
SPOT,"Spotify Technology SA(USD,SPOT)",Intl Large Growth,0.0
SPR,Spirit AeroSystems Holdings Inc,US Mid Value,0.0
SPSB,SPDR SHORT TERM         CORPORATE BND ETF,Short-Term Inv. Grade,0.0007
ARES,Ares Management ,US Small Blend,0.0
SPSM,SPDR® Portfolio Small Cap ETF,US Small Blend,0.0005
SPTL,"SPDR® Portfolio Long Term Treasury ETF(USD,SPTL)",Long-Term Treasury,0.0006
SPTS,SPDR SHORT TERM TREASURYETF,Short-Term Treasury,0.0006
SPY,"SPDR® S&P 500 ETF(USD,SPY)",US Large Blend,0.00095
SPYD,"SPDR® Portfolio S&P 500 High Div ETF(USD,SPYD)",US Large Value,0.0007
AGTI,Agiliti Inc Ordinary Shares,US Small Growth,0.0
SPYG,SPDR Portfoli S&P 500 Growth ETF,US Large Growth,0.0004
SQM,Sociedad Quimica Y Minera De Chile SA ADR,Emerging Large Growth,0.0
SRE,Sempra Energy,US Large Blend,0.0
SSHFX,"Sound Shore Investor(USD,SSHFX)",** 88 US Mid Value / 8 Intl Mid Value / 4 Cash **,0.0093
ARNA,"Arena Pharmaceuticals Inc(USD,ARNA)",US Small Growth,0.0
SSIFX,"Sextant International(USD,SSIFX)",Intl Large Growth,0.0104
SSMLX,State Street Small/Mid Cap Equity Idx I,US Mid Growth,0.0025
ssmxy,"Sysmex Corp ADR(USD,SSMXY)",Intl Large Growth,0.0
SSREY,Swiss Re AG ADR,Intl Large Value,0.0
OPK,OPKO Health Inc,US Small Blend,0.0
SSW,"Seaspan Corp(USD,SSW)",Emerging Mid Value,0.0
ST,SENSATA TECH           F,Intl Mid Growth,0.0
STAG,Stag Industrial Inc,US Real Estate,0.0
ste,"STERIS PLC(USD,STE)",US Mid Growth,0.0
STHTX,"Virtus Seix High Income I(USD,STHTX)",High Yield,0.0081
STI,"SunTrust Banks Inc(USD,STI)",US Large Blend,0.0
ARNC,Arconic Inc,US Mid Blend,0.0
STIGX,Virtus Seix Core Bond I,Int-Term Inv. Grade,0.0051
STIP,"iShares 0-5 Year TIPS Bond ETF(USD,STIP)",Inflation Protected,0.0006
STK,Columbia Seligman Premium Tech Growth Fund ,** .9 US Large Growth / .1 Intl Large Growth **,0.0116
MNTV,Momentive Global Inc,US Small Blend,0.0
STLD,Steel Dynamics Inc,US Mid Value,0.0
STLDX,"BlackRock LifePath® Dyn 2030 Instl(USD,STLDX)",** .33 US Large Blend / .33 Intl Large Blend / .34 Int-Term Inv. Grade **,0.0094
STMP,Stamps.com Inc,US Small Blend,0.0
STMSX,SEI Tax-Managed Small/Mid Cap F (SIMT),US Mid Growth,0.0111
STT,State Street Corporation,US Large Blend,0.0
STWD,Starwood Property Trust Inc,US Real Estate,0.0
STX,Seagate Technology PLC,Intl Large Blend,0.0
ARRRF,Ardea Resources Ltd,Intl Small Growth,0.0
STZ,Constellation Brands Inc A,US Large Growth,0.0
YEXT,Yext Inc,US Small Blend,0.0
su,"Suncor Energy Inc(USD,SU)",Intl Large Blend,0.0
SUFAX,SEI Institutional Managed Trust U.S. Fixed Income Fund Class F,Int-Term Inv. Grade,0.0066
SUWAX,"Deutsche Core Equity A(USD,SUWAX)",US Large Blend,0.0086
SVAIX,Federated Hermes Strategic Value Div IS,** 70 US Large Value / 30 Intl Large Value **,0.0081
SVM,Silvercorp Metals Inc,Intl Small Growth,0.0
SVNDY,SEVEN & I HLDG CO F SPONSORED ADR 1 ADR REPS 0.5 ORD SHS,Intl Large Growth,0.0
SVSPX,"SSgA S&P 500 Index N(USD,SVSPX)",US Large Blend,0.0016
SWAGX,Schwab US Aggregate Bond Index,Int-Term Inv. Grade,0.0004
ARTGX,"Artisan Global Value Investor(USD,ARTGX)",** 50 US Large Value / 50 Intl Large Value **,0.0128
SWANX,Schwab Core Equity,US Large Blend,0.0072
AES,The AES Co,US Small Value,0.0
ANDR,Andrea Electronics Corp,US Micro,0.0
SWASX,"Schwab Global Real Estate(USD,SWASX)",** 50% US Real Estate / 50% Intl Real Estate **,0.0105
SWCXX,Schwab California Municipal Money Fund,Cash/Money Market,0.0
SWDRX,SCHWAB TARGET 2030 FUND,** 42 US Large Blend / 22 Intl Large Blend / 36 Int-Term Inv. Grade **,0.0057
SWDSX,Schwab Dividend Equity,US Large Value,0.0088
SWGSX,"Schwab GNMA(USD,SWGSX)",Int-Term Inv. Grade,0.0055
SWGXX,"Schwab Government Money(USD,SWGXX)",Cash/Money Market,0.0
SWHFX,"Schwab Health Care(USD,SWHFX)",** 80 US Large Blend / 20 Intl Large Blend **,0.0081
SWISX,Schwab International Index,Intl Large Blend,0.0006
SWK,STANLEY BLACK & DECK,US Large Blend,0.0
ARTIX,Artisan International Investor,Intl Large Value,0.0118
GDDY,GoDaddy Inc A,US Mid Growth,0.0
SWKS,"Skyworks Solutions Inc(USD,SWKS)",US Mid Blend,0.0
SWKXX,"Schwab CA Municipal Money Inv(USD,SWKXX)",Cash/Money Market,0.0
SWMCX,Schwab US Mid-Cap Index,US Mid Blend,0.0005
SWMIX,"Laudus International MarketMasters Sel(USD,SWMIX)",Intl Large Growth,0.0125
SWMXX,Schwab Money Market Fund,Cash/Money Market,0.0
SWOBX,Schwab Balanced,** 48 US Large Growth / 11 Intl Large Growth / 36 Int-Term Inv. Grade / 5 Cash **,0.005
SWOSX,"Laudus Small-Cap MarketMasters Inv(USD,SWOSX)",US Small Blend,0.0135
SWOXX,Schwab Municipal Money Ultra,Cash/Money Market,0.0
SWPPX,Schwab S&P; 500 Index,US Large Blend,0.0002
SWQXX,Schwab Advisor Cash Reserves®,Cash/Money Market,0.0
FLATX,Fidelity® Latin America,Emerging Large Growth,0.0104
ARTKX,"Artisan International Value Investor(USD,ARTKX)",Intl Large Blend,0.0119
SWRSX,Schwab Treasury Infl Protected Secs Idx,Inflation Protected,0.0005
SWSCX,Schwab Small-Cap Equity,US Small Blend,0.011
SWSSX,"Schwab Small Cap Index(USD,SWSSX)",US Small Blend,0.0005
SWSXX,Schwab Cash Reserves,Cash/Money Market,0.006
SWTSX,Schwab Total Stock Market Index,US Large Blend,0.0003
SWUXX,"Schwab US Treasury Money Sweep(USD,SWUXX)",Cash/Money Market,0.0055
SWVXX,"Schwab Value Advantage Money Inv(USD,SWVXX)",Cash/Money Market,0.0
SWXXX,"Schwab Municipal Money Sweep(USD,SWXXX)",Cash/Money Market,0.0044
SWYJX,Schwab Target 2055 Index,** .66 US Large Blend / .34 Intl Large Blend **,0.0008
ARKO,ARKO Corp Ordinary Shares,US Small Blend,0.0
SWZXX,Schwab Advisor Cash Reserves,Cash/Money Market,0.0
ARTLX,Artisan Value Investor,** .85 US Large Value / .15 Intl Large Value **,0.0101
SYAAF,Syrah Resources Ltd,Intl Small Growth,0.0
SYF,SYNCHRONY FINANCIAL,US Large Blend,0.0
SYK,"Stryker Corp(USD,SYK)",US Large Growth,0.0
SYMC,Symantec Corp,US Large Blend,0.0
SYN,Synthetic Biologies Inc,US Micro,0.0
SYNT,Synthomer PLC,US Small Value,0.0
syy,"Sysco Corp(USD,SYY)",US Large Blend,0.0
SZKMY,Suzuki Motor Corp ADR,US Large Blend,0.0
RILY,B. Riley Financial Inc,US Small Blend,0.0
T,AT&T Inc,US Large Value,0.0
TAREX,Third Avenue Real Estate Value Instl,** .45 US Real Estate / .55 Intl Real Estate **,0.0111
ARTMX,"Artisan Mid Cap Investor(USD,ARTMX)",US Mid Growth,0.0118
TARO,Taro Pharmaceutical Industries Ltd,Intl Mid Value,0.0
TAVFX,"Third Avenue Value Instl(USD,TAVFX)",** 65% Intl Mid Value / 35% US Mid Value **,0.0115
TBBK,"The Bancorp Inc(USD,TBBK)",US Small Value,0.0
TBCIX,"T. Rowe Price Blue Chip Growth I(USD,TBCIX)",US Large Growth,0.0057
TBGVX,"Tweedy, Browne International Value Fund",** 15 US Large Blend / 75 Intl Large Blend / 10 Cash **,0.0134
TCEHY,"Tencent Holdings Ltd ADR(USD,TCEHY)",Emerging Large Growth,0.0
TCLTX,"TIAA-CREF Lifecycle 2020 Retirement(USD,TCLTX)",** .35 US Large Growth / .16 Intl Large Growth / .49 High Yield **,0.0025
BRBR,BellRing Brands Inc Class A,US Small Blend,0.0
TCMPX,"AMG TimesSquare International SmallCap N(USD,TCMPX)",Intl Small Growth,0.0129
TD,"The Toronto-Dominion Bank(USD,TD)",US Large Blend,0.0
TDC,Teradata Corp,US Mid Value,0.0
ARTSX,Artisan Small Cap Investor,US Mid Growth,0.0121
TDF,"Templeton Dragon Fund(USD,TDF)",Emerging Large Blend,0.0
tdoc,"Teladoc Inc(USD,TDOC)",US Small Growth,0.0
TDTF,FlexShares iBoxx 5Yr Target Dur TIPS ETF,Int-Term Inv. Grade,0.0018
TDW,Tidewater Inc,US Micro,0.0
TECH,Bio-Techne Corp,US Mid Growth,0.0
TECK,"Teck Resources Ltd Class B(USD,TECK)",US Mid Value,0.0
CVGW,Calavo Growers Inc,US Small Value,0.0
TEDIX,"Franklin Mutual Global Discovery A(USD,TEDIX)",** 50 US Large Value / 50 Intl Large Value **,0.0127
TEDSX,"Franklin Mutual Global Discovery C(USD,TEDSX)",** .55 US Large Value / .38 Intl Large Value / .07 Int-Term Inv. Grade **,0.0196
tef,"Telefonica SA ADR(USD,TEF)",Intl Large Value,0.0
TEGBX,"Templeton Global Bond C(USD,TEGBX)",World Bond,0.013
ARZTF,Aryzta AG,Intl Small Value,0.0
TEL,"TE Connectivity Ltd(USD,TEL)",US Large Blend,0.0
TELNY,Telenor ASA ADR,US Large Growth,0.0
TEVA,Teva Pharmaceutical Industries Ltd ADR,Intl Large Value,0.0
TFFAX,TEMPLETON FOREIGN FUND ADV CL,Intl Large Value,0.0085
TFI,SPDR® Nuveen Blmbg Barclays Muni Bd ETF,Long-Term Inv. Grade,0.0023
CBAN,Colony Bankcorp Inc,US Small Value,0.0
TGBAX,"Templeton Global Bond Adv(USD,TGBAX)",World Bond,0.0071
TGEIX,"TCW Emerging Markets Income I(USD,TGEIX)",Emerging Market Debt,0.0087
TGI,"Triumph Group Inc(USD,TGI)",US Small Blend,0.0
TGLDX,"Tocqueville Gold(USD,TGLDX)",Commodities,0.0142
TGLMX,"TCW Total Return Bond I(USD,TGLMX)",Int-Term Inv. Grade,0.0049
ASA,ASA Gold and Precious Metals,Commodities,0.0119
TGMNX,TCW Total Return Bond N,High Yield,0.0079
TGP,"Teekay LNG Partners LP(USD,TGP)",Emerging Small Blend,0.0
TGT,Target Corp,US Large Value,0.0
TGVIX,Thornburg International Value I,Intl Large Blend,0.0095
TGWIX,TCW Emerging Markets Local Ccy Inc I,Emerging Market Debt,0.0099
THC,TENET HEALTHCARE,US Small Blend,0.0
THDIX,"Thornburg Developing World I(USD,THDIX)",Emerging Large Growth,0.0107
THO,Thor Industries Inc,US Mid Blend,0.0
TIEHX,TIAA CREF INTL EQUITY ADV,Intl Large Blend,0.0064
TIERX,TIAA-CREF International Eq Retail,** .87 Intl Large Blend / .13 Emerging Large Blend **,0.0078
ASAZY,Assa Abloy AB ADR B,US Large Growth,0.0
TILCX,"T. Rowe Price Instl Large Cap Value(USD,TILCX)",US Large Value,0.0057
TINRX,TIAA-CREF Equity index Retail,US Large Blend,0.0034
TIP,TIPS Bond ETF,Inflation Protected,0.002
DMTK,DermTech Inc,US Small Blend,0.0
TIRRX,"T. Rowe Price Real Estate I(USD,TIRRX)",US Real Estate,0.006
TISBX,"TIAA-CREF Small-Cap Blend Idx Inst(USD,TISBX)",US Small Blend,0.0006
TIVFX,AMERICAN BEACON         TOCQUEVILLE INTL VALUE  INV,Intl Large Blend,0.0126
TIYRX,TIAA-CREF High-Yield Retail,High Yield,0.0063
TJX,TJX Companies Inc,US Large Blend,0.0
TKR,The Timken Co,US Mid Value,0.0
TLT,20+ Year Treasury Bond ETF,Long-Term Treasury,0.0015
ASGN,ASGN Inc,US Mid Growth,0.0
TM,TOYOTA MOTOR CORP SPON ADR,Intl Large Value,0.0
DFH,Dream Finders Homes Inc Ordinary Shares,US Small Value,0.0
TMCPX,Touchstone Mid Cap Y,US Mid Growth,0.0099
TMO,Thermo Fisher Scientific Inc,US Large Growth,0.0
TMQ,"Trilogy Metals Inc(USD,TMQ)",Intl Small Blend,0.0
TMUS,T-MOBILE US INC,US Large Growth,0.0
TNK,"Teekay Tankers Ltd(USD,TNK)",US Small Value,0.0
TOBAX,"Touchstone Active Bond A(USD,TOBAX)",Int-Term Inv. Grade,0.009
TOELY,"Tokyo Electron Ltd ADR(USD,TOELY)",Intl Large Growth,0.0
TOPHX,"Tocqueville Phoenix Fund(USD,TOPHX)",US Small Value,0.0126
TOT,Total SA ADR,Intl Large Value,0.0
ASH,Ashland Global Holdings Inc,US Small Value,0.0
ICHR,Ichor Holdings Ltd,US Small Value,0.0
TPINX,"Templeton Global Bond A(USD,TPINX)",** 35 Cash / 65 World Bond **,0.0096
TPR,Tapestry Inc,US Mid Blend,0.0
TPRE,"Third Point Reinsurance Ltd(USD,TPRE)",Intl Small Blend,0.0
TRBCX,T. Rowe Price Blue Chip Growth,US Large Growth,0.0072
TRGP,"Targa Resources Corp(USD,TRGP)",US Mid Value,0.0
TRIP,TripAdvisor Inc,US Mid Growth,0.0
TRN,Trinity Industries Inc,US Mid Blend,0.0
TROW,T. Rowe Price Group Inc,US Large Blend,0.0
TRRBX,T. Rowe Price Retirement 2020,** 44 Int-Term Inv. Grade / 6 Cash / 30 US Large Blend / 15 Intl Large Blend / 5 Emerging Large Blend **,0.0053
TRRCX,"T. Rowe Price Retirement 2030(USD,TRRCX)",** 45 US Large Blend / 25 Intl Large Blend / 30 Int-Term Inv. Grade **,0.0069
GE,General Electric Co,US Large Value,0.0
ASHTY,"Ashtead Group PLC ADR(USD,ASHTY)",Intl Large Growth,0.0
TRREX,"T. Rowe Price Real Estate(USD,TRREX)",US Real Estate,0.0073
TRRFX,"T. Rowe Price Retirement 2005(USD,TRRFX)",** .65 Int-Term Inv. Grade / .25 US Large Blend / .10 Intl Large Blend **,0.0058
TRRGX,"T. Rowe Price Retirement 2015(USD,TRRGX)",** .31 US Large Blend / .16 Intl Large Blend / .53 Int-Term Inv. Grade **,0.0059
TRRHX,T. Rowe Price Retirement 2025,** 40 US Large Blend / 20 Intl Large Blend / 35 Int-Term Inv. Grade / 5 Cash **,0.0067
TRRJX,T. Rowe Price Retirement 2035,** 50% US Large Blend / 30% Intl Large Blend / 20% Int-Term Inv. Grade **,0.007
TRTN,"Triton International Ltd Ordinary Shares(USD,TRTN)",US Small Value,0.0
TRTX,TPG RE Finance Trust Inc,US Real Estate,0.0
TRV,The Travelers Companies Inc,US Large Value,0.0
TRYIY,TORAY INDUSTRIES INC F SPONSORED ADR 1 ADR REPS 2 ORD SHS,Intl Large Value,0.0
IBP,Installed Building Products Inc,US Small Blend,0.0
TSCIX,"AMG TimesSquare Small Cap Growth Z(USD,TSCIX)",US Small Growth,0.0103
ASIX,AdvanSix Inc,US Small Blend,0.0
TSLA,TESLA INC,US Large Growth,0.0
TSM,"Taiwan Semiconductor Manufacturing Co Ltd ADR(USD,TSM)",Emerging Large Blend,0.0
TSN,TYSON FOODS INC-CL A,US Large Value,0.0
TSS,TOTAL SYSTEM SERVICES INC,US Mid Growth,0.0
TSSP,Trendsetter Solar Products Inc,US Micro,0.0
TTD,The Trade Desk Inc A,US Small Growth,0.0
TTEC,TTEC Holdings Inc,US Small Blend,0.0
TTM,Tata Motors Ltd ADR,Emerging Large Growth,0.0
MGY,Magnolia Oil & Gas Corp Class A,US Small Value,0.0
TTNP,Titan Pharmaceuticals Inc,US Micro,0.0
TTWO,Take-Two Interactive Software Inc,US Mid Growth,0.0
ASML,"ASML Holding NV ADR(USD,ASML)",Intl Large Growth,0.0
TVIXF,VelocityShares Daily 2x VIX ST ETN,Non-Traditional,0.0165
TVPT,Travelport Worldwide Ltd,Intl Small Value,0.0
TVTY,Tivity Health Inc,US Small Growth,0.0
TWCGX,American Century Growth Inv,US Large Growth,0.0098
TWCUX,"American Century Ultra® Inv(USD,TWCUX)",US Large Growth,0.0098
TWHIX,American Century Heritage Fund Investor Cl,US Mid Growth,0.0101
NESR,National Energy Services Reunited Corp,US Small Value,0.0
TWIEX,"American Century International Gr Inv(USD,TWIEX)",Intl Large Growth,0.0117
TWMJF,Canopy Growth Corp,Intl Mid Growth,0.0
TWOU,2U Inc,US Mid Growth,0.0
ASPS,Altisource Portfolio Solutions SA,Intl Small Blend,0.0
TWTIX,American Century IntermTrm Tx-Fr Bd Inv,Int-Term Inv. Grade,0.0047
TWTR,Twitter Inc,US Large Growth,0.0
TWX,"Time Warner Inc(USD,TWX)",US Large Blend,0.0
TXN,Texas Instruments Inc,US Large Growth,0.0
TYG,"Tortoise Energy Infrastructure(USD,TYG)",US Large Blend,0.0015
TYL,TYLER TECHNOLOGIES,US Mid Growth,0.0
NP,Neenah Inc,US Small Value,0.0
UA,"Under Armour Inc C(USD,UA)",US Mid Growth,0.0
UAA,Under Armour Inc A,US Mid Growth,0.0
UAL,United Continental Holdings Inc,US Large Value,0.0
UBS,"UBS Group AG(USD,UBS)",Intl Large Value,0.0
ASVIX,"American Century Small Cap Value Inv(USD,ASVIX)",US Small Value,0.0126
UBSFY,Ubisoft Entertainment ADR,US Mid Growth,0.0
UBVAX,Undiscovered Managers Behavioral Val A,US Small Value,0.0176
UBVSX,Undiscovered Managers Behavioral Value Fund Cl I,US Small Value,0.0114
UDOW,ProShares UltraPro Dow30,US Large Blend,0.0096
UH,Universal Health Services Inc Class B,US Mid Value,0.0
PPBI,Pacific Premier Bancorp Inc,US Small Value,0.0
UHS,Universal Health Services Inc Class B,US Mid Value,0.0
UIINX,"USAA Income Institutional(USD,UIINX)",Int-Term Inv. Grade,0.0043
UL,Unilever PLC ADR,Intl Large Growth,0.0
ULTI,ULTIMATE SOFTWARE GP,US Mid Growth,0.0
UMBMX,Carillon Scout Mid Cap I,US Mid Blend,0.0102
AT,"Atlantic Power Corp(USD,AT)",US Mid Value,0.0
UMBWX,"Carillon Scout International I(USD,UMBWX)",Intl Large Blend,0.0062
UN,"Unilever NV ADR(USD,UN)",Intl Large Growth,0.0
UNH,UnitedHealth Group Inc,US Large Growth,0.0
UNIT,"Uniti Group Inc(USD,UNIT)",US Real Estate,0.0
PTVE,Pactiv Evergreen Inc Ordinary Shares,US Small Blend,0.0
UNM,Unum Group,US Mid Value,0.0
UNP,Union Pacific Corp,US Large Blend,0.0
UPRO,ProShares UltraPro S&P500,US Large Blend,0.0091
UPS,United Parcel Service Inc Class B,US Large Blend,0.0
URBN,Urban Outfitters Inc,US Mid Blend,0.0
URI,"United Rentals Inc(USD,URI)",US Mid Blend,0.0
ATEYX,AB SUSTAINABLE GLOBAL THEMATIC FUND-ADVISOR CLASS(1),** .49 US Large Growth / .51 Intl Large Growth **,0.0116
URTAX,JPMorgan Realty Income A,US Real Estate,0.0118
URTH,"iShares MSCI World ETF(USD,URTH)",** .63 US Large Blend .37 Intl Large Blend **,0.0024
USAIX,USAA Income,Int-Term Inv. Grade,0.0049
PRTY,Party City Holdco Inc,US Small Value,0.0
USATX,USAA Tax Exempt Intermediate-Term,Int-Term Inv. Grade,0.0052
USB,U.S. Bancorp,US Large Value,0.0
USCOX,US Global Investors China Region Inv,Emerging Large Growth,0.0252
USGBX,Morgan Stanley US Government Secs B,Int-Term Inv. Grade,0.0086
USMV,"iShares Edge MSCI Min Vol USA ETF(USD,USMV)",US Large Blend,0.0015
UTF,Cohen & Steers Infrastructure Fund,** .55 US Large Value / .45  Intl Large Value **,0.0217
UTG,Reaves Utility Income Trust,** 90 US Large Value / 10 Intl Large Value **,0.0142
ATHN,"athenahealth Inc(USD,ATHN)",US Mid Growth,0.0
UTHR,United Therapeutics Corp,US Mid Value,0.0
UTX,United Technologies Corp,US Large Blend,0.0
SBT,Sterling Bancorp Inc,US Small Value,0.0
V,Visa Inc Class A,US Large Growth,0.0
VAFAX,"Invesco American Franchise A(USD,VAFAX)",US Large Growth,0.0106
VAIPX,Vanguard Inflation-Protected Secs Adm,Inflation Protected,0.001
VARBX,VIVALDI MERGER ARBITRAGE I,** 55% Cash / 45% US Mid Blend **,0.0221
VASGX,Vanguard LifeStrategy Growth Inv,** 50 US Large Blend / 30 Intl Large Blend / 20 Int-Term Inv. Grade **,0.0014
VASVX,"Vanguard Selected Value Inv(USD,VASVX)",US Mid Value,0.0039
VAW,"Vanguard Materials ETF(USD,VAW)",US Large Value,0.001
VB,"Vanguard Small-Cap ETF(USD,VB)",US Small Blend,0.0005
ATLCY,"Atlas Copco AB ADR(USD,ATLCY)",Intl Large Growth,0.0
TLS,Telos Corp Ordinary Shares,US Small Growth,0.0
VBIAX,"Vanguard Balanced Index Adm(USD,VBIAX)",** 60 US Large Blend / 40 Int-Term Inv. Grade **,0.0007
VBINX,Vanguard Balanced Index Inv,** 60 US Large Blend / 40 Int-Term Inv. Grade **,0.0018
VBIRX,Vanguard Short-Term Bond Index Adm,Short-Term Inv. Grade,0.0007
VBISX,Vanguard Short-Term Bond Index Inv,Short-Term Inv. Grade,0.0015
VBK,Small-Cap Growth ETF,US Small Growth,0.0007
VBLAX,Vanguard Long-Term Bond Index Admiral,Long-Term Inv. Grade,0.0007
VBLIX,Vanguard Long-Term Bond Index Instl Plus,Long-Term Inv. Grade,0.0004
VBLLX,Vanguard Long-Term Bond Index Instl,Long-Term Inv. Grade,0.0005
VBLTX,Vanguard Long-Term Bond Index Investor,Long-Term Inv. Grade,0.0015
VBMFX,Vanguard Total Bond Market Index Inv,Int-Term Inv. Grade,0.0015
TMST,TimkenSteel Corp,US Small Value,0.0
atlky,"Atlas Copco AB ADR(USD,ATLKY)",Intl Large Growth,0.0
VBR,Small-Cap Value ETF,US Small Value,0.0007
VBTIX,Vanguard Total Bond Market Index I,Int-Term Inv. Grade,0.0004
VBTLX,Vanguard Total Bond Market Index Adm,Int-Term Inv. Grade,0.0005
VCADX,Vanguard CA Interm-Term Tax-Exempt Adm,Int-Term Inv. Grade,0.0009
VCISY,Vinci SA ADR,US Large Blend,0.0
VCIT,"Vanguard Interm-Term Corp Bd ETF(USD,VCIT)",Int-Term Inv. Grade,0.0007
VCLT,Long-Term Corporate Bond Index Fund,Long-Term Inv. Grade,0.0007
VCR,Consumer Discretion ETF,US Large Growth,0.001
VCSH,Short-Term Corporate Bond Index Fund,Short-Term Inv. Grade,0.0004
GEC,Great Elm Capital Group Inc,US Small Growth,0.0
VDADX,"Vanguard Dividend Appreciation Index Adm(USD,VDADX)",US Large Blend,0.0008
ATO,Atmos Energy Corp,US Mid Value,0.0
VDC,"Vanguard Consumer Staples ETF(USD,VDC)",US Large Value,0.001
VDE,"Vanguard Energy ETF(USD,VDE)",US Large Blend,0.001
VDFIX,"Virtus DFA 2015 Trgt Date Retire Inc I(USD,VDFIX)",** .75 Long-Term Inv. Grade / .15 US Large Blend / .1 Intl Large Blend **,0.0075
VDIGX,Vanguard Dividend Growth Inv,US Large Blend,0.003
VEA,Europe Pacific,Intl Large Blend,0.0007
VEC,"Vectrus Inc(USD,VEC)",US Small Value,0.0
VEEV,VEEVA SYSTEMS INC CLASS A,US Mid Growth,0.0
VEIEX,Vanguard Emerging Mkts Stock Idx Inv,Emerging Large Blend,0.0032
VC,Visteon Corp,US Small Growth,0.0
VEIPX,Vanguard Equity-Income Inv,US Large Value,0.0026
VEIRX,Vanguard Equity-Income Adm,** 90 US Large Value / 7 Intl Large Value / 3 Cash **,0.0019
ATVI,Activision Blizzard Inc,US Large Growth,0.0
VEMAX,Vanguard Emerging Mkts Stock Idx Adm,Emerging Large Blend,0.0014
VEMIX,"Vanguard Emerging Mkts Stock Idx Instl(USD,VEMIX)",Emerging Large Blend,0.0011
VER,VEREIT INC              REIT,US Real Estate,0.0
VEU,"Vanguard FTSE All-Wld ex-US ETF(USD,VEU)",** 80 Intl Large Blend / 20 Emerging Large Blend **,0.0007
VEURX,Vanguard European Stock Index Inv,Intl Large Value,0.0026
VEVIX,Victory Sycamore Established Value I,US Mid Value,0.0059
VEVRX,Victory Sycamore Established Value R6,US Mid Blend,0.0057
FREE,Whole Earth Brands Inc Ordinary Shares,US Small Value,0.0
VEXAX,"Vanguard Extended Market Index Admiral(USD,VEXAX)",US Mid Blend,0.0008
VFC,VF Corp,US Large Blend,0.0
VFFVX,Vanguard Target Retirement 2055 Inv,** .53 US Large Blend / .35 Intl Large Blend / .12 Long-Term Treasury **,0.0008
AU,"Anglogold Ashanti Ltd ADR(USD,AU)",Emerging Mid Blend,0.0
VFH,Financials ETF,US Large Value,0.001
VFIAX,Vanguard 500 Index Admiral,US Large Blend,0.0004
VFICX,"Vanguard Interm-Term Invmt-Grade Inv(USD,VFICX)",Int-Term Inv. Grade,0.002
vfidx,"Vanguard Interm-Term Investment-Grde Adm(USD,VFIDX)",Int-Term Inv. Grade,0.001
VFIFX,Vanguard Target Retirement 2050 Inv,** 55 US Large Blend / 35 Intl Large Blend / 10 Int-Term Inv. Grade ** ,0.0015
VFIIX,"Vanguard GNMA Inv(USD,VFIIX)",Int-Term Treasury,0.0021
AAT,American Assets Trust Inc,US Small Blend,0.0
VFIJX,Vanguard GNMA Adm,Int-Term Inv. Grade,0.0011
VFINX,"Vanguard 500 Index Investor(USD,VFINX)",US Large Blend,0.0014
VFISX,"Vanguard Short-Term Treasury Inv(USD,VFISX)",Short-Term Treasury,0.002
VFITX,Vanguard Interm-Term Treasury Inv,Int-Term Treasury,0.002
AUIYX,AB EQUITY INCOME-AD(1),** .88 US Large Value / .12 Intl Large Value,0.0074
VFIUX,"Vanguard Interm-Term Treasury Adm(USD,VFIUX)",Int-Term Treasury,0.001
VFORX,Vanguard Target Retirement 2040 Inv,** 50 US Large Blend / 30 Intl Large Blend / 20 Int-Term Inv. Grade **,0.0008
VFSTX,Vanguard Short-Term Investment-Grade Inv,Short-Term Inv. Grade,0.002
VFSUX,Vanguard Short-Term Investment-Grade Adm,Short-Term Inv. Grade,0.001
VFWIX,"Vanguard FTSE All-Wld ex-US Idx Inv(USD,VFWIX)",** .81 Intl Large Value / .19 Emerging Large Value **,0.0023
VSPMX,Vanguard S&P Mid-Cap 400 Index I,US Mid Blend,0.0008
VGELX,"Vanguard Energy Adm(USD,VGELX)",US Large Blend,0.003
VGENX,Vanguard Energy Inv,** 60 US Large Blend / 40 Intl Large Blend **,0.0038
VGHAX,Vanguard Health Care Adm,** 75 US Large Growth / 25 Intl Large Growth **,0.0032
VGIT,Vanguard Intmdt-Term Trs ETF,Int-Term Treasury,0.0007
AUO,AU Optronics Corp ADR,Emerging Large Blend,0.0
VGK,FTSE Europe ETF,Intl Large Blend,0.001
VGLT,Long-Term Government Bond Index Fund,Long-Term Treasury,0.0007
VGPMX,"Vanguard Precious Metals and Mining Inv(USD,VGPMX)",US Mid Blend,0.0036
VGR,"Vector Group Ltd(USD,VGR)",US Small Growth,0.0
VGSIX,Vanguard REIT Index Inv,US Real Estate,0.0026
LSRCY,Lasertec Corp ADR,Intl Large Growth,0.0
VGSLX,Vanguard REIT Index Adm,US Real Estate,0.0012
VGSNX,"Vanguard Real Estate Index Institutional(USD,VGSNX)",US Real Estate,0.001
VGSTX,"Vanguard STAR Inv(USD,VGSTX)",** .36 US Large Blend / .64 Int-Term Inv. Grade **,0.0022
VGT,Information Tech ETF,US Large Growth,0.001
VGTSX,Vanguard Total Intl Stock Index Inv,** 80 Intl Large Blend / 20 Emerging Large Blend **,0.0017
AUY,Yamana Gold Inc,Intl Mid Blend,0.0
VHCOX,"Vanguard Capital Opportunity Inv(USD,VHCOX)",US Large Growth,0.0044
VHDYX,"Vanguard High Dividend Yield Index Inv(USD,VHDYX)",US Large Value,0.0015
VHGEX,"Vanguard Global Equity Inv(USD,VHGEX)",** 55 US Large Growth / 45 Intl Large Growth **,0.0041
VHIAX,JPMorgan Growth Advantage A,US Large Growth,0.0114
LNNGY,Li Ning Co Ltd ADR,Intl Large Growth,0.0
VHT,Health Care ETF,US Large Blend,0.001
VIA,Viacom Inc Class A,US Mid Value,0.0
VIAB,Viacom Inc B,US Mid Value,0.0
VIG,Dividend Appreciation ETF,US Large Blend,0.0008
VIGAX,Vanguard Growth Index Admiral,US Large Growth,0.0005
VIIIX,Vanguard Institutional Index Instl Pl,US Large Blend,0.0002
AVFIX,"American Beacon Small Cp Val Inst(USD,AVFIX)",US Small Value,0.0082
VIISX,Virtus KAR International Small-Cap I,Intl Small Growth,0.0131
VIMAX,Vanguard Mid Cap Index Adm,US Mid Blend,0.0005
VIMSX,"Vanguard Mid Cap Index Investor(USD,VIMSX)",US Mid Blend,0.0017
PRNDY,Pernod Ricard SA ADR,Intl Large Growth,0.0
VINEX,"Vanguard International Explorer Inv(USD,VINEX)",Intl Mid Blend,0.0039
VINIX,"Vanguard Institutional Index I(USD,VINIX)",US Large Blend,0.0004
VIPSX,Vanguard Inflation-Protected Secs Inv,Inflation Protected,0.002
VIS,Industrials ETF,US Mid Blend,0.001
VISGX,"Vanguard Small Cap Growth Index Inv(USD,VISGX)",US Small Growth,0.0019
VISVX,Vanguard Small Cap Value Index Inv,US Small Value,0.0019
VITFX,"Vanguard Instl Trgt Retire 2035 Instl(USD,VITFX)",** .45 US Large Blend / .3 Intl Large Blend / .25 Int-Term Inv. Grade **,0.0009
AVGO,Broadcom Inc,US Large Blend,0.0
VITSX,Vanguard Total Stock Market Idx I,US Large Growth,0.0003
VITWX,"Vanguard Instl Trgt Retire 2020 Instl(USD,VITWX)",** .33 US Large Blend / .22 Intl Large Blend / .45 Int-Term Inv. Grade **,0.0009
SHZHY,Shenzhou International Group Holdings Ltd ADR,Intl Large Blend,0.0
VIVAX,"Vanguard Value Index Inv(USD,VIVAX)",US Large Value,0.0017
VIVHY,Vivendi SA ADR,Intl Large Blend,0.0
VLCAX,Vanguard Large Cap Index Admiral,US Large Blend,0.0005
VLO,Valero Energy Corp,US Large Blend,0.0
vlue,"iShares Edge MSCI USA Value Factor ETF(USD,VLUE)",US Large Value,0.0015
VLXVX,Vanguard Target Retirement 2065 Inv,** .56 US Large Blend / .38 Intl Large Blend / .6 Short-Term Treasury **,0.0
VMBS,Mortgage-Backed Securities Index Fund,Int-Term Inv. Grade,0.0004
VMC,"Vulcan Materials Co(USD,VMC)",US Mid Growth,0.0
AVNS,"Avanos Medical Inc(USD,AVNS)",US Small Blend,0.0
VMCIX,"Vanguard Mid Cap Index Institutional(USD,VMCIX)",US Mid Blend,0.0004
VMFXX,"Vanguard Federal Money Market Investor(USD,VMFXX)",Cash/Money Market,0.0
VMGMX,"Vanguard Mid-Cap Growth Index Admiral(USD,VMGMX)",US Mid Growth,0.0007
VMLUX,Vanguard Ltd-Term Tx-Ex Adm,Short-Term Inv. Grade,0.0009
VMMXX,"Vanguard Prime Money Market Investor(USD,VMMXX)",Cash/Money Market,0.0
VMSXX,"Vanguard Municipal Money Market Inv(USD,VMSXX)",Cash/Money Market,0.0
VMVAX,"Vanguard Mid-Cap Value Index Admiral(USD,VMVAX)",US Mid Value,0.0007
VMVFX,"Vanguard Global Minimum Volatility Inv(USD,VMVFX)",** .53 US Large Blend / .47 Intl Large Blend **,0.0025
VNQ,Vanguard Real Estate ETF,US Real Estate,0.0013
VNQI,Global ex-U.S. Real Estate Index Fund,Intl Real Estate,0.0015
DT,Dynatrace Inc Ordinary Shares,US Mid Growth,0.0
AVY,Avery Dennison Corp,US Mid Value,0.0
VO,Mid-Cap ETF,US Mid Blend,0.0005
VOD,"Vodafone Group PLC ADR(USD,VOD)",Intl Large Blend,0.0
VOE,Mid-Cap Value ETF,US Mid Value,0.0007
VOO,S&P 500 ETF,US Large Blend,0.0003
VOOG,"Vanguard S&P 500 Growth ETF(USD,VOOG)",US Large Growth,0.0015
VOYA,Voya Financial Inc,US Mid Value,0.0
VPACX,Vanguard Pacific Stock Index Inv,Intl Large Value,0.0026
VPG,"Vishay Precision Group Inc(USD,VPG)",US Small Growth,0.0
VPLM,Voip-Pal.com Inc,US Micro,0.0
AFIFX,"American Funds Fundamental Invs F1(USD,AFIFX)",** .8 US Large Blend / .2 Intl Large Blend **,0.0067
VPMCX,"Vanguard PRIMECAP Inv(USD,VPMCX)",** .85 US Large Blend / .15 Intl Large Blend **,0.0039
AWF,"AllianceBernstein Glb High Inc(USD,AWF)",High Yield,0.0105
VPOR,"Vapor Group Inc(USD,VPOR)",US Micro,0.0
VPU,"Vanguard Utilities ETF(USD,VPU)",US Large Value,0.001
VRP,"PowerShares Variable Rate Preferred ETF(USD,VRP)",Preferred Stock,0.005
VRS,"Verso Corp A(USD,VRS)",US Micro,0.0
VRSK,VERISK ANALYTICS INC CLASS A,US Large Growth,0.0
VRTIX,"Vanguard Russell 2000 Index I(USD,VRTIX)",US Small Blend,0.0008
VRTX,VERTEX PHARMACEUTICA,US Large Growth,0.0
VRVIX,"Vanguard Russell 1000 Value Index I(USD,VRVIX)",US Large Value,0.0008
GEGTX,"Columbia Large Cap Growth Inst(USD,GEGTX)",US Large Growth,0.0073
VS,Versus Systems Inc,Intl Small Growth,0.0
VSCIX,"Vanguard Small Cap Index I(USD,VSCIX)",US Small Blend,0.0004
AWK,"American Water Works Co Inc(USD,AWK)",US Mid Blend,0.0
VSEAX,JPMorgan Small Cap Equity A,US Small Blend,0.0124
VSEIX,JPMorgan Small Cap Equity I,** 50 US Small Growth / 50 US Mid Growth **,0.0099
VSGAX,"Vanguard Small Cap Growth Index Admiral(USD,VSGAX)",US Small Growth,0.0007
VSGIX,"Vanguard Small Cap Growth Index I(USD,VSGIX)",US Mid Growth,0.0006
VSH,"Vishay Intertechnology Inc(USD,VSH)",US Small Value,0.0
VSIAX,Vanguard Small Cap Value Index Admiral,US Small Value,0.0007
VSIIX,"Vanguard Small Cap Value Index I(USD,VSIIX)",US Mid Value,0.0006
LSPD,Lightspeed Commerce Inc Ordinary Shares,Intl Mid Value,0.0
VSMAX,Vanguard Small Cap Index Adm,US Small Blend,0.0006
VSNGX,JPMorgan Mid Cap Equity I,US Mid Growth,0.0089
VSS,Vanguard FTSE All-Wld ex-US SmCp ETF,Intl Small Blend,0.0013
AWPAX,"AB Sustainable Intl Thematic A(USD,AWPAX)",Intl Large Growth,0.0139
VSTCX,Vanguard Strategic Small-Cap Equity Inv,US Small Growth,0.0029
VT,"Vanguard Total World Stock ETF(USD,VT)",** 60 US Large Blend / 40 Intl Large Blend **,0.0007
vtabx,"Vanguard Total Intl Bd Idx Admiral™(USD,VTABX)",World Bond,0.0011
VTAPX,Vanguard Short-Term Inflation Protected SEC Idx Adm,Inflation Protected,0.0006
VTBSX,"Vanguard Total Bond Market Idx Instl Sel(USD,VTBSX)",Int-Term Inv. Grade,0.0001
VTEB,"Vanguard Tax-Exempt Bond ETF(USD,VTEB)",Int-Term Inv. Grade,0.0009
TNL,Travel+Leisure Co,US Small Value,0.0
VTHRX,Vanguard Target Retirement 2030 Inv,** 40 US Large Blend / 30 Intl Large Blend / 30 Int-Term Inv. Grade **,0.0008
VTI,Total Stock Market ETF,US Large Blend,0.0003
VTIAX,"Vanguard Total Intl Stock Index Admiral(USD,VTIAX)",** 80 Intl Large Blend / 20 Emerging Large Blend **,0.0011
VTIBX,Vanguard Total International Bond Index Fund,World Bond,0.0013
AWSAX,"Invesco Global Core Equity A(USD,AWSAX)",** 50% US Large Blend / 50% Intl Large Blend **,0.0122
VTINX,Vanguard Target Retirement Income Inv,** 18 US Large Blend / 12 Intl Large Blend / 70 Int-Term Inv. Grade **,0.0012
VTIP,Short-Term Inflation-Protected Securities Index Fund,Inflation Protected,0.0006
VTIPX,Vanguard Shrt-Term Infl-Prot Sec Idx Inv,Inflation Protected,0.0015
VTIVX,Vanguard Target Retirement 2045 Fund,** 50 US Large Blend / 35 Intl Large Blend / 15 Int-Term Inv. Grade **,0.0008
VTMGX,Vanguard Developed Markets Index Admiral,Intl Large Blend,0.0007
FMCB,Farmers & Merchants Bancorp,US Small Value,0.0
VTMNX,"Vanguard Developed Markets Index Instl(USD,VTMNX)",Intl Large Blend,0.0006
VTR,"Ventas Inc(USD,VTR)",US Real Estate,0.0
VTRIX,"Vanguard International Value Inv(USD,VTRIX)",** 85 Intl Large Blend / 15 Emerging Large Blend **,0.0036
VTSAX,Vanguard Total Stock Mkt Idx Adm,US Large Blend,0.004
VTSMX,Vanguard Total Stock Mkt Idx Inv,US Large Growth,0.0015
AWSHX,American Funds Washington Mutual A,US Large Blend,0.0057
VTTHX,Vanguard Target Retirement 2035 Inv,** 45 US Large Blend / 30 Intl Large Blend / 25 Int-Term Inv. Grade **,0.0008
VTTSX,Vanguard Target Retirement 2060 Inv,** 53 US Large Blend / 35 Intl Large Blend / 12 Long-Term Treasury **,0.0015
VTV,Vanguard Value ETF,US Large Value,0.0006
VTWNX,Vanguard Target Retirement 2020 Inv,**25 US Large Blend / 12 Intl Large Blend / 5 Emerging Large Blend / 47 Int-Term Inv. Grade / 11 Inflation Protected **,0.0013
DIAL,Columbia Diversified Fixed Inc Allc ETF,** 93 Int-Term Inv. Grade / 7 Cash **,0.0028
VTXVX,Vanguard Target Retirement 2015 Inv,** 17 US Large Value / 12 Intl Large Value / 67 Short-Term Inv. Grade / 4 Cash **,0.0008
VUG,"Vanguard Growth ETF(USD,VUG)",US Large Growth,0.0005
VUSXX,"Vanguard Treasury Money Market Investor(USD,VUSXX)",Cash/Money Market,0.0
VUVLX,Vanguard US Value Inv,US Large Value,0.0023
VV,"Vanguard Large-Cap ETF(USD,VV)",US Large Blend,0.0005
VVC,"Vectren Corp(USD,VVC)",US Mid Value,0.0
AXAHY,AXA SA F SPONSORED ADR 1 ADR REPS 1 ORD SHS,Intl Large Value,0.0
VVIAX,"Vanguard Value Index Adm(USD,VVIAX)",US Large Value,0.0005
VVV,Valvoline Inc,US Small Value,0.0
VWAHX,"Vanguard High-Yield Tax-Exempt(USD,VWAHX)",High Yield,0.0019
FVADX,Franklin Small Cap Value Adv,** 89 US Small Value / 9 Intl Small Value / 2 Cash **,0.0075
VWAPY,Volkswagen AG ADR,US Large Value,0.0
VWEAX,Vanguard High-Yield Corporate Adm,High Yield,0.0013
VWEHX,Vanguard High-Yield Corporate Inv,High Yield,0.0023
VWELX,"Vanguard Wellington™ Inv(USD,VWELX)",** 60 US Large Value / 10 Intl Large Value / 30 Int-Term Inv. Grade **,0.0024
VWENX,"Vanguard Wellington™ Admiral™(USD,VWENX)",** 55 US Large Value / 10 Intl Large Value / 35 Int-Term Inv. Grade **,0.0016
VWIAX,Vanguard Wellesley Income Admiral,** 60 Int-Term Inv. Grade / 40 US Large Value **,0.0016
VWIGX,Vanguard International Growth Inv,** 65 Intl Large Growth / 20 Emerging Large Growth / 15 US Large Growth **,0.0045
AXBIX,American Century IntermTrm Tx-Fr Bd I,Int-Term Inv. Grade,0.0027
VWILX,Vanguard International Growth Adm,** 75 Intl Large Growth / 25 Emerging Large Growth **,0.0032
VWINX,"Vanguard Wellesley® Income Inv(USD,VWINX)",** 40 US Large Value / 60 Int-Term Inv. Grade **,0.0023
GACIX,Gabelli Small Cap Growth I,** 89 US Small Growth / 11 Intl Small Growth **,0.0113
VWITX,"Vanguard Interm-Term Tx-Ex Inv(USD,VWITX)",Int-Term Inv. Grade,0.0019
VWIUX,"Vanguard Interm-Term Tx-Ex Adm(USD,VWIUX)",Int-Term Inv. Grade,0.0009
VWLTX,"Vanguard Long-Term Tax-Exempt(USD,VWLTX)",Long-Term Inv. Grade,0.0019
VWLUX,"Vanguard Long-Term Tax-Exempt Adm(USD,VWLUX)",Long-Term Inv. Grade,0.0009
VWNFX,Vanguard Windsor II Inv,US Large Value,0.0034
VWO,Emerging Markets ETF,Emerging Large Blend,0.0014
VWSUX,"Vanguard Short-Term Tx-Ex Adm(USD,VWSUX)",Short-Term Inv. Grade,0.0009
VXF,Extended Market ETF,US Mid Blend,0.0008
AXDX,Accelerate Diagnostics Inc,US Small Growth,0.0
VXUS,Total International Stock ETF,** 80 Intl Large Blend / 20 Emerging Large Blend **,0.0007
ITHIX,Hartford Capital Appreciation I,** 93 US Large Blend / 5 Intl Large Blend / 2 Cash **,0.0077
VXX,S&P 500 VIX Short-Term Futures ETN,Liquid Alternative,0.0089
VYM,High Dividend Yield ETF,US Large Value,0.0008
VZ,Verizon Communications Inc,US Large Value,0.0
WAAEX,"Wasatch Small Cap Growth Investor(USD,WAAEX)",** .88 US Mid Growth / .12 Intl Mid Growth **,0.0127
WAB,Westinghouse Air Brake Technologies Corp,US Mid Growth,0.0
WABIX,Wells Fargo Absolute Return Inst,** 20% US Large Value / 40% Inlt Large Value / 40% Int-Term Inv. Grade **,0.012
WACSX,Western Asset Core Bond IS,Int-Term Inv. Grade,0.0043
WAGE,WageWorks Inc,US Small Blend,0.0
WAT,Waters Corp,US Mid Growth,0.0
OANMX,Oakmark Institutional,** 92 US Large Value / 2 Intl Large Value / 6 Cash **,0.0068
AXE,"Anixter International Inc(USD,AXE)",US Small Value,0.0
WB,Weibo Corp,Emerging Large Growth,0.0
WBA,Walgreens Boots Alliance Inc,US Large Value,0.0
WBC,WABCO Holdings Inc,US Mid Growth,0.0
WCMIX,WCM Focused International Growth Instl,** 20 US Large Growth / 80 Intl Large Growth **,0.0103
WDC,Western Digital Corp,US Large Blend,0.0
WDFC,WD-40 Co,US Small Growth,0.0
WDR,"Waddell & Reed Financial Inc A(USD,WDR)",US Small Value,0.0
WEC,"WEC Energy Group Inc(USD,WEC)",Intl Small Value,0.0
WELL,"Welltower Inc(USD,WELL)",US Real Estate,0.0
PEEAX,PGIM Jennison Mid-Cap Growth A,** 95 US Mid Growth / 3 Intl Mid Growth / 2 Cash **,0.0103
WETF,WisdomTree Investments Inc,US Small Growth,0.0
AXP,American Express Co,US Large Blend,0.0
WF,Woori Bank ADR,Emerging Large Value,0.0
WFC,Wells Fargo & Co,US Large Value,0.0
WFMDX,Wells Fargo Special Mid Cap Value Admin,US Mid Value,0.011
WFMIX,"Wells Fargo Special Mid Cap Value Inst(USD,WFMIX)",US Mid Value,0.0084
WGFIX,William Blair Global Leaders I,** .56 US Large Growth / .44 Intl Large Growth **,0.0115
WGIFX,"American Funds Capital World Gr&Inc F2(USD,WGIFX)",** 50 US Large Blend / 50 Intl Large Blend **,0.0054
WGRIX,"Wintergreen Institutional(USD,WGRIX)",** 50% US Mid Growth / 30% Intl Mid Growth / 20% Int-Term Inv. Grade **,0.0179
WHGIX,Westwood Income Opportunity Instl,** .2 Cash/Money Market / .45 US Large Blend / .35 Short-Term Investment Grade **,0.0086
PGOAX,PGIM Jennison Small Company A,** 91 US Small Blend / 5 Intl Small Blend / 4 Cash **,0.0113
WHGSX,Westwood SmallCap Value Institutional,US Small Blend,0.0099
WHR,Whirlpool Corp,US Mid Value,0.0
AYI,ACUITY BRANDS INC,US Mid Blend,0.0
WIN,"Windstream Holdings Inc(USD,WIN)",US Small Value,0.0
WIOPX,Wilshire Income Opportunities Instl,Long-Term Inv. Grade,0.0091
WIP,SPDR® Citi Intl Govt Infl-Prot Bd ETF,World Bond,0.005
WIPIX,"Wells Fargo Core Plus Bond Instl(USD,WIPIX)",Int-Term Inv. Grade,0.0041
WLCGX,Wilshire Large Company Growth Instl,US Large Growth,0.0098
WLCVX,Wilshire Large Company Value Instl,US Large Value,0.0097
WLTGQ,"Walter Energy Inc(USD,WLTGQ)",US Micro,0.0
GEMAX,"Goldman Sachs Emerging Markets Eq A(USD,GEMAX)",Emerging Large Growth,0.0158
WLTTX,Wilshire International Equity Instl,Intl Large Blend,0.0125
wm,"Waste Management Inc(USD,WM)",US Large Blend,0.0
WMB,Williams Companies Inc,US Large Value,0.0
AZN,"AstraZeneca PLC ADR(USD,AZN)",Intl Large Blend,0.0
WMBIX,"Wells Fargo Municipal Bond Inst(USD,WMBIX)",Int-Term Inv. Grade,0.0045
WMFFX,American Funds Washington Mutual F2,** .9 US Large Blend / .1 Intl Large Blend **,0.0036
wmgi,"Wright Medical Group NV(USD,WMGI)",Intl Small Growth,0.0
wmmvy,"Wal - Mart de Mexico SAB de CV ADR(USD,WMMVY)",Emerging Large Growth,0.0
WMT,Walmart Inc,US Large Value,0.0
WP,Worldpay Inc Class A,US Large Growth,0.0
PJRAX,PGIM Quant Solutions International Eq A,Intl Large Value,0.0143
WPC,W.P. Carey Inc,US Real Estate,0.0
WPM,Wheaton Precious Metals Corp,US Mid Growth,0.0
WPOPX,"Weitz Partners III Opportunity Instl(USD,WPOPX)",** 75 US Large Growth 25 Cash/Money Market **,0.0156
WPRT,"Westport Fuel Systems Inc(USD,WPRT)",Intl Small Growth,0.0
AZSEY,"Allianz SE ADR(USD,AZSEY)",Intl Large Value,0.0
WPX,WPX Energy Inc Class A,US Mid Growth,0.0
WRB,"WR Berkley Corp(USD,WRB)",US Mid Blend,0.0
WSHFX,"American Funds Washington Mutual F1(USD,WSHFX)",US Large Blend,0.0064
WSM,Williams-Sonoma Inc,US Mid Value,0.0
WSMDX,William Blair Small-Mid Cap Gr I,US Mid Growth,0.011
SPFAX,PGIM Jennison Focused Growth A,** 83 US Large Growth / 12 Intl Large Growth / 5 Cash **,0.0105
WSMGX,Wilshire Small Company Growth Instl,US Small Growth,0.011
WSMVX,Wilshire Small Company Value Instl,US Small Value,0.011
WSO,Watsco Inc,US Mid Blend,0.0
WST,WEST PHARM SRVC INC,US Mid Growth,0.0
WTKWY,Wolters Kluwer NV ADR,Intl Large Growth,0.0
B000113WNZ,Texas Transn Commn St Hwy Fd R Re 5.178%,Short-Term Inv. Grade,0.0
WTR,"Aqua America Inc(USD,WTR)",US Mid Blend,0.0
WU,The Western Union Co,US Mid Value,0.0
WUBA,58.com Inc ADR repr Class A,Emerging Mid Growth,0.0
wve,"WAVE Life Sciences Ltd(USD,WVE)",US Mid Growth,0.0
AFICX,American Funds Fundamental Invs C,** 79 US Large Blend / 19 Intl Large Blend / 2 Cash **,0.0134
WVVI,Willamette Valley Vineyards Inc,US Small Blend,0.0
WY,"Weyerhaeuser Co(USD,WY)",US Real Estate,0.0
WYN,Wyndham Worldwide Corp,US Mid Value,0.0
X,United States Steel Corp,US Small Growth,0.0
XAR,"SPDR® S&P Aerospace & Defense ETF(USD,XAR)",US Mid Growth,0.0035
XBI,SPDR S&P Biotech ETF,US Small Growth,0.0035
B0001140XZ,Minneapolis & St Paul Minn Met Sr Air 5%,Short-Term Inv. Grade,0.0
XEL,"Xcel Energy Inc(USD,XEL)",US Large Value,0.0
XILSX,Pioneer Ils Interval Fd Shs Ben Int,Other,0.0199
XL,XL Fleet Corp Ordinary Shares - Class A,US Micro,0.0
AICCX,American Funds Invmt Co of Amer C,** 83 US Large Blend / 11 Intl Large Blend / 6 Cash **,0.0133
XLB,Materials Select Sector SPDR® ETF,US Large Blend,0.001
XLE,Energy Select Sector SPDR,US Large Blend,0.001
XLF,Financial Select Sector SPDR,US Large Value,0.001
XLG,Russell Top 50 ETF,US Large Growth,0.002
XLI,Industrial Select Sector SPDR,US Large Blend,0.0013
XLK,Technology Select Sector SPDR,US Large Growth,0.0013
XLNX,XILINX INC,US Large Growth,0.0
B00015OS1J,California St Dept Wtr Res Pwr Pwr Su 5%,Short-Term Inv. Grade,0.0
XLP,Consumer Staples Select Sector SPDR,US Large Value,0.0013
XLRE,"Real Estate Select Sector SPDR®(USD,XLRE)",US Real Estate,0.0013
HDGCX,Hartford Dividend and Growth C,** 90 US Large Blend / 6 Intl Large Blend / 4 Cash **,0.0175
XLU,"Utilities Select Sector SPDR® ETF(USD,XLU)",US Large Value,0.0013
XLV,Health Care Select Sector SPDR,US Large Blend,0.0013
XLY,"Consumer Discret Sel Sect SPDR® ETF(USD,XLY)",US Large Growth,0.0013
XOM,Exxon Mobil Corp,US Large Blend,0.0
XPL,"Solitario Zinc Corp(USD,XPL)",US Small Blend,0.0
XPO,XPO LOGISTICS INC,US Mid Growth,0.0
XRX,XEROX CORP,US Mid Value,0.0
XXII,"22nd Century Group Inc(USD,XXII)",US Small Growth,0.0
B00032PKL2,Honolulu Hawaii City & Cnty Wa Rev Bd 5%,Short-Term Inv. Grade,0.0
XYL,XYLEM INC.,US Mid Growth,0.0
PARA,Paramount Global Class B,US Mid Value,0.0
Y,"Alleghany Corp(USD,Y)",US Mid Blend,0.0
YACKX,AMG Yacktman I,** 60 US Large Blend / 25 Intl Large Blend / 15 Cash **,0.0071
YAFFX,AMG YACKTMAN FOCUSED N,** 50 US Large Value / 40 Intl Large Value / 10 Cash **,0.0127
YUM,Yum Brands Inc,US Large Growth,0.0
YUMC,Yum China Holdings Inc,Emerging Large Blend,0.0
ZAYO,Zayo Group Holdings Inc,US Mid Blend,0.0
ZBH,Zimmer Biomet Holdings Inc,US Large Blend,0.0
ZTS,ZOETIS INC,US Large Growth,0.0
true,TrueCar Inc,US Small Blend,0.0
B00033FY4G,Huntington Beach Calif Un High Go Ref 5%,Short-Term Inv. Grade,0.0
BKAG,BNY Mellon Core Bond ETF,Int-Term Inv. Grade,0.0
FSHIX,Federated Shrt-Interm Dur Muni Trust Ins,Int-Term Inv. Grade,0.0046
HES,Hess Corp,US Mid Blend,0.0
CPWHF,Ceres Power Holdings PLC,Intl Small Growth,0.0
B00034EG1W,Washington Cnty Ore Sch Dist,Short-Term Inv. Grade,0.0
FIHD,UBS AG FI Enhanced Global High Yield ETN,** 90 Intl Large Blend / 10 Emerging Large Blend **,0.008
FFEU,Barclays ETN+ FI Enhanced Europe 50 C,Non-traditional,0.0105
CWB,"SPDR® Blmbg Barclays Convert Secs ETF(USD,CWB)",Non-Traditional,0.004
TCLNX,TIAA-CREF Lifecycle 2030 Retirement,** 50% US Large Growth / 20% Intl Large Growth / 30% Int-Term Inv. Grade **,0.0067
TTIRX,TIAA-CREF Lifecycle Index 2055 Retire,** 70% US Large Blend / 30% Intl Large Blend **,0.0035
FEUL,Credit Suisse FI Enh Eurp 50 ETN FEUL,Non-Traditional,0.01
HTHIY,Hitachi Ltd ADR,Intl Large Value,0.0
WNC,Wabash National Corp,US Small Value,0.0
ITMPF,ITM Power PLC,Intl Mid Growth,0.0
YASKY,YASKAWA Electric Corp ADR,Intl Large Growth,0.0
HUBG,Hub Group Inc Class A,US Small Blend,0.0
B00034IZLB,California Mun Fin Auth 5%,Short-Term Inv. Grade,0.0
MDXG,MiMedx Group Inc,US Small Growth,0.0
CUR,Neuralstem Inc,US Small Growth,0.0
WDAY,Workday Inc Class A,US Large Growth,0.0
CRARY,Credit Agricole SA ADR,Intl Large Value,0.0
MIELY,Mitsubishi Electric Corp ADR,Intl Large Blend,0.0
APY,Apergy Corp,US Small Growth,0.0
DOV,Dover Corp,US Mid Blend,0.0
NLLSF,NEL ASA,Intl Small Growth,0.0
KODK,Eastman Kodak Co,US Small Value,0.0
HUN,Huntsman Corp,US Mid Value,0.0
PRDSX,T. Rowe Price QM US Small-Cap Gr Eq,US Mid Growth,0.008
B00034IZM6,Chandler Ariz Go Ref Bd 4%,Int-Term Inv. Grade,0.0
VTTVX,Vanguard Target Retirement 2025 Inv,** 30 US Large Blend / 20 Intl Large Blend / 50 Int-Term Treasury **,0.0013
MIGYX,Oppenheimer Main Street Y,US Large Growth,0.0062
PFPMX,Parnassus Mid Cap Institutional,US Mid Growth,0.0075
VIRSX,Vanguard Instl Trgt Retire 2040 Instl,** 50% US Large Blend / 35% Intl Large Blend / 15% Int-Term Inv. Grade **,0.0009
EXPE,Expedia Group Inc,US Mid Growth,0.0
FUTY,Fidelity® MSCI Utilities ETF,US Large Value,0.00084
GEMCX,"Goldman Sachs Emerging Markets Eq C(USD,GEMCX)",Emerging Large Growth,0.0233
PSJ,Invesco Dynamic Software ETF,US Mid Growth,0.0063
SKYW,SkyWest Inc,US Small Value,0.0
FAUTX,American Funds 2040 Trgt Date Retire F1,**65% US Large Growth / 30% Intl Large Growth / 15% Int-Term Inv. Grade **,0.0076
TRHRX,T. Rowe Price Target 2040,**45% US Large Growth / 25% Intl Large Growth / 30% High Yield,0.007
B00034JJ6M,Los Angeles Calif Dept Wtr & P Pwr Sys R,Int-Term Inv. Grade,0.0
SWTXX,Schwab Municipal Money Inv,Cash/Money Market,0.0034
AAL,American Airlines Group Inc,US Mid Value,0.0
SOLO,Electrameccanica Vehicles Corp Ltd,Intl Small Blend,0.0
EMF,Templeton Emerging Markets,** 70 Emerging Large Blend / 30 Intl Large Blend **,0.016
TIF,Tiffany & Co,US Mid Blend,0.0
ANGPY,Anglo American Platinum Ltd ADR,Intl Large Growth,0.0
SPRXX,Fidelity® Money Market,Cash/Money Market,0.0042
FSPSX,Fidelity® International Index,Intl Large Blend,0.00035
FLCEX,Fidelity® Large Cap Core Enhanced Index,US Large Blend,0.0039
FLCOX,Fidelity® Large Cap Value Index,US Large Value,0.00035
FSSNX,Fidelity® Small Cap Index,US Small Blend,0.00025
B00034JVXK,St Cloud Minn Health Care Rev Rev Ref 5%,Short-Term Inv. Grade,0.0
SPIAX,Invesco S&P 500 Index A,US Large Blend,0.0057
FNCMX,Fidelity® NASDAQ Composite Index®,US Large Growth,0.003
FAHCX,Fidelity Advisor® High Income Advtg I,High Yield,0.0075
FGOMX,Strategic Advisers Fidelity Em Mkts,** 75 Emerging Large Blend / 25 Intl Large Blend **,0.0053
ANFGF,Antofagasta PLC,Intl Large Blend,0.0
FIWGX,Strategic Advisers® Fidelity® Core Inc,Int-Term Inv. Grade,0.0028
TIMXX,US Govt Money Market RBC Instl 2,Cash/Money Market,0.0029
WFRPX,Wealthfront Risk Parity W,Non-Traditional,0.0025
LILAX,BlackRock LifePath® Index 2025 Inv A,** 30 US Large Blend / 20 Intl Large Blend / 40 Int-Term Treasury / 10 Inflation Protected **,0.0039
VFFSX,Vanguard 500 Index Institutional Select,US Large Blend,0.0001
B00034KIJC,Washington St Health Care Facs Rev Bd 5%,Short-Term Inv. Grade,0.0
VWNAX,Vanguard Windsor™ II Admiral™,US Large Value,0.0025
DFIHX,DFA One-Year Fixed-Income I,** 40 Short-Term Inv. Grade / 60 Cash/Money Market **,0.0017
DFREX,DFA Real Estate Securities I,US Real Estate,0.0018
DFUSX,DFA US Large Company I,US Large Blend,0.0008
ARAFF,Arafura Resources Ltd,Intl Small Blend,0.0
AAP,Advance Auto Parts Inc,US Mid Blend,0.0
DELL,Dell Technologies Inc Class C,US Large Blend,0.0
DBLSX,DoubleLine Low Duration Bond I,Int-Term Inv. Grade,0.0043
FKCIX,Franklin CA Interm-Term Tx-Fr Inc A1,Int-Term Inv. Grade,0.0059
VFIRX,Vanguard Short-Term Treasury Adm,Short-Term Treasury,0.001
MDCMX,BlackRock California Muni Opps Inv A1,Int-Term Inv. Grade,0.0073
B00034OANI,Bay Area Toll Auth,Short-Term Inv. Grade,0.0
NPTN,NeoPhotonics Corp,US Small Blend,0.0
BSCFX,Baron Small Cap Retail,** 88 US Small Growth / 8 Intl Large Growth / 4 Cash **,0.013
JAMCX,JPMorgan Mid Cap Value A,US Mid Value,0.0124
GOEV,Canoo Inc Ordinary Shares - Class A,US Small Blend,0.0
MNOSX,Manning & Napier Overseas Series S,**80% Intl Large Growth / 20% US Large Growth **,0.0105
PALL,Aberdeen Standard Phys PalladiumShrs ETF,Commodities,0.006
BIBDX,BlackRock Global Dividend Instl,** 60% Intl Large Value / 40% US Large Value **,0.0072
IRFIX,Cohen & Steers International Realty I,Intl Real Estate,0.01
NCMAX,Columbia AMT-Free CA Interm MuniBd Inst,Int-Term Inv. Grade,0.005
CLMPX,Columbia Strat CA Muncpl Inc A,Int-Term Inv. Grade,0.0079
GOFXX,Federated Government Obligs Premier,Cash/Money Market,0.0015
B00034SNCE,West Vy Mission Cmnty College Go Ref 5%,Int-Term Inv. Grade,0.0
GJRTX,Goldman Sachs Absolute Ret Trckr Instl,Non-Traditional,0.0073
OEF,iShares S&P 100 ETF,US Large Blend,0.002
ESOCF,Enel SpA,Intl Large Value,0.0
HYD,VanEck Vectors High-Yield Municipal ETF,High Yield,0.0035
LEO,BNY Mellon Startegic Municipals,High Yield,0.0181
EVN,EV Municipal Income,Long-Term Inv. Grade,0.029
PCI,PIMCO Dynamic Credit and Mortgage Inc,Non-Traditional,0.0463
PDI,PIMCO Dynamic Income,** 40% Emerging Market Debt / 60% Int-Term Inv. Grade **,0.0396
PML,PIMCO Municipal Income II,Long-Term Inv. Grade,0.0193
PZT,Invesco New York AMT-Free Muni Bd ETF,Int-Term Inv. Grade,0.0028
AIA,iShares Asia 50 ETF,** 60% Intl Large Blend / 40% Emerging Large Blend **,0.005
B00034V8AK,Honolulu Hawaii City & Cnty Go Bds 5%,Short-Term Inv. Grade,0.0
USHY,iShares Broad USD High Yield Corp Bd ETF,High Yield,0.0022
EQ,Equillium Inc,US Small Value,0.0
USRT,iShares Core US REIT ETF,US Real Estate,0.0008
PSEC,Prospect Capital Corp,US Small Value,0.0
B00015OPPR,US Treasury Note 1%,Int-Term Treasury,0.0
B00001S7HK,Puerto Rico Comwlth Go Bds 5.125%,High Yield,0.0
B00001VAP4,Santa Clarita Calif Cmnty Coll Go Bds,Int-Term Inv. Grade,0.0
SPLK,Splunk Inc,US Mid Growth,0.0
B00035E4UV,US Treasury Bill,Int-Term Treasury,0.0
B00036UZFB,US Treasury Bill,Int-Term Treasury,0.0
B00036ZYUD,US Treasury Bill,Int-Term Treasury,0.0
B00034W12F,Wisconsin St Transn Rev Rev Ref B 0.02%,Short-Term Inv. Grade,0.0
FQVLF,First Quantum Minerals Ltd,Intl Large Blend,0.0
B00032BR8G,US Treasury Note 1.625%,Int-Term Treasury,0.0
JPI,Nuveen Preferred & Income Term,Preferred Stock,0.0272
POGAX,Putnam Growth Opportunities A,US Large Growth,0.0091
FDSWX,AIG Focused Dividend Strategy W,US Large Value,0.0084
AL,Air Lease Corp Class A,US Mid Value,0.0
AEGFX,American Funds Europacific Growth F1,** 80 Intl Large Growth / 20 Emerging Large Growth **,0.0087
TEFEX,American Funds Tax-Exempt Fund of CA F2,Int-Term Inv. Grade,0.0043
FVCAX,Franklin CA High Yield Municipal Adv,High Yield,0.0058
ODMAX,Invesco Developing Markets A,** 55 Emerging Large Blend / 45 Intl Large Blend **,0.012
FVUSA04BCW,AST Balanced Asset Allocation,** 60% US Large Blend / 40% Int-Term Inv. Grade **,0.0094
GERN,Geron Corp,US Small Growth,0.0
B00034W2TT,Ips Multi-Sch Bldg Corp Ind,Short-Term Inv. Grade,0.0
ROBO,Robo Global® Robotics&Automation ETF,** 50 US Mid Growth / 50 Intl Mid Growth **,0.0095
ROBT,FT Nasdaq Artfcl Intllgnc and Rbtc ETF,** 50% US Mid Growth / 50% Intl Mid Growth **,0.0065
HBAN,Huntington Bancshares Inc,US Mid Value,0.0
KAR,KAR Auction Services Inc,US Small Value,0.0
PLD,Prologis Inc,US Real Estate,0.0
TRI,Thomson Reuters Corp,Intl Large Growth,0.0
CPRI,Capri Holdings Ltd,Intl Mid Value,0.0
HGEN,Humanigen Inc,US Micro,0.0
INTF,iShares Edge MSCI Multifactor Intl ETF,Intl Large Blend,0.003
LRGF,iShares Edge MSCI Multifactor USA ETF,US Large Value,0.002
B00034YSSH,Los Angeles Calif Cmnty Colleg Go Ref 5%,Short-Term Inv. Grade,0.0
AFMBX,American Funds American Balanced F3,** 60 US Large Blend / 40 Int-Term Inv. Grade **,0.0029
CFIHX,American Funds Capital Income Bldr F3,** 40% US Large Value / 35% Intl Large Value / 25% Int-Term Inv. Grade **,0.0029
GAFFX,American Funds Growth Fund of Amer F3,** 80 US Large Growth / 20 Intl Large Growth **,0.0031
FNPFX,American Funds New Perspective F3,** 50% US Large Growth / 50% Intl Large Growth **,0.0045
FNWFX,American Funds New World F3,** 30 Emerging Large Growth / 55 Intl Large Growth / 15 US Large Growth **,0.0057
BOSOX,Boston Trust Small Cap,US Small Blend,0.01
MAPOX,Mairs & Power Balanced Inv,** 60% US Large Blend / 40% Int-Term Inv. Grade **,0.0072
RIDE,Lordstown Motors Corp Ordinary Shares,US Small Value,0.0
OAYIX,Oakmark International Advisor,Intl Large Value,0.0083
VMNVX,Vanguard Global Minimum Volatility Admr,** 50% US Large Blend / 50% Intl Large Blend **,0.0015
DTD,WisdomTree US Total Dividend ETF,US Large Value,0.0028
B00034Z70S,Escondido Calif,Short-Term Inv. Grade,0.0
CWEN.A,Clearway Energy Inc,US Small Value,0.0
EEMV,iShares Edge MSCI Min Vol Emerg Mkts ETF,** 75 Emerging Large Blend / 25 Intl Large Blend **,0.0025
SICNX,Schwab® International Core Equity,Intl Large Blend,0.0086
VOX,Vanguard Communication Services ETF,US Large Growth,0.001
CBSH,Commerce Bancshares Inc,US Mid Value,0.0
SR,Spire Inc,US Mid Value,0.0
GFFFX,American Funds Growth Fund of Amer F2,** 83 US Large Growth / 11 Intl Large Growth / 6 Cash **,0.0043
VIGRX,Vanguard Growth Index Investor,US Large Growth,0.0017
B00034ZPD3,Miami-Dade Cnty Fla Wtr & Swr Ref Bds 5%,Int-Term Inv. Grade,0.0
EEMS,iShares MSCI Emerging Markets Sm-Cp ETF,** 60% Emerging Mid Value / 40% Intl Mid Value **,0.0067
FFC,Flah&Crum Pref Securities Income,Preferred Stock,0.0228
FM,iShares MSCI Frontier 100 ETF,Emerging Mid Blend,0.0081
OBLG,Oblong Inc,US Small Value,0.0
B000351R27,Grand Valley Mich St Univ Rev Gen 5%,Short-Term Inv. Grade,0.0
GDO,Western Asset Global Corporate Defined Opportunity Fund,World Bond,0.02
HYI,Western Asset High Yield Defined Opportunity Fund,High Yield,0.009
IGD,Voya Global Equity Dividend and Premium Opportunity Fund,** 60% US Large Value / 40% Intl Large Value **,0.0125
FVSAX,Strategic Advisers Value,US Large Value,0.0028
DNNGY,Orsted A/S ADR,Intl Large Blend,0.0
IID,Voya International High Dividend Equity Income Fund,Intl Large Value,0.0159
IJS,iShares S&P Small-Cap 600 Value ETF,US Small Value,0.0025
KTN,"Credit Enhanced Corts Trust For Aon Capital A, 8.205% Certificates",High Yield,0.0
SPH,Suburban Propane Partners LP,US Small Value,0.0
VOT,Vanguard Mid-Cap Growth ETF,US Mid Growth,0.0007
B000357N6T,San Francisco Calif Bay Area R Sales Tax,Int-Term Inv. Grade,0.0
PACB,Pacific Biosciences of California Inc,US Small Growth,0.0
B00035ITSW,Antelope Vy-East Kern Calif Wt Wtr Rev R,Int-Term Inv. Grade,0.0
GCTAY,Siemens Gamesa Renewable Energy SA ADR,Intl Mid Value,0.0
B00035VD3F,Hawaii St Go Bds 5%,Int-Term Inv. Grade,0.0
TMRC,Texas Mineral Resources Corp,Commodities,0.0
B00036FPIP,King Cnty Wash Sch Dist,Int-Term Inv. Grade,0.0
IAF,Aberdeen Australia Equity,Intl Large Blend,0.0155
MDU,MDU Resources Group Inc,US Mid Value,0.0
TR,Tootsie Roll Industries Inc,US Small Blend,0.0
ASHR,Xtrackers Harvest CSI 300 China A ETF,Emerging Large Blend,0.0065
FWGIX,American Funds Capital World Gr&Inc F3,** 50% US Large Growth / 50% Intl Large Growth **,0.0044
FUNFX,American Funds Fundamental Invs F3,** 80 US Large Blend / 20 Intl Large Blend **,0.0028
AFMFX,American Funds American Mutual F3,**90 US Large Value / 10 Intl Large Value **,0.0027
LISIX,Lazard International Strategic Eq Instl,Intl Large Blend,0.0081
FSMEX,Fidelity Select Medical Tech and Devcs,US Large Growth,0.0073
FFTHX,Fidelity Freedom 2035 Fund,**50% US Large Blend / 30% Intl Large Blend / 20% Long-Term Inv. Grade**,0.0074
NH PORTFOLIO 2027,NH PORTFOLIO 2027,**40% US Large Blend / 20% Intl Large Blend / 30% Int-Term Inv. Grade **,0.0083
OROCF,Allkem Ltd,Intl Mid Growth,0.0
B00036FR66,Ohio St Hosp Fac 5%,Int-Term Inv. Grade,0.0
NH PORTFOLIO 2024,NH PORTFOLIO 2024,**30% US Large Blend / 20% Intl Large Blend / 50% Int-Term Inv. Grade **,0.0077
FSHCX,Fidelity Select Health Care Svcs Port,US Large Blend,0.0076
FENY,Fidelity MSCI Energy ETF,US Large Value,0.00084
MOO,VanEck Vectors Agribusiness ETF,Commodities,0.0054
HYS,PIMCO 0-5 Year High Yield Corp Bd ETF,High Yield,0.0056
WTM,White Mountains Insurance Group Ltd,Intl Small Value,0.0
COSSX,Columbia Overseas Value Inst2,Intl Large Value,0.0082
GICIX,Goldman Sachs Intl Sm Cp Insghts Instl,Intl Mid Value,0.0087
JEF,JEFFERIES FINL,US Mid Value,0.0
ARCVF,Arcadis NV,Intl Mid Blend,0.0
POGRX,PRIMECAP ODYSSEY GROWTH,** 85 US Large Growth / 15 Intl Large Growth **,0.0065
B00036GJP8,Austin Tex Pub Impt,Int-Term Inv. Grade,0.0
WIGRX,WASATCH CORE GROWTH FUND INST,US Small Growth,0.0106
FINX,GLOBAL X FINTECH ETF,** 70 US Mid Growth / 30 Intl Mid Growth **,0.0068
MIPTX,MATTHEWS PACIFIC TIGER  FD INSTL,** 70% Emerging Large Growth / 30% Intl Large Growth **,0.0088
FIEMX,FIDELITY ADV EMRG EUROPE MIDDLE EAST AFRICA I,Emerging Mid Blend,0.0125
PIGIX,PIMCO INVESTMENT GRADE  CREDIT BD INST,Int-Term Inv. Grade,0.0077
BYDDY,BYD Co Ltd ADR,Intl Large Growth,0.0
B00036LRWS,Colorado Health Facs Auth 5%,Short-Term Inv. Grade,0.0
CASBF,CanSino Biologics Inc Class H,Intl Mid Growth,0.0
B00036OBNB,Univ Wash Univ Revs Gen Rev B,Int-Term Inv. Grade,0.0
GFI,"Gold Fields Ltd ADR(USD,GFI)",Intl Mid Growth,0.0
B00036QZTN,California St 5%,Short-Term Inv. Grade,0.0
HFAAX,Janus Henderson Developed World Bond A,** 97 Int-Term Inv. Grade / 3 Cash **,0.0082
CDXC,ChromaDex Corp,US Small Growth,0.0
DRCAX,Dreyfus CA AMT-Free Municipal Bond Z,Int-Term Inv. Grade,0.0076
DRTAX,Dreyfus Municipal Bond,Int-Term Inv. Grade,0.0072
DQIAX,Dreyfus Equity Income A,US Large Value,0.0103
B000374WL6,Wisconsin St Health & Edl Facs Milwaukee,Long-Term Inv. Grade,0.0
KAMN,Kaman Corp Class A,US Small Blend,0.0
EWU,iShares MSCI United Kingdom ETF,Intl Large Blend,0.0047
XLC,Communication Services Sel Sect SPDR®ETF,US Large Growth,0.0013
EDRVF,EDP Renovaveis SA,Intl Large Blend,0.0
DRRIX,Dreyfus Global Real Return I,** 25 Intl Large Blend / 50 Long-Term Inv. Grade / 25 Cash/Money Market **,0.009
IVOIX,Ivy Mid Cap Income Opportunities Fund Class I,US Mid Blend,0.0083
NDVIX,MFS New Discovery Value I,US Small Value,0.0103
MJFOX,Matthews Japan Fund Investor Class,Intl Large Growth,0.0091
FAARX,Nuveen All-American Municipal Bond I,Long-Term Inv. Grade,0.0052
WACPX,Western Asset Core Plus Bond I,Int-Term Inv. Grade,0.0045
SBTYX,Western Asset Intermediate-Term Muni I,Int-Term Inv. Grade,0.0043
B00037885A,Harris Cnty Tex Met Tran Auth,Long-Term Inv. Grade,0.0
MRSIX,MFS Research International I,Intl Large Growth,0.0084
MMIIX,MFS Municipal High Income Fund Class I,High Yield,0.0066
CO,Global Cord Blood Corp Shs Stock Settlement,Intl Small Value,0.0
NUVBX,Nuveen Intermediate Duration Muni Bd I,Int-Term Inv. Grade,0.0048
WSBIX,Wells Fargo Short-Term Municipal Bd Inst,Short-Term Inv. Grade,0.004
HLGAX,JPMorgan Government Bond I,Int-Term Treasury,0.0048
MBDIX,MFS Corporate Bond I,Int-Term Inv. Grade,0.0053
PHYTX,Principal High Yield Fund Institutional Class,High Yield,0.0061
AIMMA,Ameriprise ® INSURED MONEY MARKET,Cash/Money Market,0.0
MCAGX,MFS Aggressive Growth Allocation C,** 65% US Large Growth / 35% Intl Large Growth **,0.0181
FSNVX,Fidelity Freedom® 2040 K,** 55% US Large Blend / 45% Intl Large Blend **,0.0065
B00037B6YC,Monterey Peninsula Calif Uni S Go Bds,Short-Term Inv. Grade,0.0
Other,CASH - 0.000%,Cash/Money Market,0.0
IFSPF,Interfor Corp,Intl Small Value,0.0
Barclays PLC 2.375%20F,Barclays PLC 2.375%20F,Short-Term Inv. Grade,0.0
BOA C VAR 20,BOA C VAR 20,Short-Term Inv. Grade,0.0
"CHEVRON CORP 2,419%20","CHEVRON CORP 2,419%20",Short-Term Inv. Grade,0.0
SWWXX,Schwab AMT Tax-Free Money Inv,Cash/Money Market,0.0
ATOIX,Aberdeen Ultra Short Municipal Inc Instl,Short-Term Inv. Grade,0.0045
GXSAX,Goldman Sachs Satellite Strategies A,** 15 US Large Blend / 40 Intl Large Blend / 45 Int-Term Inv. Grade **,0.0142
AFLIX,Anfield Universal Fixed Income I,Long-Term Inv. Grade,0.0122
MWSIX,Metropolitan West Strategic Income Fund Class Institutional,High Yield,0.0153
BSCK,Invesco BulletShares 2020 Corp Bd ETF,Short-Term Inv. Grade,0.001
B00037C94O,Los Angeles Cnty Calif Met Tra Propositi,Short-Term Inv. Grade,0.0
MARA,Marathon Digital Holdings Inc,US Small Growth,0.0
PCEF,Invesco CEF Income Composite ETF,** 65 High Yield / 25 US Large Blend / 10 Intl Large Blend **,0.0197
DEF,Invesco Defensive Equity ETF,US Large Blend,0.0059
XMLV,Invesco S&P MidCap Low Volatility ETF,US Mid Value,0.0025
RHS,Invesco S&P 500® Eql Wt Cnsm Stapl ETF,US Large Value,0.004
NEAR,iShares Short Maturity Bond ETF,Short-Term Inv. Grade,0.0025
IHF,iShares U.S. Healthcare Providers ETF,US Large Blend,0.0043
GLDW,SPDR® Long Dollar Gold Trust,Commodities,0.005
AKRIX,Akre Focus Instl,US Large Growth,0.0105
AUEIX,AQR Large Cap Defensive Style Fund Class I,US Large Blend,0.0039
BILPX,BlackRock Event Driven Equity Instl,** 60 Cash / 25 US Mid Blend / 15 Intl Mid Blend **,0.0126
MARUF,Marubeni Corp,Intl Large Value,0.0
BA,Boeing Co,US Large Value,0.0
SHSSX,BlackRock Health Sciences Opps Instl,** 90 US Large Growth / 10 Intl Large Growth **,0.0087
ISTIX,Ivy Science and Technology Fund Class I,** 90 US Large Growth / 10 Intl Large Growth **,0.0097
HLIEX,JPMorgan Equity Income I,US Large Value,0.0075
GLIFX,Lazard Global Listed Infrastructure Inst,** 25 US Large Blend / 70 Intl Large Blend / 5 Cash **,0.0097
TORZX,Toreador Core Institutional,US Large Value,0.0095
VCMIX,VERSUS CAPITAL REAL ESTATE INCOME FUND,US Real Estate,0.0117
AFLEX,Anfield Universal Fixed Income A,Int-Term Inv. Grade,0.0147
MWSTX,Metropolitan West Strategic Income Fund Class M,High Yield,0.0235
AUENX,AQR Large Cap Defensive Style N,US Large Blend,0.0065
MITSF,Mitsui & Co Ltd,Intl Large Value,0.0
OIEIX,JPMorgan Equity Income Fund Class A,US Large Value,0.0101
BABA,Alibaba Group Holding Ltd ADR,Emerging Large Growth,0.0
MERFX,Merger Investor,**50 US Mid Growth / 50 Cash/Money Market **,0.0201
MGIAX,MFS International Intrinsic Value A,** 85 Intl Large Growth / 10 US Large Growth / 5 Cash **,0.0097
MDRX,Allscripts Healthcare Solutions Inc,US Small Blend,0.0
AME,AMETEK Inc,US Large Blend,0.0
BEAT,BioTelemetry Inc,US Small Growth,0.0
DAN,Dana Inc,US Small Value,0.0
DEI,Douglas Emmett Inc,US Mid Blend,0.0
FULT,Fulton Financial Corp,US Small Value,0.0
MURGY,Munchener Ruckversicherungs-Gesellschaft AG ADR,Intl Large Value,0.0
IT,Gartner Inc A,US Mid Growth,0.0
IEX,IDEX Corp,US Mid Growth,0.0
BAC,Bank of America Corporation,US Large Value,0.0
MMSI,Merit Medical Systems Inc,US Small Growth,0.0
PNFP,Pinnacle Financial Partners Inc,US Mid Blend,0.0
SAFM,Sanderson Farms Inc,US Small Blend,0.0
SIVB,SVB Financial Group,US Mid Blend,0.0
SHEN,Shenandoah Telecommunications Co,US Small Growth,0.0
SILC,Silicom Ltd,Intl Small Growth,0.0
SFTBF,SoftBank Group Corp,Intl Large Value,0.0
SNX,Synnex Corp,US Mid Value,0.0
TER,Teradyne Inc,Intl Mid Growth,0.0
UMH,UMH Properties Inc,US Small Blend,0.0
WNS,WNS (Holdings) Ltd ADR,Intl Mid Blend,0.0
BAESY,BAE SYSTEMS PLC F SPONSORED ADR 1 ADR REPS 4 ORD SHS,Intl Large Growth,0.0
WASH,Washington Trust Bancorp Inc,US Small Blend,0.0
JKL,iShares Morningstar Small-Cap Value ETF,US Small Value,0.003
RPV,Invesco S&P 500® Pure Value ETF,US Large Value,0.0035
RZG,Invesco S&P SmallCap 600® Pure Gr ETF,US Small Growth,0.0035
RFV,Invesco S&P MidCap 400® Pure Value ETF,US Small Value,0.0035
TCN,Tricon Residential Inc,Intl Mid Growth,0.0
WRE,Washington REIT,US Real Estate,0.0
WMS,Advanced Drainage Systems Inc,US Small Growth,0.0
CNX,CNX Resources Corp,US Small Blend,0.0
BAFHX,Brown Advisory WMC Strat Eurp Eq Instl,Intl Large Growth,0.0109
IDRA,Idera Pharmaceuticals Inc,US Small Value,0.0
MIME,Mimecast Ltd,Intl Small Growth,0.0
PINC,Premier Inc Class A,US Small Value,0.0
PRNB,Principia Biopharma Inc,US Small Blend,0.0
TRHC,Tabula Rasa HealthCare Inc,US Small Growth,0.0
QIWSQ,bank sweep,Cash/Money Market,0.0
YAFIX,AMG Yacktman Focused I,** 50 US Large Blend / 25 Intl Large Blend / 25 Cash/Money Market **,0.011
ACVKX,AC Alternatives® Market Neutral Val I,Cash/Money Market,0.0364
CMNIX,Calamos Market Neutral Income I,non-traditional,0.01
JHAIX,JHancock Global Absolute Ret Strats I,** 40 US Large Value / 30 Intl Large Value / 30 Int-Term Inv. Grade **,0.0115
bafjx,"Brown Advisory WMC JPN Alpha Opps Instl(USD,BAFJX)",Intl Mid Value,0.0115
CCAPX,Chiron Capital Allocation I,** 20 US Large Blend / 25 Intl Large Blend / 45 Int-Term Treasury / 10 Cash/Money Market **,0.0111
BSIKX,BlackRock Strategic Income Opps K,High Yield,0.0074
JSTIX,JHancock Income I,High Yield,0.0052
OXFCF,Velocys PLC,Intl Small Growth,0.0
LAOIX,Western Asset Macro Opportunities I,** 80 High Yield / 20 Cash/Money Market **,0.013
BDA,Bank Deposit,Cash/Money Market,0.0
FLORIDA PORTS FING COMMN REV REV 5% 10/01/19,FLORIDA PORTS FING COMMN REV REV 5% 10/01/19,Short-Term Inv. Grade,0.0
PASSAIC CNTY N J GO 3% 12/04/19,PASSAIC CNTY N J GO 3% 12/04/19,Short-Term Inv. Grade,0.0
HUDSON CNTY N J GO 4% 12/10/19,HUDSON CNTY N J GO 4% 12/10/19,Short-Term Inv. Grade,0.0
BERGEN CNTY N J GO 3.2500% 12/12/19,BERGEN CNTY N J GO 3.2500% 12/12/19,Short-Term Inv. Grade,0.0
ELGIN ILL GO 5% 12/15/19,ELGIN ILL GO 5% 12/15/19,Short-Term Inv. Grade,0.0
BAFYY,Balfour Beatty PLC ADR,Intl Mid Value,0.0
FREMONT MICH PUB SCHS DIST GO 4% 05/01/20,FREMONT MICH PUB SCHS DIST GO 4% 05/01/20,Short-Term Inv. Grade,0.0
DISTRICT COLUMBIA GO 5% 06/01/20,DISTRICT COLUMBIA GO 5% 06/01/20,Short-Term Inv. Grade,0.0
YARIY,Yara International ASA ADR,Intl Mid Value,0.0
KENTUCKY STATE PROPERTY & BLDG REV 5.0000% 08/01/20,KENTUCKY STATE PROPERTY & BLDG REV 5.0000% 08/01/20,Short-Term Inv. Grade,0.0
GREATER ORLANDO AVIATION AUTH REV 5.0000% 10/01/20,GREATER ORLANDO AVIATION AUTH REV 5.0000% 10/01/20,Short-Term Inv. Grade,0.0
PORT HOUSTON AUTH TEX HARRIS GO 5% 10/01/20,PORT HOUSTON AUTH TEX HARRIS GO 5% 10/01/20,Short-Term Inv. Grade,0.0
KING & SNOHOMISH CNTYS WASH GO 5% 12/01/20,KING & SNOHOMISH CNTYS WASH GO 5% 12/01/20,Short-Term Inv. Grade,0.0
GRNT CNTY WASH PUB UTIL DIST REV 5.0000% 01/01/21,GRNT CNTY WASH PUB UTIL DIST REV 5.0000% 01/01/21,Short-Term Inv. Grade,0.0
OKLAHOMA CNTY OKLA INDPT SCH GO 3% 01/01/21,OKLAHOMA CNTY OKLA INDPT SCH GO 3% 01/01/21,Short-Term Inv. Grade,0.0
ADDISON TEX DB 3% 02/15/21,ADDISON TEX DB 3% 02/15/21,Short-Term Inv. Grade,0.0
PENNSYLVANIA ST GO 5% 04/01/21,PENNSYLVANIA ST GO 5% 04/01/21,Short-Term Inv. Grade,0.0
BAM,"Brookfield Asset Management Inc Class A(USD,BAM)",US Large Growth,0.0
TEXAS ST GO 4% 08/01/21,TEXAS ST GO 4% 08/01/21,Int-Term Inv. Grade,0.0
EBLU,Ecofin Global Water ESG,Commodities,0.004
METROPOLITAN TRANSN AUTH N Y REV 5% 09/01/21,METROPOLITAN TRANSN AUTH N Y REV 5% 09/01/21,Int-Term Inv. Grade,0.0
GRAYS HARBOR CNTY WASH SCH GO 4% 12/01/21,GRAYS HARBOR CNTY WASH SCH GO 4% 12/01/21,Int-Term Inv. Grade,0.0
OKLAHOMA CNTY OKLA INDPT SCH GO 3% 01/01/22,OKLAHOMA CNTY OKLA INDPT SCH GO 3% 01/01/22,Int-Term Inv. Grade,0.0
LOUISIANA ST GO 5% 03/01/22,LOUISIANA ST GO 5% 03/01/22,Int-Term Inv. Grade,0.0
ILLINOIS FINANCE AUTHORITY REV 6.0000% 05/01/28,ILLINOIS FINANCE AUTHORITY REV 6.0000% 05/01/28,Int-Term Inv. Grade,0.0
GUAM GOVT LTD OBLIG REV REV 5.6250% 12/01/29,GUAM GOVT LTD OBLIG REV REV 5.6250% 12/01/29,Int-Term Inv. Grade,0.0
PFUIX,PIMCO INTL BOND UNHEDGED INST,World Bond,0.0066
SWVXX ,Schwab Value Advantage Money Inv,Cash/Money Market,0.0
QCLN,First Trust NASDAQ® Cln Edge® GrnEngyETF,US Mid Growth,0.006
BARAX,Baron Asset Retail,US Mid Growth,0.0131
DAX,Global X DAX Germany ETF,Intl Large Value,0.002
TSBIX,TIAA-CREF Social Choice Bond Instl,Int-Term Inv. Grade,0.0037
TQTIX,AMG TimesSquare International SmallCap I,Intl Mid Growth,0.0107
SGISX,Crossmark Steward Global Eq Inc Instl,** 60 US Large Blend / 40 Intl Large Blend **,0.0089
SNTCX,Crossmark Steward Intl Enh Idx Instl,** 80 Intl Large Value / 20 Emerging Large Value **,0.0073
TSCSX,Thrivent Small Cap Stock S,US Small Growth,0.0081
TISCX,TIAA-CREF Social Choice Eq Instl,US Large Blend,0.0017
EIS,iShares MSCI Israel Capped ETF,** 20 US Mid Blend / 80 Intl Mid Blend **,0.0059
SCMTX,DWS Intermediate Tax-Free S,Int-Term Inv. Grade,0.0052
BRWIX,AMG Managers Brandywine I,US Mid Growth,0.011
FAIRX,Fairholme Fund,** 30 US Small Growth / 40 Int-Term Inv. Grade / 30 Cash/Money Market **,0.01
PUI,Invesco DWA Utilities Momentum ETF,US Mid Value,0.006
BASFY,"Basf SE ADR(USD,BASFY)",Intl Large Blend,0.0
BEARX,Federated Prudent Bear Fund Class A Shares,Non-traditional,0.0355
RSNRX,Victory Global Natural Resources Fund Class A,** 50 US Small Value / 50 Intl Small Value **,0.0148
ABHIX,American Century High-Yield Fund Investor Class,High Yield,0.0079
VREX,Varex Imaging Corp,US Small Value,0.0
VAR,Varian Medical Systems Inc,US Mid Blend,0.0
FTIIX,Federated Global Total Return Bond Fund Class A Shares,Int-Term Inv. Grade,0.0104
CGMRX,CGM Realty Fund,US Real Estate,0.0097
GABEX,Gabelli Equity Income Fund Class AAA,** 75 US Large Value / 25 Intl Large Blend **,0.0141
HFCSX,Hennessy Focus Fund Investor Class,** 85 US Mid Blend / 15 Intl Mid Blend **,0.0148
KBWB,Invesco KBW Bank ETF,US Large Value,0.0035
WWNPX,Kinetics Paradigm Fund No Load Class,** 80 US Mid Growth / 20 Cash/Money Market **,0.0164
BAX,"Baxter International Inc(USD,BAX)",US Large Growth,0.0
UNWPX,U.S. Global Investors World Precious Minerals Fund,Intl Small Growth,0.0154
FL,Foot Locker Inc,US Mid Value,0.0
OIH,VanEck Vectors Oil Services ETF,** 85 US Mid Value / 15 Intl Mid Value **,0.0035
AMG,AFFILIATED MANAGERS GROUP INC COM,US Mid Value,0.0
BXP,BOSTON PROPERTIES INC COM USD0.01,US Large Blend,0.0
CFG,CITIZENS FINL GROUP INC COM,US Mid Value,0.0
CXO,CONCHO RESOURCES INC COM USD0.001,US Large Growth,0.0
DISCA,DISCOVERY INC COM SER A,US Mid Blend,0.0
CGW,Invesco S&P Global Water ETF,Commodities,0.0057
DISCK,DISCOVERY INC COM SER C,US Mid Blend,0.0
DOW,Dow Inc,US Large Blend,0.0
BAYRY,"Bayer AG ADR(USD,BAYRY)",Intl Large Blend,0.0
EQT,EQT CORPORATION COM NPV,US Mid Blend,0.0
ETRN,EQUITRANS MIDSTREAM CORPORATIO COM,US Mid Value,0.0
GRMN,GARMIN LTD COM CHF10.00,Intl Large Growth,0.0
HP,HELMERICH &PAYNE INC COM USD0.10,US Mid Blend,0.0
LNT,ALLIANT ENERGY CORP COM USD0.01,US Mid Value,0.0
PNW,PINNACLE WEST CAPITAL CORP COM NPV,US Mid Value,0.0
TXT,TEXTRON INC,US Mid Blend,0.0
SCJ,iShares MSCI Japan Small-Cap ETF,Intl Mid Blend,0.005
ZION,ZIONS BANCORPORATION N A COM,US Mid Value,0.0
FAATC,Fidelity VIP Index 500,US Large Blend,0.001
BB,"BlackBerry Ltd(USD,BB)",Intl Mid Growth,0.0
FABTC,Fidelity VIP Equity-Income,** 90 US Large Value / 10 Intl Large Value **,0.0061
FAJTC,Fidelity VIP Contrafund,US Large Growth,0.007
KRBN,KraneShares Global Carbon ETF,Commodities,0.0078
BBL,BHP BILLITON F SPONSORED ADR 1 ADR REPS 2 ORD SHS,Intl Large Blend,0.0
FVD,"First Trust Value Line® Dividend ETF(USD,FVD)",** .87 US Large Value / .13 Intl Large Value **,0.007
FITE,SPDR® S&P Kensho Future Security ETF,US Small Blend,0.0045
BBT,BB&T Corp,US Large Blend,0.0
GGG,Graco Inc,US Mid Growth,0.0
VCAIX,VANGUARD CA INTER TERM TAX-EXEMPT FD INV SHRS,Int-Term Inv. Grade,0.0017
EWG,iShares MSCI Germany ETF,Intl Large Blend,0.0047
IGSB,iShares Short-Term Corporate Bond ETF,Short-Term Inv. Grade,0.0006
BRF,VanEck Vectors Brazil Small-Cap ETF,Emerging Mid Blend,0.006
BBTRX,BBH Core Select Retail,** .1 Cash/Money Market / .75 US Large Blend / .15 Intl Large Blend **,0.0123
EPI,WisdomTree India Earnings ETF,Emerging Large Growth,0.0084
GFACX,American Funds Growth Fund of Amer C,** 85 US Large Growth / 15 Intl Large Growth **,0.0142
VIOG,Vanguard S&P Small-Cap 600 Growth ETF,US Small Growth,0.0015
CHTTX,AMG Managers Fairpointe Mid Cap N,US Mid Value,0.0113
ACRNX,Columbia Acorn Inst,US Mid Growth,0.0086
DLHAX,Delaware Healthcare A,** 70 US Large Growth / 30 Intl Large Growth **,0.0128
FMIMX,FMI Common Stock,** 80 US Mid Blend / 20 Cash/Money Market **,0.0099
GAGEX,Guinness Atkinson Global Energy,** 40 US Large Value / 60 Intl Large Value **,0.0145
MCHFX,Matthews China Investor,Emerging Large Blend,0.011
RYDVX,Royce Dividend Value Svc,** 70 US Mid Blend / 30 Intl Mid Blend **,0.0134
TMSIX,Thrivent Mid Cap Stock S,US Mid Blend,0.0072
BBVA,"Banco Bilbao Vizcaya Argentaria SA ADR(USD,BBVA)",Intl Large Value,0.0
FMIEX,Wasatch Global Value Investor,** 60 US Large Value / 40 Intl Large Value **,0.0111
LIIAX,Columbia Corporate Income A,Int-Term Inv. Grade,0.0087
SCSAX,Wells Fargo Common Stock A,US Mid Blend,0.0126
XHR,Xenia Hotels & Resorts Inc,US Small Blend,0.0
REZI,Resideo Technologies Inc,US Small Blend,0.0
"Sandalwood Bodleian Partners B, L.P.","Sandalwood Bodleian Partners B, L.P.",MLP,0.0
HFCGX,Hennessy Cornerstone Growth Investor,US Small Blend,0.013
NG,Novagold Resources Inc,Intl Small Blend,0.0
CEMVX,Causeway Emerging Markets Investor,Emerging Large Value,0.014
BBY,Best Buy Co Inc,US Large Blend,0.0
GFS,GLOBALFOUNDRIES Inc,US Mid Growth,0.0
FXIMX,PIMCO Fixed Income SHares M,Int-Term Inv. Grade,0.0031
FXICX,PIMCO Fixed Income SHares C,Int-Term Inv. Grade,0.0031
WTW,Willis Towers Watson PLC,Intl Large Blend,0.0
BCE,BCE Inc,Intl Large Value,0.0
HEIA,Heineken NV,Intl Large Blend,0.0
BCHYX,American Century CA Hi-Yld Muni Inv,High Yield,0.005
PVH,PVH Corp,US Small Value,0.0
BCITX,"American Century CA Interm-T T-Fr Bd Inv(USD,BCITX)",Int-Term Inv. Grade,0.0047
RRX,Regal Rexnord Corp,US Mid Blend,0.0
BCLYF,Barclays PLC,US Large Value,0.0
WMG,Warner Music Group Corp Ordinary Shares,US Mid Growth,0.0
FARMX,Fidelity® Agricultural Productivity,Commodities,0.01
BCOR,Blucora Inc,US Small Growth,0.0
CFWAX,Calvert Global Water A,Commodities,0.0124
BCOSX,"Baird Core Plus Bond Inv(USD,BCOSX)",Int-Term Inv. Grade,0.0055
GGT,The Gabelli Multimedia Trust Inc,** 16 Cash/Money Market / 56 US Large Growth / 28 Intl Large Growth **,0.0162
BCS,"Barclays PLC ADR(USD,BCS)",Intl Large Value,0.0
FAN,First Trust Global Wind Energy ETF,Commodities,0.006
BCSAX,BLACKROCK COMMODITY STRATEGIES FUND CL A,Commodities,0.0101
UAVS,AgEagle Aerial Systems Inc,US Small Growth,0.0
AMRC,Ameresco Inc Class A,US Small Growth,0.0
BCSIX,"Brown Capital Mgmt Small Co Inv(USD,BCSIX)",US Small Growth,0.0125
PTYIX,T. Rowe Price Tax Free High Yield I,High Yield,0.0051
ABHYX,American Century High-Yield Muni Inv,High Yield,0.006
BLV,Vanguard Long-Term Bond ETF,Long-Term Inv. Grade,0.0007
BMA,Banco Macro SA ADR,Intl Mid Value,0.0
HA,Hawaiian Holdings Inc,US Small Value,0.0
PCRFY,Panasonic Holdings Corp ADR,Intl Large Value,0.0
MKTX,MarketAxess Holdings Inc,US Mid Growth,0.0
BDMKX,"BlackRock Global Long/Short Credit K(USD,BDMKX)",Non-Traditional,0.0194
NYT,New York Times Co Class A,US Mid Growth,0.0
NOAH,Noah Holdings Ltd ADR,Emerging Mid Blend,0.0
OMF,OneMain Holdings Inc,US Mid Value,0.0
SFST,Southern First Bancshares Inc,US Small Blend,0.0
PXH,Invesco FTSE RAFI Emerging Markets ETF,Emerging Large Value,0.005
PSCH,Invesco S&P SmallCap Health Care ETF,US Small Growth,0.0029
SLQD,iShares 0-5 Year Invmt Grade Corp Bd ETF,Short-Term Inv. Grade,0.0006
DGS,WisdomTree Emerging Markets SmCp Div ETF,Emerging Mid Value,0.0063
LAND,Gladstone Land Corp,US Real Estate,0.0
ABRYX,Invesco Balanced-Risk Allc Y,**15 US Large Blend / 15 Intl Large Blend / 70 Short-Term Inv. Grade **,0.0106
BHYIX,BlackRock High Yield Bond Instl,High Yield,0.0061
BDSIX,BLACKROCK ADVANTAGE SM CAP CORE INST,US Small Blend,0.005
FMFEX,Fidelity Advisor® Materials I,**80 US Large Blend / 20 Intl Large Blend **,0.0078
FGZMX,Fidelity Advisor® New Markets Income I,Emerging Market Debt,0.0083
SMDIX,Hartford Schroders US MidCap Opps I,US Mid Blend,0.0105
IVVIX,Ivy Small Cap Core I,US Small Blend,0.0089
IPOIX,Ivy Emerging Markets Equity I,Emerging Large Growth,0.0099
JFLEX,Janus Henderson Flexible Bond I,Int-Term Inv. Grade,0.005
MDIJX,MFS Intl Diversification I,Intl Large Growth,0.0087
FSRRX,Fidelity® Strategic Real Return,** 21 US Large Blend / 8 Intl Large Blend / 66 Int-Term Inv. Grade / 5 Cash **,0.007
OIBYX,Invesco International Bond Y,World Bond,0.0065
SPYV,SPDR® Portfolio S&P 500 Value ETF,US Large Value,0.0004
AOR,iShares Core Growth Allocation ETF,** 30 US Large Blend / 30 Intl Large Blend / 40 Int-Term Inv. Grade **,0.0025
BDX,"Becton, Dickinson and Co",US Large Growth,0.0
VGWLX,Vanguard Global Wellington Investor,** 30 US Large Blend / 30 Intl Large Blend / 40 Int-Term Inv. Grade **,0.0046
SMMD,iShares Russell 2500 ETF,US Mid Blend,0.0015
GOLDX,Gabelli Gold AAA,Commodities,0.0155
BMOIX,iShares US Aggregate Bond Index Instl,Int-Term Inv. Grade,0.001
PEBIX,PIMCO Emerging Markets Bond Instl,Emerging Market Debt,0.013
AGRFX,AB Growth A,US Large Growth,0.012
FNSTX,Fidelity® Infrastructure,US Large Growth,0.01
ASLAX,AB Select US Long/Short A,** 60 US Large Blend / 40 Cash/Money Market **,0.0195
GCIAX,Goldman Sachs Intl Eq Insghts A,Intl Large Blend,0.0119
QIVAX,Oppenheimer International Equity A,Intl Large Growth,0.0123
PESPX,Dreyfus Mid Cap Index Inv,US Mid Blend,0.005
BECN,BEACON ROOFING SUPPL,US Small Blend,0.0
TWQAX,Transamerica Large Cap Value A,US Large Value,0.0106
ETHIX,Eaton Vance High Income Opportunities A,High Yield,0.0087
MFXAX,Morgan Stanley Inst Core PlsFxdInc A,High Yield,0.0077
JORNX,Janus Henderson Global Select T,** 50 US Large Blend / 50 Intl Large Blend **,0.0093
SWEGX,Schwab MarketTrack All Equity,** 70 US Large Blend / 25 Intl Large Blend / 5 Emerging Large Blend ** ,0.005
FXU,First Trust Utilities AlphaDEX® ETF,US Mid Value,0.0064
VONG,Vanguard Russell 1000 Growth ETF,US Large Growth,0.0012
BAH,Booz Allen Hamilton Holding Corp Class A,US Mid Growth,0.0
COR,CoreSite Realty Corp,US Mid Growth,0.0
PCY,Invesco Emerging Markets Sov Debt ETF,Emerging Market Debt,0.005
PSCF,Invesco S&P SmallCap Financials ETF,US Small Value,0.0029
BEDIX,BlackRock Emerg Mkts Flex Dyn Bd Instl,Emerging Market Debt,0.0068
RGA,Reinsurance Group of America Inc,US Mid Value,0.0
TRMK,Trustmark Corp,US Small Blend,0.0
VPL,Vanguard FTSE Pacific ETF,Intl Large Blend,0.0009
EZA,iShares MSCI South Africa ETF,Intl Mid Blend,0.0057
BEMAX,Brandes Emerging Markets Value Fund Class A,Intl Large Value,0.014
FBGRX,Fidelity® Blue Chip Growth,US Large Growth,0.008
GTLS,Chart Industries Inc,US Small Growth,0.0
DOCU,DocuSign Inc,US Mid Growth,0.0
PGJ,Invesco Golden Dragon China ETF,Emerging Large Blend,0.007
BEmergingAX,,** .77 Emerging Large Value / .23 Intl Large Value **,0.0141
WAGOX,Wasatch Global Opportunities Investor,**55 US Mid Growth / 45 Intl Mid Growth **,0.0155
SNGVX,Sit US Government Securities,Short-Term Inv. Grade,0.008
GICPX,GAMCO Global Growth AAA,Intl Large Growth,0.0125
TGINX,TCW Emerging Markets Income N,High Yield,0.0116
VQNPX,Vanguard Growth & Income Inv,US Large Blend,0.0033
OTCFX,T. Rowe Price Small-Cap Stock,US Small Growth,0.0089
PRXCX,T. Rowe Price California Tax-Free Bond,Int-Term Inv. Grade,0.0054
FASMX,Fidelity Asset Manager® 50%,** 40 US Large Growth / 20 Intl Large Growth / 40 Int-Term Inv. Grade **,0.0065
FASIX,Fidelity Asset Manager® 20%,** 30 Cash/Money Market / 20 US Large Growth / 50 Int-Term Inv. Grade **,0.0053
FOBAX,Tributary Balanced Instl,**60 US Large Growth / 40 Int-Term Inv. Grade **,0.0104
FIGRX,Fidelity® International Discovery,Intl Large Growth,0.0062
BERIX,"Berwyn Income(USD,BERIX)",**.14 Cash / .24 US Mid Value / .62 High Yield **,0.0064
FSMAX,Fidelity® Extended Market Index,US Mid Growth,0.00045
NIB,iPath® Bloomberg Cocoa SubTR ETN,Commodities,0.0075
FDCAX,Fidelity® Capital Appreciation,** 90 US Large Growth / 10 Intl Large Growth **,0.0054
FIUIX,Fidelity® Telecom and Utilities,US Large Value,0.007
DSEFX,Domini Impact Equity Investor,** 90 US Large Growth / 10 Intl Large Growth **,0.0106
GABAX,Gabelli Asset AAA,** 80 US Large Blend / 20 Intl Large Blend **,0.0135
FHIGX,Fidelity® Municipal Income,Int-Term Inv. Grade,0.0046
TGFNX,TCW Core Fixed Income N,Int-Term Inv. Grade,0.0073
VIPIX,Vanguard Inflation-Protected Secs I,Inflation Protected,0.0007
HLMEX,Harding Loevner Instl Emerg Mkts I,Emerging Large Growth,0.0127
VSPVX,Vanguard S&P 500 Value Index Instl,US Large Value,0.0008
BEXFX,Baron Emerging Markets Retail,Emerging Large Growth,0.0138
KCCA,KraneShares California Carbon Allw ETF,Commodities,0.0079
US T BD 1.875% 31DEC20,US T BD 1.875% 31DEC21,Short-Term Treasury,0.0
US T NT 2.5% 31DEC2021,US T NT 2.5% 31DEC2022,Short-Term Treasury,0.0
BAM.A,Brookfield Asset Management Inc Class A,Intl Large Growth,0.0
CCO,Clear Channel Outdoor Holdings Inc Ordinary Shares,US Small Blend,0.0
CFX,Colfax Corp,US Small Value,0.0
COG,Cabot Oil & Gas Corp Class A,US Mid Growth,0.0
QSR,Restaurant Brands International Inc,Intl Large Growth,0.0
SJ,Stella-Jones Inc,Intl Small Blend,0.0
TPH,TRI Pointe Group Inc,US Small Value,0.0
BSCJ,Invesco BulletShares 2019 Corp Bd ETF,** 55 Cash/Money Market / 45 Short-Term Inv. Grade **,0.001
PCELF,PowerCell Sweden AB,Intl Small Growth,0.0
BEXIX,BARON EMRG MKTS FD INST,Emerging Large Blend,0.011
ACGL,Arch Capital Group Ltd,Intl Mid Blend,0.0
ARD,Ardagh Group SA,Intl Small Value,0.0
AZPN,Aspen Technology Inc,US Mid Growth,0.0
BIO,Bio-Rad Laboratories Inc,US Mid Growth,0.0
CVNA,Carvana Co Class A,US Mid Growth,0.0
CASY,Casey's General Stores Inc,US Mid Blend,0.0
JLL,Jones Lang LaSalle Inc,US Mid Blend,0.0
LYV,Live Nation Entertainment Inc,US Mid Growth,0.0
DOOR,Masonite International Corp,Intl Small Blend,0.0
FUTBX,Fidelity® SAI US Treasury Bd Idx,Int-Term Treasury,0.0003
MEOH,Methanex Corp,Intl Mid Blend,0.0
ODFL,Old Dominion Freight Lines Inc,US Mid Growth,0.0
SCI,Service Corp International,US Mid Growth,0.0
SYNH,Syneos Health Inc A,US Mid Blend,0.0
TDY,Teledyne Technologies Inc,US Mid Growth,0.0
USFD,US Foods Holding Corp,US Mid Blend,0.0
MTN,Vail Resorts Inc,US Mid Blend,0.0
WCN,Waste Connections Inc,Intl Large Growth,0.0
WCG,WellCare Health Plans Inc,US Mid Growth,0.0
CHY,Calamos Convertible & High Income,High Yield,0.0184
WAL,Western Alliance Bancorp,US Mid Blend,0.0
ARE,Alexandria Real Estate Equities Inc,US Real Estate,0.0
BFZ,"BlackRock CA Municipal Income(USD,BFZ)",Long-Term Inv. Grade,0.0241
VNO,Vornado Realty Trust,US Mid Value,0.0
BHPLF,BHP Group,Intl Large Value,0.0
SHTLF,South32 Ltd,Intl Large Value,0.0
BSDE,Invesco BulletShares (R) 2024 EM Dbt ETF,High Yield,0.0029
AAU,Almaden Minerals Ltd,Intl Small Blend,0.0
AAMMF,Almadex Minerals Ltd,Intl Small Blend,0.0
BG,Bunge Ltd,US Mid Value,0.0
AXDDF,Azucar Minerals Ltd,Intl Small Growth,0.0
SPOXF,Sprott Inc,Intl Small Value,0.0
MORGAN STANLEY SHORT,MORGAN STANLEY SHORT,Short-Term Inv. Grade,0.0
THE SOUTHERN CO SHORT,THE SOUTHERN CO SHORT,Short-Term Inv. Grade,0.0
MCDONALD SHORT,MCDONALD SHORT,Short-Term Inv. Grade,0.0
BNSF SHORT,BNSF SHORT,Short-Term Inv. Grade,0.0
BSCO,Invesco BulletShares 2024 Corp Bd ETF,Short-Term Inv. Grade,0.001
ATT SHORT,ATT SHORT,Short-Term Inv. Grade,0.0
AMGEN SHORT,AMGEN SHORT,Short-Term Inv. Grade,0.0
CITI SHORT,CITI SHORT,Short-Term Inv. Grade,0.0
GS SHORT,GS SHORT,Short-Term Inv. Grade,0.0
BGB,Blackstone/GSO Strategic Credit,Bank Loans,0.0329
RYDER SHORT,RYDER SHORT,Short-Term Inv. Grade,0.0
SAFRANTNL SHORT,SAFRANTNL SHORT,Short-Term Inv. Grade,0.0
WELLS FARGO SHORT,WELLS FARGO SHORT,Short-Term Inv. Grade,0.0
ATUSF,Altius Minerals Corp,Intl Small Growth,0.0
GOLD,Barrick Gold Corp,Intl Large Growth,0.0
DFUV,Dimensional US Marketwide Value ETF,US Large Value,0.0021
DNN,Denison Mines Corp,Intl Small Blend,0.0
FCUUF,Fission Uranium Corp,Intl Small Value,0.0
FISOF,Fission 3.0 Corp,Intl Small Value,0.0
LMRXF,Laramide Resources Ltd,Intl Small Value,0.0
MWSNF,Mawson Resources Ltd,Intl Small Growth,0.0
BGCIX,BlackRock Global Long/Short Credit Instl,Int-Term Inv. Grade,0.011
MGAFF,Mega Uranium Ltd,Intl Small Value,0.0
SRHIF,Sprott Resource Holdings Inc,Intl Small Value,0.0
TSRMF,Treasury Metals Inc,Intl Small Value,0.0
EGWAX,Allspring Discovery Small Cap Gr Gr A,** 84 US Small Growth / 9 Intl Small Growth / 7 Cash **,0.0123
UEXCF,UEX Corp,Intl Small Blend,0.0
URCFF,Vanadian Energy Corp,Intl Small Blend,0.0
ZB.H,AEH,Preferred Stock,0.0
AEH,AEH,Preferred Stock,0.0
AGNCN,AGNCN,Preferred Stock,0.0
AL.A,AL.A,Preferred Stock,0.0
AMH.H,AMH.H,Preferred Stock,0.0
bgne,"BeiGene Ltd ADR(USD,BGNE)",Emerging Mid Growth,0.0
NLY.F,NLY.F,Preferred Stock,0.0
AHL.D,AHL.D,Preferred Stock,0.0
CNNE,Cannae Holdings Inc Ordinary Shares,US Small Blend,0.0
AHL.C,AHL.C,Preferred Stock,0.0
AXS.E,AXS.E,Preferred Stock,0.0
SAN.B,SAN.B,Preferred Stock,0.0
BAC.K,BAC.K,Preferred Stock,0.0
BAC.W,BAC.W,Preferred Stock,0.0
BAC.C,BAC.C,Preferred Stock,0.0
BAC.Y,BAC.Y,Preferred Stock,0.0
BAC.B,BAC.B,Preferred Stock,0.0
BGR,BlackRock Energy & Resources,** .66 US Large Blend / .34 Intl Large Blend **,0.0124
COF.C,COF.C,Preferred Stock,0.0
GII,"SPDR® S&P Global Infrastructure ETF(USD,GII)",** .4 US Large Blend / .6 Intl Large Blend **,0.004
COF.D,COF.D,Preferred Stock,0.0
COF.P,COF.P,Preferred Stock,0.0
COF.H,COF.H,Preferred Stock,0.0
CHSCN,CHSCN,Preferred Stock,0.0
CHSCL,CHS Inc Pref Share,Preferred Stock,0.0
CHSCM,CHSCM,Preferred Stock,0.0
CHSCO,CHSCO,Preferred Stock,0.0
C.K,C.K,Preferred Stock,0.0
C.J,C.J,Preferred Stock,0.0
BGRFX,"Baron Growth Retail(USD,BGRFX)",US Mid Growth,0.013
HOKCY,Hong Kong and China Gas Co Ltd ADR,Intl Large Blend,0.0
CFG.D,CFG.D,Preferred Stock,0.0
DLR.K,DLR.K,Preferred Stock,0.0
DUK.A,DUK.A,Preferred Stock,0.0
ESGRP,ESGRP,Preferred Stock,0.0
FNB.E,FNB.E,Preferred Stock,0.0
FPI.B,FPI.B,Preferred Stock,0.0
FITBI,FITBI,Preferred Stock,0.0
HBANO,HBANO,Preferred Stock,0.0
ISG,ISG,Preferred Stock,0.0
IVR.B,IVR.B,Preferred Stock,0.0
MITSY,Mitsui & Co Ltd ADR,Intl Large Blend,0.0
BGRIX,Baron Growth Instl,US Mid Growth,0.0104
JPM.D,JPM.D,Preferred Stock,0.0
JPM.H,JPM.H,Preferred Stock,0.0
JPM.E,JPM.E,Preferred Stock,0.0
JPM.C,JPM.C,Preferred Stock,0.0
KEY.I,KEY.I,Preferred Stock,0.0
MBFIO,MBFIO,Preferred Stock,0.0
MSpI,Morgan Stanley Pref Share,Preferred Stock,0.0
MS.F,MS.F,Preferred Stock,0.0
MS.E,MS.E,Preferred Stock,0.0
MSD,MS Emerging Markets Debt,High Yield,0.0138
MS.K,MS.K,Preferred Stock,0.0
BGS,B&G Foods Inc,US Small Blend,0.0
NYCB.A,NYCB.A,Preferred Stock,0.0
NI.B,NI.B,Preferred Stock,0.0
PBCTP,PBCTP,Preferred Stock,0.0
PNC.P,PNC.P,Preferred Stock,0.0
RF.B,RF.B,Preferred Stock,0.0
RF.A,RF.A,Preferred Stock,0.0
SCE.K,SCE.K,Preferred Stock,0.0
STT.G,STT.G,Preferred Stock,0.0
STT.D,STT.D,Preferred Stock,0.0
SF.A,SF.A,Preferred Stock,0.0
BHC,"Bausch Health Companies Inc(USD,BHC)",US Mid Value,0.0
SNV.D,SNV.D,Preferred Stock,0.0
TCO.J,TCO.J,Preferred Stock,0.0
TCF.D,TCF.D,Preferred Stock,0.0
ALL.E,ALL.E,Preferred Stock,0.0
SCHW.D,SCHW.D,Preferred Stock,0.0
GS.K,GS.K,Preferred Stock,0.0
GS.J,GS.J,Preferred Stock,0.0
PCCWY,PCCW Ltd ADR,Intl Large Value,0.0
HGH,Heartland Group Holdings Ltd Ordinary Shares,Intl Small Value,0.0
HIGpG,The Hartford Financial Services Group Inc Pref Share,Preferred Stock,0.0
TWO.C,TWO.C,Preferred Stock,0.0
BHF,Brighthouse Financial Inc,US Mid Value,0.0
USB.P,USB.P,Preferred Stock,0.0
USB.M,USB.M,Preferred Stock,0.0
UBP.H,UBP.H,Preferred Stock,0.0
VLYPO,VLYPO,Preferred Stock,0.0
WFC.R,WFC.R,Preferred Stock,0.0
WFC.W,WFC.W,Preferred Stock,0.0
ROSYY,Rostelecom PJSC ADR,Intl Mid Value,0.0
WFC.Q,WFC.Q,Preferred Stock,0.0
WTFCM,WTFCM,Preferred Stock,0.0
ZB.G,ZB.G,Preferred Stock,0.0
MGR,Affiliated Managers Group Inc. 5.875% Jr. Sub. Deb. due 2059,Preferred Stock,0.0
BHGE,"Baker Hughes, a GE Co Class A",US Large Growth,0.0
AQNA,AQNA,Preferred Stock,0.0
TBC,TBC,Preferred Stock,0.0
C.N,C.N,Preferred Stock,0.0
CMSD,CMSD,Preferred Stock,0.0
CMSC,CMSC,Preferred Stock,0.0
SUHJY,Sun Hung Kai Properties Ltd ADR,Intl Large Value,0.0
CLNYpJ,CLNY.J,Preferred Stock,0.0
CLNYpE,CLNY.E,Preferred Stock,0.0
DLRpC,DLR.C,Preferred Stock,0.0
DUKB,DUKB,Preferred Stock,0.0
ENBA,ENBA,Preferred Stock,0.0
BHP,"BHP Billiton Ltd ADR(USD,BHP)",Intl Large Value,0.0
GNLpA,GNL.A,Preferred Stock,0.0
ALLYpA,ALLY.A,Preferred Stock,0.0
IBKCP,IBKCP,Preferred Stock,0.0
NEEpN,NEE.N,Preferred Stock,0.0
TMICY,Trend Micro Inc ADR,Intl Large Blend,0.0
PREpH,PRE.H,Preferred Stock,0.0
PREpG,PRE.G,Preferred Stock,0.0
PRS,PRS,Preferred Stock,0.0
CTV,CTV,Preferred Stock,0.0
RZB,RZB,Preferred Stock,0.0
RZA,RZA,Preferred Stock,0.0
BHPBF,BHP Billiton PLC,Intl Large Blend,0.0
SCE.J,SCE.J,Preferred Stock,0.0
ALLpB,ALL.B,Preferred Stock,0.0
LBNYX,Lord Abbett Bond-Debenture I,Short-Term Inv. Grade,0.0056
TMKpC,TMK.C,Preferred Stock,0.0
VLYPP,VLYPP,Preferred Stock,0.0
WFCpV,WFC.V,Preferred Stock,0.0
CWBFX,American Funds Capital World Bond A,World Bond,0.0095
AHITX,American Funds American High-Inc A,High Yield,0.0068
BFIAX,American Funds Inflation Linked Bond Fund Class A,Short-Term Inv. Grade,0.0072
AIBAX,American Funds Intermediate Bond Fund of America Class A,Short-Term Inv. Grade,0.006
PPVAX,American Funds Preservation Portfolio Class A,Short-Term Inv. Grade,0.007
bhvn,"Biohaven Pharmaceutical Holding Co Ltd(USD,BHVN)",US Small Growth,0.0
SMCWX,American Funds SMALLCAP World A,** 50 US Mid Growth / 50 Intl Mid Growth **,0.0104
LMGPX,ClearBridge International Growth IS,Intl Large Growth,0.0069
FRMCX,Franklin MicroCap Value Fund Class A,US Small Value,0.0117
ANEFX,American Funds The New Economy Fund Class A,** 70 US Large Growth / 30 Intl Large Growth **,0.0077
CLBAX,American Funds American Balanced Fund Class 529-A,** 55 US Large Blend / 10 Intl Large Blend / 35 Int-Term Inv. Grade **,0.0065
CGFAX,American Funds Growth Fund of Amer 529A,** 90 US Large Growth / 10 Intl Large Growth **,0.0065
CNWAX,American Funds New World 529A,** 60 Intl Large Growth / 25 US Large Growth / 15 Cash **,0.0097
AAON,AAON Inc.,US Small Growth,0.0
FLOLC,Fidelity VIP Equity-Income,** 90 US Large Value / 10 Intl Large Value **,0.0061
FXVLT,Fidelity VIP Index 500,US Large Blend,0.001
FPDFC,Fidelity VIP Contrafund,US Large Growth,0.007
BIAFX,"Brown Advisory Flexible Equity Inv(USD,BIAFX)",US Large Growth,0.0088
AFJAX,"AllianzGI NFJ International Value A(USD,AFJAX)",** .95 Intl Large Value / .05 US Large Value **,0.0131
FAVGO,Fidelity VIP Growth Opportunities,** 90 US Large Growth / 10 Intl Large Growth **,0.0065
FNBSC,Fidelity VIP Mid Cap,** 90 US Mid Blend / 10 Intl Mid Blend **,0.007
FKMSC,Fidelity VIP Value,** 80 US Large Value / 20 Intl Large Value **,0.0
VTSNX,Vanguard Total Intl Stock Index I,Intl Large Blend,0.0008
VBAIX,Vanguard Balanced Index I,** 60 US Large Blend / 40 Int-Term Inv. Grade **,0.0006
GIL,Gildan Activewear Inc,Intl Mid Growth,0.0
BIAUX,"Brown Advisory Sm-Cp Fundamental Val Inv(USD,BIAUX)",US Small Blend,0.0112
HFMIX,Hartford MidCap I,US Mid Growth,0.0082
PMDIX,Principal Small-MidCap Dividend Inc Inst,** 85 US Mid Value / 15 Intl Mid Value **,0.0098
WSCGX,Wells Fargo Small Company Growth Inst,US Small Growth,0.0095
CIPNX,Champlain Small Company Institutional,US Small Growth,0.0105
BAGIX,Baird Aggregate Bond Inst,Int-Term Inv. Grade,0.003
MHYIX,MainStay MacKay High Yield Corp Bd I,High Yield,0.0074
MGLIX,MFS Global Real Estate I,** 55 US Mid Blend / 45 Intl Mid Blend **,0.0108
TIBIX,Thornburg Investment Income Builder I,** 50 Intl Large Value / 30 US Large Value / 10 Int-Term Inv. Grade / 5 High Yield / 5 Cash **,0.0094
FTIXX,Goldman Sachs FS Treasury Intms Instl,Short-Term Treasury,0.002
TRVLX,T. Rowe Price Value,** 90 US Large Blend / 10 Intl Large Blend **,0.0065
BICK,FIRST TRUST BICK ETF,Emerging Large Blend,0.0064
NEWT,Newtek Business Services Corp,US Small Value,0.0
BICSX,BlackRock Commodity Strategies Instl,** 50 Commodities / 50 Cash **,0.0072
U ST BILL DUE 10/24/19,U ST BILL DUE 10/24/20,Short-Term Treasury,0.0
BPLEX,Boston Partners Long/Short Equity Inv,** 57 US Large Blend / 43 Cash **,0.0285
UST BILL DUE 05/30/19,UST BILL DUE 05/30/20,Short-Term Treasury,0.0
UST BILL DUE 08/29/19,UST BILL DUE 08/29/20,Short-Term Treasury,0.0
UST BILL DUE 09/05/19,UST BILL DUE 09/05/20,Short-Term Treasury,0.0
BIDU,Baidu Inc ADR,Intl Large Value,0.0
UST BILL DUE 10/03/19,UST BILL DUE 10/03/20,Short-Term Treasury,0.0
UST NOTE DUE 08/31/19,UST NOTE DUE 08/31/20,Short-Term Treasury,0.0
UST NOTE DUE 10/31/19,UST NOTE DUE 10/31/20,Short-Term Treasury,0.0
KTB,Kontoor Brands Inc,US Small Growth,0.0
PDN,Invesco FTSE RAFI Dev Mkts ex-US S/M ETF,Intl Mid Blend,0.0049
FISCX,Franklin Convertible Securities A,US Large Value,0.0083
BIGFX,Baron International Growth Fund Retail Shares,Intl Large Growth,0.0137
EVONX,Altegris Futures Evolution Strategy N,Managed Futures,0.0189
BIGRX,"American Century Income and Growth Inv(USD,BIGRX)",US Large Value,0.0066
BLDR,Builders FirstSource Inc,US Mid Blend,0.0
BIIB,BIOGEN INC,US Large Blend,0.0
CVBF,CVB Financial Corp,US Small Blend,0.0
LEVI,Levi Strauss & Co Class A,US Mid Blend,0.0
SWAV,ShockWave Medical Inc,US Small Blend,0.0
CRUS,Cirrus Logic Inc,US Small Blend,0.0
FBGX,UBS AG FI Enhanced Large Cap Growth ETN,US Large Growth,0.0085
BCTIX,American Century CA Interm-T T-Fr Bd I,Int-Term Inv. Grade,0.0027
ESFIX,Ashmore Emerging Markets Short Dur Instl,High Yield,0.0067
TGMAX,TCW Emerg Mkts Multi-Asst Opps I,** 45 Emerging Large Growth 55 World Bond **,0.01
SWCAX,Schwab CA Tax-Free Bond,Int-Term Inv. Grade,0.0049
BIICX,BlackRock Multi-Asset Income Instl,** 60 Int-Term Inv. Grade / 25 US Large Blend / 15 Intl Large Blend ** ,0.0056
EVBG,Everbridge Inc,US Small Growth,0.0
BIMSX,"Baird Intermediate Bond Inv(USD,BIMSX)",Int-Term Inv. Grade,0.0055
SNDR,Schneider National Inc,US Small Value,0.0
CALIFORNIA ST 5.5xxx PARTIAL CALL @100 EFF: 05/15/2019 MOODY'S: NR S&P: NR,CALIFORNIA ST 5.5xxx PARTIAL CALL @100 EFF: 05/15/2019 MOODY'S: NR S&P: NR,Short-Term Inv. Grade,0.0
TOL,Toll Brothers Inc,US Small Value,0.0
GILD,Gilead Sciences Inc,US Large Value,0.0
BIREF,"Birchcliff Energy Ltd(USD,BIREF)",Intl Small Blend,0.0
BLD,TopBuild Corp,US Small Blend,0.0
BITCF,First Bitcoin Capital Corp,Other,0.0
AGNCM,AGNCM,Preferred Stock,0.0
BACpL,BAC.L,Preferred Stock,0.0
BHR.D,BHR.D,Preferred Stock,0.0
SRCE,1st Source Corp,US Small Value,0.0
GMRE.A,GMRE.A,Preferred Stock,0.0
GECCM,GECCM,Preferred Stock,0.0
BIV,"Vanguard Interm-Term Bond ETF(USD,BIV)",Int-Term Inv. Grade,0.0007
HMLP,HMLP,Preferred Stock,0.0
UMHpC,UMH.C,Preferred Stock,0.0
WFCpL,Wells Fargo & Co Pref Share,Preferred Stock,0.0
RILYZ,RILYZ,Preferred Stock,0.0
BCpA,BC.A,Preferred Stock,0.0
COWNL,COWNL,Preferred Stock,0.0
PRIFpC,PRIF.C,Preferred Stock,0.0
ASO,Academy Sports and Outdoors Inc Ordinary Shares,US Small Value,0.0
IYM,iShares US Basic Materials ETF,** 80 US Large Blend / 20 Intl Large Blend **,0.0042
IYF,iShares US Financials ETF,US Large Blend,0.0042
IYJ,iShares US Industrials ETF,US Large Blend,0.0042
BJBIX,ABERDEEN SELECT INTL EQTY FD CL A,Intl Large Growth,0.0146
BVAOX,Broadview Opportunity,US Small Growth,0.0123
J3099Q108,Kanti QP LP,Non-traditional,0.0
PAGP,Plains GP Holdings LP Class A,US Small Value,0.0
PRMW,Primo Water Corp,US Small Growth,0.0
CG,The Carlyle Group,US Mid Blend,0.0
CTVA,Corteva Inc,US Large Growth,0.0
GOLF,Acushnet Holdings Corp,US Small Blend,0.0
FRAC,Keane Group,US Small Growth,0.0
LGLV,SPDR SSGA US Large Cap Low Volatility ETF,US Large Blend,0.0012
LGORF,Large Resources Limited,Intl Small Growth,0.0
MDTR,Medtainer Inc.,US Micro,0.0
BJRI,"BJ's Restaurants Inc(USD,BJRI)",US Small Growth,0.0
RAD,Rite Aid Corp,US Small Blend,0.0
SKX,Skechers USA Inc.,US Mid Blend,0.0
SYG,SPPDR MFS Systematic Growth Equity ETF,US Large Growth,0.0061
CASH0,Cash0,Cash/Money Market,0.0
BALFX,American Funds American Balanced F1,** 55 US Large Blend / 10 Intl Large Blend / 30 Int-Term Inv. Grade / 5 Cash **,0.0062
AZZ,AZZ Inc,US Small Value,0.0
GFAFX,American Funds Growth Fund of Amer F1,** 90 US Large Growth / 10 Intl Large Growth **,0.0069
PSApV,public storage,Preferred Stock,0.0
TRMCX,T. Rowe Price Mid-Cap Value,** 85 US Mid Value / 15 Intl Mid Value **,0.0078
GHAAX,VanEck Global Hard Assets A,** 65 US Mid Blend / 35 Intl Mid Blend **,0.0138
FEN,First Trust Energy Inc & Growth,MLP,0.0279
BJWTF,"Beijing Enterprises Water Group Ltd(USD,BJWTF)",EM Large Blend,0.0
OSIS,OSI Systems Inc,US Small Growth,0.0
AKTS,Akoustis Technologies Inc,US Small Growth,0.0
AMBA,Ambarella Inc,US Mid Blend,0.0
CLXT,Calyxt Inc,US Small Blend,0.0
AAWW,Atlas Air Worldwide Holdings Inc,US Small Value,0.0
CBLK,Carbon Black Inc,US Small Growth,0.0
CTRP,Ctrip.com International Ltd ADR,Intl Large Value,0.0
EB,Eventbrite Inc Class A,US Small Blend,0.0
GLNCY,Glencore PLC ADR,Intl Large Value,0.0
GLUU,Glu Mobile Inc,US Small Growth,0.0
IIVI,II-VI Inc,US Small Growth,0.0
BK,"Bank of New York Mellon Corp(USD,BK)",US Large Value,0.0
IIPR,Innovative Industrial Properties Inc Pref Share,US Real Estate,0.0
NTLA,Intellia Therapeutics Inc,US Small Growth,0.0
LM,Legg Mason Inc-LeggMason RETAIL,US Small Blend,0.0
BANC,Banc of California Inc,US Small Blend,0.0
MTSI,MACOM Technology Solutions Holdings Inc,US Small Blend,0.0
MIC,Macquarie Infrastructure Corp,US Small Value,0.0
MELI,MercadoLibre Inc,Emerging Large Growth,0.0
TAP,Molson Coors Brewing Co B,US Mid Blend,0.0
RDSB,Royal Dutch Shell PLC B,Intl Large Value,0.0
SPRO,Spero Therapeutics Inc,US Large Value,0.0
LABU,Direxion Daily S&P Biotech Bull 3X ETF,** 80 US Small Growth / 20 Cash **,0.0096
BKH,"Black Hills Corp(USD,BKH)",US Mid Value,0.0
CHIX,Global X MSCI China Financials ETF,Emerging Large Value,0.0065
BOOT,Boot Barn Holdings Inc,US Small Growth,0.0
KBA,KraneShares Bosera MSCI China A ETF,Emerging Large Blend,0.006
XPP,ProShares Ultra FTSE China 50,Emerging Large Blend,0.0095
EET,ProShares Ultra MSCI Emerging Markets,Emerging Large Blend,0.0095
BIB,ProShares Ultra Nasdaq Biotechnology,US Mid Blend,0.0095
TQQQ,ProShares UltraPro QQQ,US Large Growth,0.0086
ET,Energy Transfer LP,US Large Value,0.0
EVTZF,Evertz Technologies Ltd,Intl Small Blend,0.0
GLOP,GasLog Partners LP Pref Share,Preferred Stock,0.0
ALC,Alcon INC,Intl Large Growth,0.0
BKLN,Senior Loan Portfolio,Bank Loans,0.0065
CARG,CarGurus Inc Class A,US Small Growth,0.0
AGMJF,Algoma Central Corp,Intl Small Value,0.0
CCJ,Cameco Corp,Intl Mid Blend,0.0
UFS,Domtar Corp,US Small Value,0.0
FNV,Franco-Nevada Corp,Intl Large Growth,0.0
IIM,Invesco Value Muni Income Trust,Long-Term Inv. Grade,0.0144
MTCH,Match Group Inc,US Large Growth,0.0
JPS,Nuveen Pref & Income Securities Fund,** 50 Long-Term Inv. Grade / 50 preferred stock **,0.0206
SPTN,SpartanNash Co,US Small Value,0.0
TAK,Takeda Pharmaceutical Co Ltd ADR,Intl Large Blend,0.0
WBK,Westpac Banking Corp ADR,Intl Large Value,0.0
CLAR,Clarus Corp,US Small Growth,0.0
BKNG,BOOKING HOLDINGS INC,US Large Growth,0.0
SKYY,First Trust Cloud Computing ETF,** 90 US Large Growth / 10 Intl Large Growth **,0.006
QYLD,Global X NASDAQ 100 Covered Call ETF,Non-traditional,0.006
SSO,ProShares Ulta S&P500,US Large Blend,0.0089
SSOK,Sunstock Inc,US Small Value,0.0
CHSP,Chesapeake Lodging Trust,US Small Value,0.0
NTDOF,Nintendo Co Ltd,Intl Large Growth,0.0
ARTFX,Artisan High Income Investor,High Yield,0.01
GILHX,"Guggenheim Limited Duration Instl(USD,GILHX)",Short-Term Inv. Grade,0.005
CPXAX,Cohen & Steers Preferred Sec & Inc A,** .5 preferred stock / .5 High Yield **,0.0116
BL,BlackLine Inc,US Small Growth,0.0
DSIAX,Diamond Hill Corporate Credit A,High Yield,0.0092
SIUPX,Guggenheim Investment Grade Bond P,Int-Term Inv. grade,0.0079
GIBLX,Guggenheim Total Return Bond P,Int-Term Inv. grade,0.0079
MTGAX,Morgan Stanley Mortgage Securities A,Short-Term Inv. Grade,0.01
NPSAX,Nuveen Preferred Secs & Inc A,** .5 preferred stock / .5 High Yield **,0.0103
PTIAX,Performance Trust Strategic Bond,High Yield,0.0083
PAIIX,PIMCO Global Bond Opps (USD-Hdg) A,Non-traditional,0.0097
PMZAX,PIMCO Mortgage Opportunities and Bd A,Non-traditional,0.0142
DBI,Designer Brands Inc Class A,US Small Value,0.0
SEMPX,Semper MBS Total Return Investor,High Yield,0.0101
ISIAX,Voya Strategic Income Opportunities A,** 75 High Yield / 25 Cash/Money Market **,0.0094
BLFS,BioLife Solutions Inc,US Small Growth,0.0
WCPNX,Weitz Core Plus Income Investor,Int-Term Inv. grade,0.006
ALAFX,Alger Focus Equity A,US Large Growth,0.0103
SCWFX,American Funds SMALLCAP World F1,**.5 US Mid Growth / .5 Intl Mid Growth **,0.0109
TYWVX,AMG GW&K Trilogy Emerging Wealth Eqty N,** 30 Intl Large Growth / 70 Emerging Large Growth **,0.014
MECAX,AMG Managers Cadence Emerging Cos N,US Small Growth,0.0111
ARTRX,Artisan Global Opportunities Inv,** 55 US Large Growth / 40 Intl Large Growth / 5 Cash **,0.0114
BGAFX,Baron Global Advantage Retail,** .55 US Large Growth / .45 Intl Large Growth **,0.0115
DCOM,Dime Community Bancshares Inc,US Small Blend,0.0
MDLHX,BlackRock Large Cap Focus Growth Inv A,** 85 US Large Growth / 15 Intl Large Growth **,0.0092
CIOAX,Calvert International Opportunities A,Intl Mid Growth,0.0135
SBLGX,ClearBridge Large Cap Growth A,US Large Growth,0.0105
BLK,BlackRock Inc,US Large Growth,0.0
NMSAX,Columbia Small Cap Index A,US Small Blend,0.0045
CCSMX,Conestoga SMid Cap Investors,US Mid Growth,0.011
DFCIX,Delaware Smid Cap Growth A,US Mid Growth,0.0112
DPIAX,Destra Flaherty & Crumrine Pref & Inc A,Preferred Stock,0.0143
DSENX,DoubleLine Shiller Enhanced CAPE® N,Non-traditional,0.0082
ESVAX,Eaton Vance Global Small-Cap Equity A,** .6 US Mid Growth / .4 Intl Mid Growth **,0.0135
DIOD,Diodes Inc,US Small Blend,0.0
EGFFX,Edgewood Growth Retail,US Large Growth,0.014
FTHNX,Fuller & Thaler Behavioral Sm-Cp Eq Inv,US Small Blend,0.0114
GICAX,Goldman Sachs Intl Sm Cp Insghts A,Intl Mid Blend,0.0126
SEVPX,Guggenheim Mid Cap Value P,US Mid Value,0.0132
BLL,Ball Corp,US Mid Value,0.0
HWVAX,Hotchkis & Wiley Sm Cp Divers Val A,US Small Value,0.0105
OPGIX,Invesco Oppenheimer Global Opports A,** .5 US Mid Growth / .5 Intl Mid Growth **,0.011
IYSYX,Ivy Small Cap Core Y,US Small Blend,0.013
WSCYX,Ivy Small Cap Growth Y,US Small Growth,0.0127
JERTX,Janus Henderson Global Real Estate T,** 50 US Real Estate / 50 Intl Real Estate **,0.0114
EBC,Eastern Bankshares Inc Ordinary Shares,US Small Blend,0.0
JSCVX,Janus Henderson Small Cap Value T,US Small Blend,0.0105
RISAX,Manning & Napier Rainier Intl Discv S,Intl Mid Growth,0.0141
MEFIX,Martin Currie Emerging Markets FI,** 30 Intl Large Growth / 70 Emerging Large Growth **,0.0135
MGLAX,MFS Global Real Estate A,**.6 US Real Estate / .4 Intl Real Estate **,0.0133
MAPPX,Morgan Stanley Inst Advantage A,** .85 US Large Growth / .15 Intl Large Growth **,0.012
BLOZF,"Cannabix Technologies Inc(USD,BLOZF)",Intl Small Growth,0.0
MGGPX,Morgan Stanley Inst Global Opp A,**.6 US Large Growth / .4 Intl Large Growth **,0.0127
MIOPX,Morgan Stanley Inst International Opp A,** 20 US Large Growth / 60 Intl Large Growth / 20 emerging Large Growth **,0.0134
MFAPX,Morgan Stanley Inst Intl Advtg A,Intl Large Growth,0.0135
NWJCX,Nationwide Ziegler NYSEArcaTech100 A,US Large Growth,0.0075
FOR,Forestar Group Inc,US Small Value,0.0
PJFZX,PGIM Jennison Growth Z,US Large Growth,0.0071
PFANX,PIMCO Preferred and Capital Secs A,** 50 preferred stock / 50 High Yield **,0.0116
POLRX,Polen Growth Investor,US Large Growth,0.0125
PPSAX,Principal Preferred Securities A,** 50 preferred stock / 50 High Yield **,0.0106
OTPIX,ProFunds NASDAQ-100 Inv,**60 US Large Growth / 40 Cash/Money Market **,0.0144
SFREX,Schwab Fundamental Global Real Estt Idx,** 50 US Real Estate / 50 Intl Real Estate **,0.0039
BMDSX,"Baird MidCap Inv(USD,BMDSX)",US Mid Growth,0.0109
RPGEX,T. Rowe Price Global Growth Stock,** 50 US Large Growth / Intl Large Growth **,0.0082
PREFX,T. Rowe Price Tax-Efficient Equity,US Large Growth,0.0077
MISAX,Victory Trivalent International Sm-Cp A,Intl Mid Growth,0.0139
HSTM,HealthStream Inc,US Small Blend,0.0
VGSAX,Virtus Duff & Phelps Glb Rl Estt Secs A,**.5 US Real Estate / .5 Intl Real Estate **,0.014
PKSAX,Virtus KAR Small-Cap Core A,** 85 US Mid Growth / 15 Intl Mid Growth **,0.0131
PSGAX,Virtus KAR Small-Cap Growth A,** 90 US Small Growth / 10 Intl Small Growth **,0.0134
SGAPX,Virtus SGA Global Growth I,** 50 US Large Growth / 50 Intl Large Growth **,0.0114
WGROX,Wasatch Core Growth,US Mid Growth,0.0118
WAMCX,Wasatch Ultra Growth,US Small Growth,0.0125
WBSNX,William Blair Small Cap Growth N,US Small Growth,0.015
BME,BlackRock Health Sciences,US Large Growth,0.0112
ESFAX,Ashmore Emerging Markets Short Dur A,High Yield,0.0092
BXFAX,Barings Global Floating Rate A,Bank Loans,0.01
HLIO,Helios Technologies Inc,US Small Blend,0.0
LBNDX,Lord Abbett Bond-Debenture A,High Yield,0.0079
MAINX,Matthews Asia Strategic Income Investor,High Yield,0.0115
PYACX,Payden Corporate Bond,Long-Term Inv. Grade,0.0065
USIBX,USAA Intermediate-Term Bond,Int-Term Inv. grade,0.0059
VWESX,Vanguard Long-Term Investment-Grade Inv,Long-Term Inv. Grade,0.0022
FAQTX,American Funds 2035 Trgt Date Retire F1,** 50 US Large Growth / 30 Intl Large Growth / 20 Int-Term Inv. Grade **,0.0075
FATTX,American Funds 2045 Trgt Date Retire F1,** 60 US Large Growth / 30 Intl Large Growth 10 Int-Term Inv. Grade **,0.0076
FAITX,American Funds 2050 Trgt Date Retire F1,** 60 US Large Growth / 30 Intl Large Growth 10 Int-Term Inv. Grade **,0.0077
BMI,Badger Meter Inc,US Small Growth,0.0
HRI,Herc Holdings Inc,US Small Blend,0.0
FAJTX,American Funds 2055 Trgt Date Retire F1,** 60 US Large Growth / 30 Intl Large Growth 10 Int-Term Inv. Grade **,0.0077
FAWTX,American Funds 2060 Trgt Date Retire F1,** 60 US Large Growth / 30 Intl Large Growth 10 Int-Term Inv. Grade **,0.0079
ARTYX,Artisan Developing World Investor,** 40 US Large Growth / 40 Emerging Large Growth / 20 Intl Large Growth **,0.0126
BIAWX,Brown Advisory Sustainable Growth Inv,US Large Growth,0.0088
BUFIX,Buffalo International,Intl Large Growth,0.0106
CVMAX,Calvert Emerging Markets Equity A,** 40 Intl Large Growth / 60 Emerging Large Growth **,0.0124
LMGFX,ClearBridge International Growth FI,Intl Large Growth,0.0116
DFDPX,DF Dent Premier Growth Investor,US Large Growth,0.011
HLMGX,Harding Loevner Global Equity Advisor,** 50 US Large Growth / 50 Intl Large Growth **,0.0114
HLMSX,Harding Loevner Intl Small Coms Inv,** 80 Intl Mid Growth 20 emerging Mid Growth **,0.014
INSP,Inspire Medical Systems Inc,US Small Growth,0.0
BMO,"Bank of Montreal(USD,BMO)",US Large Blend,0.0
HJPNX,Hennessy Japan Investor,Intl Large Growth,0.0144
HJPSX,Hennessy Japan Small Cap Investor,Intl Small Growth,0.0147
MATFX,Matthews Asia Innovators Investor,** 20 Intl Large Growth / 80 Emerging Large Growth **,0.0119
MDIDX,MFS Intl Diversification A,Intl Large Growth,0.0111
WAGTX,Seven Canyons World Innovators Investor,** 10 US Small Growth / 50 Intl Small Growth / 15 emerging Small Growth / 25 Cash **,0.0175
TRAOX,T. Rowe Price Asia Opportunities,** 30 Intl Large Growth / 70 Emerging Large Growth **,0.0113
RPGAX,T. Rowe Price Global Allocation,** 30 US Large Growth / 30 Intl Large Growth / 40 High Yield **,0.0094
PRIDX,T. Rowe Price International Discovery,** 80 Intl Mid Growth / 20 emerging Mid Growth **,0.012
TAAIX,Thrivent Aggressive Allocation S,** 70 US Large Growth / 30 Intl Large Growth **,0.0093
LCII,LCI Industries Inc,US Small Value,0.0
VHCAX,Vanguard Capital Opportunity Adm,** 85 US Large Growth / 15 Intl Large Growth **,0.0036
BMRN,Biomarin Pharmaceutical Inc,US Mid Growth,0.0
VPCCX,Vanguard PRIMECAP Core Inv,** 80 US Large Blend / 20 Intl Large Blend **,0.0046
WCMRX,WCM Focused International Growth Inv,** 20 US Large Growth / 80 Intl Large Growth **,0.0124
WILNX,William Blair International Ldrs N,Intl Large Growth,0.0115
YCGEX,YCG Enhanced,** 80 US Large Growth / 20 Intl Large Growth **,0.0119
QACDS,Chase Money Market,Cash/Money Market,0.0
VFTAX,Vanguard FTSE Social Index Admiral,US Large Growth,0.0014
IEI,iShares 3-7 Year Treasury Bond ETF,Int-Term Treasury,0.0015
SPMD,SPDR Portfolio Mid Cap ETF,US Mid Blend,0.0005
GIM,Templeton Global Income Fund,Emerging Market Debt,0.0076
THOPX,Thompson Bond,** 80 Short-Term Inv. Grade 20 Cash/Money Market **,0.0071
BMY,Bristol-Myers Squibb Company,US Large Blend,0.0
HESAF,Hermes International SA ,International Large Growth,0.0
VYMI,Vanguard Intl Hi Div Yield Idx ETF,Intl Large Value,0.0032
VFWAX,Vanguard FTSE All-Wld ex-US Idx Admiral,Intl Large Blend,0.0012
PSXP,Phillips 66 Partners LP,US Mid Blend,0.0
VBILX,Vanguard Int-term Bond Index Adm,Int-Term Inv. Grade,0.0007
SJNK,spdr Blmbg BarclaysST Hy Bd ETF,High Yield,0.004
QRVO,Qorvo Inc,US Mid Value,0.0
FWWFX,"Fidelity® Worldwide(USD,FWWFX)",** 67 US Large Growth / 32 Intl Large Growth / 1 Cash **,0.0066
RAMP,LiveRamp Holdings Inc,US Small Growth,0.0
VIAV,Viavi Solutions Inc,US Small Growth,0.0
BND,Total Bond Market ETF,Int-Term Inv. Grade,0.0005
DBC,Invesco DB Commodity Tracking,** 50 Cash / 50 Commodities **,0.0085
MP,MP Materials Corp Ordinary Shares,US Mid Growth,0.0
BNDX,Total International Bond ETF,World Bond,0.0007
RSP,Invesco S&P 500® Equal Weight ETF,US Large Blend,0.002
DJCI,UBS ETRACS Bloomberg Cmdty Tot Ret ETN,Commodities,0.005
NIC,Nicolet Bankshares Inc,US Small Blend,0.0
USCI,United States Commodity Index,Commodities,0.0101
SGOL,abrdn Physical Gold Shares ETF,Commodities,0.0017
SIVR,Aberdeen Standard Phys Silver Shrs ETF,Commodities,0.003
XSLV,Invesco S&P SmallCap Low Volatility ETF,US Small Blend,0.0025
W,Wayfair Inc Class A,US Mid Blend,0.0
BNEFF,"Bonterra Energy Corp(USD,BNEFF)",Intl Small Value,0.0
NCLH,Norwegian Cruise Line Holdings Ltd,US Mid Blend,0.0
SCCO,Southern Copper Corp,US Large Blend,0.0
BIAGX,Brown Advisory Growth Equity Inv,US Large Growth,0.0086
FKAIX,Federated Kaufmann Small Cap Instl,** 70 US Small Growth / 15 Intl Small Growth / 15 Cash **,0.0091
ONEW,OneWater Marine Inc Class A,US Small Value,0.0
FIGFX,Fidelity International Growth,** 20 US Large Growth  / 80 Intl Large Growth **,0.0095
VRGWX,Vanguard Russell 1000 Growth Index I,US Large Growth,0.0008
LINIX,BlackRock LifePath Index 2030 Instl,** 40 US Large Blend / 30 Intl Large Blend / 30 Int-Term Inv. Grade **,0.0015
VTTWX,Vanguard Instl Trgt Retire 2030 Instl,** 40 US Large Blend / 30 Intl Large Blend / 30 Int-Term Inv. Grade **,0.0009
CNP,CenterPoint Energy Inc,US Mid Value,0.0
GLCIX,Morgan Stanley Global Cntrpnt I,** 55 US Large Growth / 45 Intl Large Growth **,0.0105
BNPQF,BNP Paribas,Intl Large Value,0.0
RNWK,RealNetworks Inc,US Small Value,0.0
RHT,Red Hat Inc,US Large Growth,0.0
ATECX,AB Sustainable Global Thematic C,** 50 US Large Growth / 50 Intl Large Growth **,0.0203
PFBC,Preferred Bank,US Small Value,0.0
HUTCY,Hutchison Telecommunications Hong Kong Holdings Ltd ADR,Intl Mid Value,0.0
BNPQY,"BNP Paribas ADR(USD,BNPQY)",Intl Large Value,0.0
ENFR,Alerian Energy Infastructure ETF,** 70 US Mid Value / 30 Intl Mid Value **,0.0065
RYU,Invesco S&P500 Equal Weight Utilts ETF,US Mid Value,0.004
RGP,Resources Connection Inc,US Small Blend,0.0
FXI,iShares China Large-Cap ETF,Emerging Large Value,0.0074
SWERX,Schwab Target 2040,** 50 US Large Growth / 30 Intl Large Growth / 20 Int-Term Inv. Grade **,0.0067
TCPC,Blackrock TCP Capital Corp,US Small Value,0.0
CPHYX,Principal High Yield A,High Yield,0.0092
FUNYX,Pioneer Fundemental Growth Y,US Large Growth,0.0077
Mogual REIT,Mogual REIT,US Real Estate,0.02
BNTXX,"American Century Tax-Free Money Mkt Inv(USD,BNTXX)",Cash/Money Market,0.0
Fundrise REIT,Fundrise REIT,US Real Estate,0.01
SFBS,Servisfirst Bancshares Inc,US Small Blend,0.0
Alphaflow,Alphaflow,US Real Estate,0.01
Desert Peaks Apartment,Desert Peaks Apartment,US Real Estate,0.02
DFTCX,DFA T.A. US Core Equity 2 I,US Large Blend,0.0024
DFCMX,DFA CA Short-Term Municipal Bond I,Short-Term Inv. Grade,0.0022
DCIBX,DFA CA Intermediate-Term Muni Bd I,Int-Term Inv. grade,0.0023
SI,Silvergate Capital Corp Class A,US Small Growth,0.0
BOH,Bank of Hawaii Corp,US Mid Value,0.0
EEB,INVESCO BRIC ETF,emerging Large Value,0.0064
STEP,StepStone Group Inc Ordinary Shares,US Small Growth,0.0
IGOV,iShares International Treasury Bond ETF,World Bond,0.0035
BOIVF,BOLLORE             ORDF,Intl Large Growth,0.0
DBE,Invesco DB Energy,Commodities,0.0075
HAO,Invesco China Small Cap ETF,Emerging Mid Value,0.0075
GDXJ,VanEck Vectors Junior Gold Miners ETF,Intl Small Growth,0.0054
REMX,VanEck Vectors Rare Earth/Strat Mtls ETF,** 55 Intl Mid Growth / 30 Emerging Mid Growth / 15 US Mid Growth **,0.0053
UDN,Invesco DB US Dollar Bearish,Non-traditional,0.0075
FXA,Invesco CcyShrs® Australian Dllr Trust,Cash/Money Market,0.004
IIF,MS India Investment,Emerging Large Growth,0.013
TTGT,TechTarget Inc,US Small Growth,0.0
CEE,The Central and Eastern Europe Fund,Emerging Large Blend,0.013
PBR,Petroleo Brasileiro SA Petrobras ADR,Emerging Large Value,0.0
BOND,"PIMCO Active Bond ETF(USD,BOND)",Int-Term Inv. Grade,0.0056
IYR,iShares US Real Estate ETF,US Real Estate,0.0042
SUSApGD,SUSA PARTNERSHIP 7.5%27,Int-Term Inv. Grade,0.0
TAO,Invesco China Real Estate ETF,Intl Real Estate,0.007
CYB,WisdomTree Chinese Yuan Strategy ETF,Cash/Money Market,0.0045
VNM,VanEck Vectors Vietnam ETF,Emerging Mid Growth,0.0068
ONGAX,JPMorgan Investor Growth A,** 61 US Large Blend / 24 Intl Large Blend / 12 Int-Term Inv. Grade / 3 Cash **,0.0097
GIOAX,Guggenheim Macro Opportunities A,High Yield,0.0142
FEYE,FireEye Inc,US Small Growth,0.0
GICUX,Goldman Sachs Intl Sm Cp Insghts R6,Intl Mid Blend,0.0086
HMDYX,Hartford MidCap Y,US Mid Growth,0.0079
BOTZ,"Global X Robotics & Artfcl Intllgnc ETF(USD,BOTZ)",** 30 US Large Growth / 70 Intl Large Growth **,0.0068
MFEKX,MFS Growth R6,US Large Growth,0.0058
QREARX,TIAA Real Estate,US Real Estate,0.0079
RNWGX,American Funds New World R6,** 25 US Large Growth / 35 Intl Large Growth / 35 Emerging Large Growth / 5 Cash **,0.0057
SBPYX,ClearBridge Small Cap Growth I,US Mid Growth,0.009
TIAA Traditional,TIAA Traditional,Cash/Money Market,0.0
VITPX,Vanguard Instl Ttl Stk Mkt Idx InstlPls,US Large Blend,0.0002
HCC,Warrior Met Coal Inc,US Small Value,0.0
VMW,VMware Inc,US Large Value,0.0
VSOIX,Victory Sycamore Small Company Opp I,US Small Blend,0.0088
VTBNX,Vanguard Total Bond Market II Idx I,Int-Term Inv. Grade,0.0002
VTIFX,Vanguard Total Intl Bd Idx Institutional,World Bond,0.0007
BOX,"Box Inc(USD,BOX)",US Small Growth,0.0
VTISX,Vanguard Total Intl Stock Idx Instl Sel,** 80 Intl Large Blend / 20 Emerging Large Blend **,0.0005
TAIBX,PGIM Core Bond Z,Int-Term Inv. Grade,0.0041
USU1303AAD82,CRC Interest Baring Bond,Int-Term Inv. grade,0.0
JGVXX,Janus Henderson Government Money MKT D,Cash/Money Market,0.0059
JANVX,Janus Henderson Venture D,US Small Growth,0.008
WLL,Whiting Petroleum Corp,US Small Value,0.0
JNHYX,Janus Henderson High-Yield D,High Yield,0.0079
JNRFX,Janus Henderson Research D,US Large Growth,0.0072
JANFX,Janus Henderson Flexible Bond D,Int-Term Inv. grade,0.0059
JNMXX,Janus Henderson Money Market D,Cash/Money Market,0.0057
CPFXX,American Century Capital Presv Investor,Cash/Money Market,0.0048
BP,BP PLC ADR,Intl Large Value,0.0
SSSYX,State Street Equity 500 Index K,US Large Blend,0.0002
SNVXX,Schwab Government Money Inv,Cash/Money Market,0.0
STNE,StoneCo STNE,Intl Large Growth,0.0
YMCA RETIREMENT FUND,YMCA RETIREMENT FUND,** 20 US Large Blend / 10 Intl Large Blend / 10 emerging Large Blend / 45 equity - alts / 15 Int-Term Inv. Grade **,0.0
IFACX,American Funds Income Fund of Amer C,** 51 US Large Value / 20 Intl Large Value / 21 Int-Term Inv. Grade / 8 Cash **,0.0136
BPRRX,Boston Partners Long/Short Rsrch Inv,Other,0.0163
TQCYX,Touchstone Dividend Equity Y,US Large Value,0.0077
BPTRX,Baron Partners Retail,US Mid Growth,0.0135
HSLIX,Hartford Small Cap Growth I,US Small Growth,0.0084
BR,Broadridge Financial Solutions Inc,US Mid Growth,0.0
PHSZX,PGIM Jennison Health Sciences Z,** 91 US Large Growth / 8 Intl Large Growth / 1 Cash **,0.0084
BRCAX,Invesco Balanced-Risk Commodity Strat A,Commodities,0.0158
GAOSX,JPMorgan Global Allocation I,** 34 US Large Blend / 23 Intl Large Blend / 37 Short-Term Inv. Grade **,0.0078
TGRW,T. Rowe Price Growth Stock ETF,** 94 US Large Growth / 5 Intl Large Growth / 1 Cash **,0.0052
BRHYX,BlackRock High Yield Bond BlackRock,High Yield,0.005
GAITX,American Funs Growth and Inc Port C,** 55 US Large Blend / 25 Intl Large Blend / 20 Int-Term Inv. Grade **,0.0142
IHGIX,Hartford Dividend and Growth A,US Large Value,0.01
ITBAX,Hartford total return bond A,Int-Term Inv. Grade,0.0079
ANFCX,American Funds New Economy C,** 70 US Large Growth / 30 Intl Large Growth **,0.0156
HFLCX,Hartfort Floating rate C,High Yield,0.0174
TFIFX,T. Rowe Price Financial Services I,** 79 US Mid Value / 16 Intl Mid Value / 5 Cash **,0.0076
FCAU,Fiat Chrysler Automobiles NV,Intl Large Value,0.0
VDEQX,Vanguard Diversified Equity Inv,** 92 US Large Blend / 8 Intl Large Blend **,0.0035
BRK.A,Berkshire Hathaway Inc A,US Large Blend,0.0
BURLINGTN NO SANT 4.7%19,BURLINGTN NO SANT 4.7%19,Short-Term Inv. Grade,0.0
California State 5%19,California State 5%19,Short-Term Inv. Grade,0.0
Grossmont Califo 4.75%40,Grossmont Califo 4.75%40,Long-Term Inv. Grade,0.0
Napa Valley Califor 4%21,Napa Valley Califor 4%21,Short-Term Inv. Grade,0.0
California State 5%21,California State 5%21,Short-Term Inv. Grade,0.0
San Fran Ca Bart 2%22,San Fran Ca Bart 2%22,Int-Term Inv. Grade,0.0
TIEIX,TIAA-CREF Equity Index Instl,US Large Blend,0.0005
VRTV,Veritiv Corp,US Small Blend,0.0
CPG,Crescent Point Energy Corp,Intl Mid Value,0.0
TEQLX,TIAA-CREF Emerging Markets Eq Idx Instl,Intl Large Blend,0.002
TBIIX,TIAA-CREF Bond Index Institutional,Int-Term Inv. Grade,0.0012
TIILX,TIAA-CREF Inflation Link Bd Instl,Int-Term Treasury,0.0026
BRK.B,Berkshire Hathaway Inc B,US Large Value,0.0
TIHYX,TIAA-CREF High-Yield Inst,High Yield,0.0036
TCIEX,TIAA-CREF International Eq Idx Instl,Intl Large Blend,0.0006
GIOIX,"Guggenheim Macro Opportunities Instl(USD,GIOIX)",High Yield,0.0095
BRKS,Brooks Automation Inc,US Small Growth,0.0
ZBpPRH,ZIONS BANCORP 5.75% PFDPFD SER H,Preferred Stock,0.0
WFCpPRW,WELLS FARGO & 5.7% PFDPFD SER W,Preferred Stock,0.0
SCHW.PRD,THE CHARLES S 5.95% PFDPFD SER D,Preferred Stock,0.0
AEO,American Eagle Outfitters Inc,US Small Value,0.0
WAPSX,Western Asset Core Plus Bond IS,Int-Term Inv. Grade,0.0042
DLB,Dolby Laboratories Inc,US Mid Blend,0.0
BRLIX,Bridgeway Blue Chip 35 Index Fund,US Large Blend,0.0015
DISIX,BNY Mellon Small Cap Stock Index I,US Small Blend,0.0025
AVLIX,American Century Value I,US Large Value,0.0078
JQC,Nuveen Credit Strategies Income,High Yield,0.0342
PNMQX,PGIM National Muni R6,Int-Term Inv. Grade,0.0029
SCHN,Schnitzer Steel Industries Class A,US Small Blend,0.0
EWP,iShares MSCI Spain Capped ETF,Intl Large Value,0.0047
SDS,ProShares Ultra Short S&P500,Non-Traditional,0.009
VIXY,ProShares VIX Short-Term Futures,Managed Futures,0.0087
STOR,Store Capital Corp,US Real Estate,0.0
BRSIX,Bridgeway Ultra-Small Company Market,US Small Value,0.0086
DBEU,Xtrackers MSCI Europe hedged Equity,Intl Large Blend,0.0045
EMX,EMX Royalty Corp,Intl Small Blend,0.0
EQXFF,Equinox Gold Corp,Intl Small Growth,0.0
BALL,Ball Corp,US Mid Blend,0.0
EQXWF,Equinox Gold,Intl Small Growth,0.0
A035855,Alicanto Minerals Ltd,Intl Small Blend,0.0
SVBL,Silver Bull Resources Inc,Intl Small Value,0.0
ALCCF,Alicanto Minerals Ltd,Intl Small Blend,0.0
EMRRF,Evrim Resources Corp,Intl Small Growth,0.0
G9341G106,Metal Tiger PLC,Intl Small Growth,0.0
BSBIX,Baird Short-Term Bond Inst,Short-Term Inv. Grade,0.003
MTR,Metal Tiger PLC,Intl Small Growth,0.0
DALN,DallasNews Corp A,US Micro,0.0
MTAFF,Metalla Royalty & Streaming Ltd,Intl Small Growth,0.0
MLRKF,Millrock Resources Inc,Intl Small Blend,0.0
INCKF,Revelo Resources Corp,Intl Small Blend,0.0
WKLDF,West Kirkland Mining In,Intl Small Value,0.0
BSIIX,"BlackRock Strategic Income Opps Instl(USD,BSIIX)",High Yield,0.0089
A046564,WTS ALICANTO MINERALS LTD OPTIONS AUD0.28,Non-Traditional,0.0
AIOIX,American Century International Opps Inv,** 4 US Mid Growth / 15 Emerging Mid Growth / 81 Intl Mid Growth **,0.0137
D044197,WTS DEEP YELLOW LTD OPTION AUD0.5,Non-Traditional,0.0
UEC,Uranium Energy Corp,Intl Small Growth,0.0
ARREF,Amerigo Resources Ltd,Intl Small Blend,0.0
A043685,Ardea Resources Ltd,Intl Small Value,0.0
A047420,Azure Minerals Ltd,Intl Small Blend,0.0
AZRMF,Azure Minerals Ltd,Intl Small Blend,0.0
BONXF,BonTerra Resources Inc,Intl Small Value,0.0
BSJJ,BulletShares 2019 High Yield Corporate Bond ETF,High Yield,0.0044
AIGPX,Virtus AllianzGI Income & Growth P,** 63 US Large Growth / 34 Int-Term Inv. Grade / 3 Cash **,0.0089
MAG,MAG Silver Corp,Intl Small Growth,0.0
MRZLF,Mirasol Resources Ltd,Intl Small Value,0.0
MUNMF,Mundoro Capital Inc,Intl Small Blend,0.0
PAAS,Pan American Silver Corp,Intl Small Growth,0.0
SAND,Sandstorm Gold Ltd,Intl Small Blend,0.0
W006743,West African Resources Ltd,Intl Small Growth,0.0
WFRSF,West African Resources Ltd,Intl Small Growth,0.0
GDX,VanEck Vectors Gold Miners ETF,Commodities,0.0051
VBMPX,Vanguard Total Bond Market Idx InstlPls,Int-Term Inv. Grade,0.0003
BSTZ,BlackRock Science & Technology Trust II,** 45 US Mid Growth / 20 Intl Mid Growth / 5 Emerging Mid Growth / 30 Non-Traditional **,0.0131
BSJK,BulletShares 2020 High Yield Corporate Bond ETF,High Yield,0.0044
US345370CR99,Ford Motor Co. 16/26,Int-Term Inv. Grade,0.0
BCAT,BlackRock Capital Allocation Trust,** 35 US Large Blend / 13 Intl Large Blend / 2 Emerging Large Blend / 50 High Yield **,0.016
BSJL,Investco BulletShares 2021 HY Corp Bd ETF,High Yield,0.0044
SHEL,Shell PLC ADR (Representing - Ordinary Shares),Intl Large Value,0.0
BIGZ,BlackRock Innovation and Growth Trust,** 70 US Small Growth / 7 Intl Small Growth / 23 Non-Traditional **,0.0128
ACETQ,Aceto Corp,US Small Value,0.0
ANFI,Amira Nature Foods Ltd,US Small Value,0.0
AUTO,AutoWeb Inc,US Small Value,0.0
BGFV,Big 5 Sporting Goods Corp,US Small Value,0.0
BSJM,Investco BulletShares 2022 HY Corp Bd ETF,High Yield,0.0044
CSS,CSS Industries Inc,US Small Value,0.0
LNC,Lincoln National Corp,US Mid Value,0.0
NWHM,The New Home Co Inc,US Small Blend,0.0
ZEUS,Olympic Steel Inc,US Small Blend,0.0
TSQ,Townsquare Media Inc Class A,US Small Value,0.0
NBXG,Neuberger Brmn Nxt Gnrtn Cnnctvty,** 69 US Mid Growth / 12 Intl Mid Growth / 14 Non-Traditional / 5 Cash **,0.013
WRK,WestRock Co Inc A,US Mid Value,0.0
EQAL,Invesco Russell 1000 Equal Weight ETF,US Mid Blend,0.002
APOIX,American Century Short Dur Inf PrBd Inv,Inflation Protected,0.0057
CAIFX,American Funds Capital Income Bldr F2,** 45 US Large Value / 30 Intl Large Value / 20 Int-Term Inv. Grade / 5 Cash **,0.0036
IGIFX,American Funds Intl Gr and Inc F1,** 80 Intl Large Blend / 20 emerging Large Blend **,0.0093
BSV,Vanguard Short-Term Bond ETF,Short-Term Inv. Grade,0.0007
ICAFX,American Funds Invmt Co of Amer F2,** 85 US Large Growth / 15 Intl Large Growth **,0.0039
AMFFX,American Funds American Mutual F1,** 80 US Large Blend / 10 Intl Large Blend / 10 Cash **,0.0064
JACK,Jack in the Box INC,US Small Blend,0.0
EFII,Electronics for Imaging Inc,US Small Value,0.0
GIREX,Griffin Institutional Access Real Estate Fund,US Real Estate,0.0191
LW,Lamb Weston Holdins Inc,US Mid Blend,0.0
NVT,nVent Electic PLC,Intl Mid Growth,0.0
PTLAX,PIMCO Low Duration A ,Short-Term Inv. Grade,0.01
AIGWS,American International Group INC,US Large Value,0.0
SPIP,SPDR Portfolio TIPS ETF,Inflation Protected,0.0012
CSMVX,Congress Small Cap Growth Retail,US Small Growth,0.0125
BSX,"Boston Scientific Corp(USD,BSX)",US Large Growth,0.0
BNDW,Vanguard Total World Bond ETF,World Bond,0.0009
VCMDX,Vanguard Commodity Strategy Admiral,Commodities,0.002
Non-Traditional,Non-Traditional,Non-Traditional,0.0
PAXIX,Pax Sustainable Allocation Instl,** 51 US Large Blend / 11 Intl Large Blend / 30 Int-Term Inv. Grade / 8 Cash **,0.0064
BT,"BT Group PLC ADR(USD,BT)",Intl Large Value,0.0
ATHM,Autohome Inc ADR,Intl Large Value,0.0
BTAFF,British American Tobacco PLC,Intl Large Growth,0.0
FAMVX,FAM Value Investor,** 91 US Mid Blend / 7 Intl Mid Blend / 2 Cash **,0.0119
CTIC,CTI BioPharma Corp,US Small Blend,0.0
BTI,"British American Tobacco PLC ADR(USD,BTI)",Intl Large Growth,0.0
ATRI,Atrion Corp,US Small Blend,0.0
MICSX,Matthews Asian Growth and Income Instl,** 55 Emerging Large Blend / 45 Intl Large Blend **,0.0093
BANF,BancFirst Corp,US Small Blend,0.0
btmkx,"iShares MSCI EAFE Intl Idx K(USD,BTMKX)",Intl Large Blend,0.0006
CWAN,Clearwater Analytics Holdings Inc Class A,US Small Blend,0.0
BTSC,Bitcoin Services Inc,Non-Traditional,0.0
CRVL,CorVel Corp,US Small Blend,0.0
ASPZX,Alger Spectra Z,US Large Growth,0.0094
BTTTX,American Century Zero Coupon 2020 Inv,Short-Term Inv. Grade,0.0055
VSEMX,Vanguard Extended Market Index Instl Sel,US Mid Growth,0.0002
VEMRX,Vanguard Emerging Mkts Stock Idx InsPlus,Emerging Large Blend,0.0008
VDIPX,Vanguard Developed Markets Index Ins Pls,Intl Large Blend,0.0004
FRFHF,Fairfax Financial Holdings Ltd Shs Subord.Vtg,US Mid Value,0.0
KSHB,KushCo Holdings Inc,US Small Growth,0.0
LYFT,Lyft Inc Class A,US Large Growth,0.0
PFN,PIMCO Income Strategy Fund II,High Yield,0.0166
FDEQX,Fidelity® Disciplined Equity,US Large Growth,0.0046
CACC,Credit Acceptance Corp,US Mid Blend,0.0
UNFI,United Natural Foods Inc,US Small Value,0.0
ABEMX,Aberdeen Emerging Markets Instl,** 75 Emerging Large Blend / 25 Intl Large Blend **,0.011
GSCLX,Goldman Sachs Large Cap Gr Insghts Svc,US Large Growth,0.0103
BTU,"Peabody Energy Corp(USD,BTU)",US Mid Blend,0.0
ACIIX,American Century Equity Income Fund I Class,** 80 US Large Value / 20 Intl Large Value **,0.0072
FEBIX,First Eagle Global Income Builder I,**25 US Large Blend / 40 Intl Large Blend / 35 High Yield **,0.0092
AIIYX,Invesco International Growth Y,Intl Large Growth,0.0106
JVMAX,JHancock Disciplined Value Mid Cap A,US Mid Value,0.011
PEMGX,Principal MidCap A,**85 US Mid Growth / 15 Intl Mid Growth **,0.0096
ENOV,Enovis Corp,US Small Blend,0.0
SIDNX,Hartford Schroders Intl Multi-Cp Val I,** 80 Intl Large Value / 20 Emerging Large Value **,0.0086
VFLQ,Vanguard US Liquidity Factor ETF,US Mid Blend,0.0013
ICEUX,MainStay Epoch International Choice I,Intl Large Blend,0.0093
TELL,Tellurian Inc,US Small Growth,0.0
ROYL,Royale Energy Funds Inc,US Small Blend,0.0
BTZ,BlackRock Credit Allocation Inc,High Yield,0.0123
FBIOX,Fidelity® Select Biotechnology,US Mid Growth,0.0072
SIGWX,Touchstone Small Company Y,US Small Growth,0.009
QUERX,AQR Large Cap Defensive Style R6,US Large Blend,0.0031
GCSIX,Goldman Sachs Small Cap Equity Insights Instl,US Small Blend,0.0084
ESAB,ESAB Corp,US Small Blend,0.0
FTGC,First Trust Global Tact Cmdty Strat ETF ,** 80  Cash/Money Market / 20 Commodities **,0.0095
MAMTX,BlackRock Strategic Muni Opps Instl,Int-Term Inv. grade,0.0078
BIIEX,Brandes International Equity I,Intl Large Value,0.0085
CCCNX,Center Coast Brookfield MLP Focus Y,MLP,0.0121
FMUSX,Federated Municipal Ultrashort Instl,Short-Term Inv. Grade,0.0036
JEMSX,JPMorgan Emerging Markets Equity I,Emerging Large Growth,0.0099
BUD,"Anheuser-Busch InBev SA/NV ADR(USD,BUD)",Intl Large Blend,0.0
PMUPX,PIMCO Municipal Bond I2,Int-Term Inv. grade,0.0065
PSDPX,PIMCO Short-Duration Muni Income I2,Short-Term Inv. grade,0.0043
LOGIX,Scharf Institutional,** 75 US Large Blend / 25 Intl Large Blend **,0.01
GIRLX,Goldman Sachs Intl Sm Cp Insghts Inv,Intl Small Blend,0.0104
XOP,SPDR S&P Oil & Gas ETF,US Mid Value,0.0035
USO,United States Oil,Commodities,0.0073
VASFX,Vanguard Alternative Strategies Investor,Non-Traditional,0.0066
SWNTX,Schwab Tax-Free Bond,Int-Term Inv. grade,0.0049
HAUZ,Xtrackers International Real Estate ETF,Intl Real Estate,0.001
AF Blue Chip Income and Growth,AF Blue Chip Income and Growth,US Large Growth,0.0041
GAIOX,American Funds Growth and Inc Port A,** 50 US Large Blend / 15 Intl Large Blend / 5 Emerging Large Blend / 20 Int-Term Inv. Grade / 10 Cash **,0.0068
BUFBX,"Buffalo Flexible Income(USD,BUFBX)",** .9 US Large Value / .1 Intl Large Value **,0.0101
IGAAX,American Funds Intl Gr and Inc A,Intl Large Blend,0.0093
CGGGX,American Funds Global Growth Port ,** 50 US Large Growth / 50 Intl Large Growth **,0.0082
MC,Moelis & Co Class A,US Small Blend,0.0
AMUSX,American Funds US Government Sec A,Int-Term Treasury,0.0065
PGGAX,American Funds Global Growth Port A,** 50 US Large Growth / 50 Intl Large Growth **,0.0079
NS,NuStar Energy LP,US Small Value,0.0
SHRAX,ClearBridge Aggressive Growth A,US Large Blend,0.0112
BBTpE,BBT.E,Preferred Stock,0.0
OAKpB,OAK.B,Preferred stock,0.0
CTY,CTY,Preferred Stock,0.0
Lincoln Natl Life Co Annuity,Lincoln Natl Life Co 14L Variable Annuity,Variable Annuity,0.0
BUFSX,Buffalo Small Cap,US Small Growth,0.0101
PAHIX,T. Rowe Price High Yield Adv,High Yield,0.0099
PRM,Perimeter Solutions SA,Intl Small Blend,0.0
RMYSX,Russell Inv Multi-Strategy Income S,** 20 US Large Blend / 20 Intl Large Blend / 40 High Yield / 20 Cash/Money Market **,0.0078
RGISX,Russell Inv Global Infastructure S,** 40 US Large Blend / 60 Intl Large Blend **,0.011
RCCSX,Russell Inv Commodity Strategies S,Commodities,0.011
REMSX,Russell Inv Emerging Markets,Emerging Large Blend,0.0135
RLESX,Russell Inv US Small Cap Equity S,US Small Growth,0.0112
RINTX,Russell Inv International Devd Mkts S,Intl Large Blend,0.0093
RFATX,Russell Inv Investment Grade Bond S,Int-Term Inv. grade,0.0048
RFCTX,Russell Inv Strategic Bond S,Int-Term Inv. grade,0.0058
RSESX,Russell Inv US Strategic Equity S,US Large Blend,0.0074
BUFTX,Buffalo Discovery,US Mid Growth,0.0103
RTMVY,Rightmove PLC ADR,Intl Mid Growth,0.0
TIBCX,Thronburg Investment Income Builder C,** 35 US Large Value / 50 Intl Large Value / 15 High Yield **,0.0208
FDVV,Fidelity High Dividend ETF,US Large Value,0.0029
RYT,Invesco S&P500 Equal Weight Tech ETF,US Large Growth,0.004
IDV,iShares International Select Div ETF,Intl Large Value,0.0049
AYMIX,American Century High-Yield Muni I,High Yield,0.004
MLAIX,MainStay Large Cap Growth I,US Large Growth,0.0073
PDGIX,T. Rowe Price Dividend Growth I,US Large Blend,0.0051
PRVIX,T. Rowe Price Small-cap value I,US Small Blend,0.0073
VMMSX,Vanguard Emerging Markets Sel Stk inv,** 25 Intl Large Blend / 75 emerging Large Blend **,0.0094
JNL,AF Blue Chip Income & Growth,** 90 US Large Growth / 10 Intl Large Growth,0.0069
SSD,Simpson Manufacturing Co Inc,US Small Value,0.0
BUI,"BlackRock Util, Infra & Power Opp(USD,BUI)",** 70% US Large Value / 30% Intl Large Value **,0.0109
OAKpS, Oaktree Capital Group LLC preferred share,Preferred Stock,0.0
VWUSX,Vanguard US Growth Investor,US Large Growth,0.0038
EKGAX,Wells Fargo Global Small Cap A,** 50 US Small Blend / 50 Intl Small Blend **,0.0155
QCSTIX,CREF Stock R3,** 70 US Large Growth / 30 Intl Large Growth **,0.0031
QCSTPX,CREF Stock R2,** 70 US Large Growth / 30 Intl Large Growth **,0.0037
QCMMPX,CREF Money Markter,Cash/Money Market,0.003
XCWPX,ACAP Strategic Fund,US Large Blend,0.015
LNG,Cheniere Energy Inc,US Mid Growth,0.0
MPLX,MPLX LP Parternship Units,MLP,0.0
SUM,Summit Materials Inc A,US Small Blend,0.0
FC GOLF PARTNERS II LP,FC Golf Partners II LP Private LTD Partnership,Non-Traditional,0.0
BWA,BorgWarner Inc,US Mid Value,0.0
FREESTONE ADVANTAGE,Freestone Advantage Partners III LP,Non-Traditional,0.0
FREESTONE MANUFACTURED,Freestone Manufactured Housing communities II qualified LP,Non-Traditional,0.0
PMIEX,PNC International Equity A,Intl Large Growth,0.0123
PIUIX,PNC International Equity I,Intl Large Growth,0.0095
VFSVX,Vanguard FTSE All-Wld ex-US SmCp Idx Inv,Intl Small Blend,0.0022
OGI,OrganiGram Holdings Inc,Intl Small Growth,0.0
IBB,iShares Nasdaq Biotechnology ETF,** 90 US Mid Growth / 10 Intl Mid Growth **,0.0044
IAGG,iShares Core International Aggregate Bond ETF,World Bond,0.0009
ISCV,iShares Morningstar Small-Cap Value ETF,US Small Value,0.0006
BSTG,Biostage Inc,US Small Growth,0.0
BCLI,Brainstorm Cell Therapeutics Inc,US Small Growth,0.0
BWIKX,iShares MSCI Developed World Index K,** Intl Large Blend (60% US 40% Intl) **,0.0015
ONVO,Organovo Holdings Inc,US Small Blend,0.0
BYND,Beyond Meat Inc,US Mid Growth,0.0
AQB,AquaBounty Technologies Inc,US Small Growth,0.0
XON,Intrexon Corp,US Small Blend,0.0
NVIV,InVivo Therapeutics Holdings Corp,US Small Value,0.0
TCTZF,Tencent Holdings Ltd,Intl Large Growth,0.0
VCYT,Veracyte Inc,US Small Growth,0.0
BTIEX,DWS Equity 500 Index S,US Large Blend,0.0025
ESPO,VanEck Vdo Gaming and eSprts ETF,** 39 US Large Growth / 61 Intl Large Growth **,0.0055
ZIOP,ZIOPHARM Oncology Inc,US Small Blend,0.0
JENIX,Jensen Quality Growth I,US Large Blend,0.0061
GPGIX,Grandeur Peak Global Opportunities Instl,**  30 US Mid Growth / 70 Intl Mid Growth **,0.0133
BWX,SPDR® Bloomberg Barclays International Treasury Bond ETF,World Bond,0.0035
PYLMX,Payden Limited Maturity,Short-Term Inv. grade,0.0025
GPEIX,Grandeur Peak Emerging Markets Opportunities Institutional Fund,** 30 Intl Mid Growth / 60 Emerging Mid Growth / 10 Cash/Money Market **,0.0152
FFVFX,Fidelity Freedom® 2015,** 20 US Large Blend / 20 Intl Large Blend / 60 Int-Term Inv. Grade **,0.0054
SASMX,ClearBridge Small Cap Growth A,US Small Growth,0.0119
MIQPX,Morgan Stanley Inst International Eq IS,Intl Large Blend,0.009
PRSIX,T. Rowe Price Personal Strat Inc,** 25 US Large Blend / 15 Intl Large Blend / 60 High Yield **,0.0062
EMBC,Embecta Corp,US Small Value,0.0
MCHP,Microchip Technology Inc,US Large Blend,0.0
OSTIX,Osterweus Strategic Income,High Yield,0.0086
RNPFX,American Funds New Perspective R5,** 50 US Large Growth / 50 Intl Large Growth **,0.0049
AMPCX,American Funds AMCAP C,** 85 US Large Growth / 15 Cash/Money Market **,0.0146
BWXT,BWX Technologies Inc,US Mid Growth,0.0
AEPCX,American Funds Europacific growth c,** 70 Intl Large Growth / 30 Emerging Large Growth **,0.0161
PJFAX,PGIM Jennison Growth A,** 90 US Large Growth / 10 Intl Large Growth **,0.0102
TOLIX,DWS RREEF  Infrastructure inst,** 50 US Large Blend / 50 Intl Large Blend **,0.0112
CFWIX,Calvert Global Water I,** 50 US Mid Blend / 50 Intl Mid Blend **,0.0099
SRVR,Pacer Benchmark Data&Infras RE SCTR ETF,** 81 US Mid Growth / 16 Intl Mid Growth / 3 Emerging Mid Growth **,0.006
FRIRX,Fidelity Advisor Real Estate income I,US Real Estate,0.0075
FANIX,Fidelity Advisor Energy I,US Large Value,0.0083
FRIAX,Franklin Income Adv,** 30 US Large Vlaue / 10 Intl Large Value / 60 High Yield **,0.0047
CCIZX,Columbia Seligman Comms and Info Inst,** 90 US Large Growth / 10 Intl Large Growth **,0.0098
FCLIX,Fidelity Advisor Industrials I,US Large Growth,0.008
LFRIX,Lord Abbett Floating Rate I,Bank Loans,0.0059
BX,"Blackstone Group LP(USD,BX)",US Large Value,0.0
NRIIX,Nuveen Real Asset income I,** 30 US Mid Value / 30 Intl Mid Value / 40 High Yield **,0.0089
ESPNX,Wells fargo Special Small Cao Value Inst,US Small Value,0.0094
HYSZX,PGIM Short Duration High Yield Income Z,High Yield,0.0075
ONLN,ProShares Online Retail ETF,** 75 US Large Growth / 25 Emerging Large Growth **,0.0058
HSSIX,Emerald Banking and Finance instl,US Small Blend,0.0112
CATY,Cathay General Bancorp,US Small Blend,0.0
NUS,Nu Skin Enterprises Inc Class A,US Small Value,0.0
AZMIX,AllianzGI NFJ Emerging Markets Value Ins,Emerging Large Blend,0.0089
MIASX,Matthews Emerging Asia Institutional,Emerging Mid Blend,0.0125
WVCCX,Aberdeen International Small Cp A,Intl Mid Growth,0.0148
EIPCX,Parametric Commodity Strategy Instl,Commodities,0.0065
BXMIX,Blackstone Alternative Multi-Strategy I,Non-Traditional,0.0321
GSFTX,Columbia Dividend Income Inst,US Large Blend,0.0066
RLLGX,American Funds SMALLCAP World R6,Intl Small Growth,0.007
GIS,General Mills Inc,US Large Value,0.0
DEVLX,Delaware Small Cap Value A,US Small Value,0.0115
FAPCX,Fidelity Intl Cptl Apprec K6,Intl Large Growth,0.0066
FSCRX,Fidelity Small Cap Discovery ,** 85 US Small Value / 15 Intl Small Value **,0.0061
RYN,Rayonier Inc,US Real Estate,0.0
ARKK,ARK Innovation ETF,** 90 US Mid Growth / 10 Intl Mid Growth **,0.0075
AAN,Aaron's Inc,US Mid Blend,0.0
ATI,Allegheny Technologies Inc,US Small Blend,0.0
AMWD,American Woodmark Corp,US Small Blend,0.0
BXMT,Blackstone Mortgage Trust Inc A,US Mid Value,0.0
BANR,Banner Corp,US Small Blend,0.0
XTN,SPDR® S&P Transportation ETF,US Small Blend,0.0035
B,Barrick Mining Corp,Intl Large Growth,0.0
EPAY,Bottomline Technologies Inc,US Small Growth,0.0
BDN,Brandywine Realty Trust,US Small Blend,0.0
CACI,CACI International Inc Class A,US Mid Blend,0.0
CADE,Cadence Bancorp Class A,US Small Blend,0.0
ELY,Callaway Golf Co,US Small Growth,0.0
CPE,Callon Petroleum Co,US Small Blend,0.0
CVCO,Cavco Industries Inc,US Small Growth,0.0
CLDT,Chatham Lodging Trust,US Small Value,0.0
BXMX,"Nuveen S&P 500 Buy-Write Income(USD,BXMX)",US Large Blend,0.0
TOST,Toast Inc Class A,US Mid Growth,0.0
CHGG,Chegg Inc,US Mid Growth,0.0
CDXS,Codexis Inc,US Small Growth,0.0
FIX,Comfort Systems USA Inc,US Small Growth,0.0
DK,Delek US Holdings Inc,US Small Value,0.0
DIN,Dine Brands Global Inc,US Small Value,0.0
EGP,EastGroup Properties Inc,US Mid Blend,0.0
ELAN,Elanco Animal Health Inc,US Mid Growth,0.0
ENS,EnerSys,US Small Blend,0.0
ENTG,Entegris Inc,US Mid Growth,0.0
EEFT,Euronet Worldwide Inc,US Mid Growth,0.0
AVXL,Anavex Life Sciences Corp,US Small Growth,0.0
BYDDF,BWX Technologies Inc,Emerging Large Growth,0.0
FOE,Ferro Corp,US Small Blend,0.0
FIVN,Five9 Inc,US Small Growth,0.0
GIII,G-III Apparel Group Ltd,US Small Value,0.0
HSC,Harsco Corp,US Small Growth,0.0
HQY,HealthEquity Inc,US Mid Growth,0.0
HTLF,Heartland Financial USA Inc,US Small Value,0.0
HUBS,HubSpoty Inc,US Mid Growth,0.0
IBKC,IBERIABANK Corp,US Mid Value,0.0
IPAR,Inter Parfums Inc,US Small Growth,0.0
GRTX,Galera Therapeutics Inc Ordinary Shares,US Micro,0.0
KAI,Kadant Inc,US Small Growth,0.0
C,Citigroup Inc,US Large Value,0.0
KFY,Korn Ferry,US Small Blend,0.0
LHCG,LHC Group Inc,US Mid Growth,0.0
LKFN,Lakeland Financial Corp,US Small Blend,0.0
LGND,Ligand Pharmaceuticals Inc,US Small Growth,0.0
MBUU,Malibu Boats Inc Class A,US Small Blend,0.0
MTDR,Matador Resources Co,US Small Blend,0.0
MRCY,Mercury Systems Inc,US Mid Growth,0.0
MOD,Modine Manufacturing Co,US Small Blend,0.0
MULN,Mullen Automotive Inc,US Micro,0.0
MPWR,Monolithic Power Systems Inc,US Mid Growth,0.0
MNRO,Monro Inc,US Small Growth,0.0
CA,CA Inc,US Mid Value,0.0
NMIH,NMI Holdings Inc A,US Small Growth,0.0
OMCL,Omnicell Inc,US Small Growth,0.0
PATK,Patrick Industries Inc,US Small Blend,0.0
PLNT,Planet Fitness Inc A,US Mid Growth,0.0
PFPT,Proofpoint Inc,US Mid Growth,0.0
RPD,Rapid7 Inc,US Small Growth,0.0
SPSC,SPS Commerce Inc,US Small Growth,0.0
TRPSX,TIAA-CREF Social Choice Eq Premier,US Large Blend,0.0035
GPP,Green Plains Partners LP,US Micro,0.0
SAIA,Saia Inc,US Small Growth,0.0
SBCF,Seacoast Banking Corp of Florida Class A,US Small Growth,0.0
SIGI,Selective Insurance Group Inc,US Mid Value,0.0
CABGY,CARLSBERG AS F SPONSORED ADR 1 ADR REPS 0.2 ORD SHS,Intl Large Blend,0.0
SSTI,ShotSpotter Inc,US Small Growth,0.0
TPIC,TPI Composites Inc,US Small Growth,0.0
TXRH,Texas Roadhouse Inc,US Mid Blend,0.0
PLCE,Children's Place Inc,US Small Value,0.0
ENSG,Ensign Group Inc,US Small Growth,0.0
TSCO,Tractor Supply Co,US Mid Growth,0.0
JVTNX,Janus Henderson Venture N,** 84 US Small Growth / 10 Intl Small Growth / 6 Cash **,0.0066
UCBI,United Community Banks Inc,US Small Blend,0.0
UPLD,Upland Software Inc,US Small Growth,0.0
WTFC,Wintrust Financial Corp,US Mid Blend,0.0
WSFS,WSFS Financial Corp,US Small Blend,0.0
CAG,Conagra Brands Inc,US Mid Blend,0.0
JCOM,j2 Global Inc,US Mid Blend,0.0
IMAX,Imax Corp,Intl Small Growth,0.0
LIVN,LivaNova PLC,Intl Small Growth,0.0
NOVT,Novanta Inc,Intl Small Growth,0.0
GIBIX,Guggenheim Total Return Bond Instl,Int-Term Inv. Grade,0.0051
SSMKX,State Street Small/Mid Cap Equity Idx K,US Mid Blend,0.00045
MYFRX,Pioneer Multi-Asset Ultrashort Income Y,** 82 Short-Term Inv. Grade / 18 Cash **,0.0046
PSDYX,Putnam Ultra Short Duration Income Y,Short-Term Inv. Grade,0.003
BIL,SPDR Blmbg Barclays 1-3 Mth T-Bill ETF,Short-Term Treasury,0.00136
SHV,iShares Short Treasury Bond ETF,Short-Term Inv. Grade,0.0015
HXL,Hexcel Corp,US Mid Blend,0.0
CAH,Cardinal Health Inc,US Large Value,0.0
TG,Tredegar Corp,US Small Blend,0.0
CLPHY,CLP Holdings LTD ADR,Intl Large Blend,0.0
PRGO,Perrigo Co PLC,Intl Mid Value,0.0
MLRRX,MainStay Winslow Large Cap Growth R1,** 95 US Large Growth / 5 Intl Large Growth **,0.0078
CHN,China Fund Inc,** 38 Emerging Large Growth / 38 Emerging Large Blend / 24 Emerging Large Value **,0.0191
GLRBX,James Balanced: Golden Rainbow R,** 55 Int-Term Inv. Grade /45 US Large Value **,0.01
NSYS,Nortech Systems Inc,US Small Blend,0.0
PGCAX,PIMCO Investment Grade Credit Bond ADM,** 25 Short-Term Inv. grade / 50 Int-Term Inv. Grade / 25 Long-Term Inv. Grade **,0.0084
NCSPX,Nuveen California Municipal Bond Fund,** 10 Short-Term Inv. Grade / 5 Int-Term Inv. Grade / 85 Long-Term Inv. Grade **,0.0056
NAD,Nuveen Quality Muni Income Fund,Long-Term Inv. grade,0.0234
GGHCX,Invesco Healthcare Fund A,** 75 US Large Growth / 25 Intl Large Growth **,0.011
CAIBX,"American Funds Capital Income Bldr A(USD,CAIBX)",** 35 US Large Value / 35 Intl Large Value / 30 Int-Term Inv. Grade **,0.0058
CLPHF,CLP Holdings Ltd,Intl Large Blend,0.0
GLAE,GlassBridge Enterprises Inc,US Small Value,0.0
FDSCX,Fidelity® Stock Selector Small Cap,** 95 US Small Blend / 5 Intl Small Blend **,0.009
NRG,NRG Energy Inc,US Mid Value,0.0
SPWR,SunPower Corp,US Small Value,0.0
AEDAX,Invesco European Growth A,** 90 Intl Large Blend / 10 Cash/Money Market **,0.0136
AEF,Aberdeen Emerging Markets Equity Inc,Emerging Large Blend,0.0155
AIVSX,American Funds Invmt Co of Amer A,** 85 US Large Blend / 10 Intl Large Blend / 5 Cash **,0.0057
IENAX,Invesco Energy A,** 60 US Large Value / 40 Intl Large Value **,0.0133
JOF,Japan Smaller Capitalization,** 65 Intl Small Value / 35 Intl Small Blend **,0.0113
LCEAX,Invesco Diversified Dividend A,** 80 US Large Value / 20 Intl Large Value **,0.0081
CAJ,Canon Inc ADR,Intl Large Value,0.0
MASPX,BlackRock Advantage US Total Mkt Instl,** 75 US Large Blend / 20 US Mid Blend / 5 US Small Blend **,0.0048
gkos,"Glaukos Corp(USD,GKOS)",US Small Growth,0.0
NKX,Nuveen CA AMT - Free Quality Muni Inc,Long-Term Inv. Grade,0.0151
PBDAX,PIMCO Investment Grade Credit Bond A,Int-Term Inv. Grade,0.0091
QVGIX,Invesco Oppenheimer Global Allocation A,** 30 US Large Growth / 35 Intl Large Growth / 35 Int-Term Inv. Grade **,0.0129
RIRGX,American Funds Capital Income Bldr R6,** 35 US Large Value / 35 Intl Large Value / 30 Int-Term Inv. Grade **,0.0029
SLANX,DWS Latin American Equity A,Emerging Large Growth,0.0166
SSGLX,State Street Global Eq ex-US Index K,Intl Large Blend,0.00065
GSIMX,Goldman Sachs GQG Ptnrs Intl Opps Instl,** 15 US Large Growth / 85 Intl Large Growth **,0.0089
OAKEX,Oakmark International Small Cap Investor,Intl Mid Value,0.0136
CBRE,CBRE Group Inc Class A,US Mid Growth,0.0
CAKE,Cheesecake Factory Inc,US Small Blend,0.0
QID,ProShares UltraShort QQQ,Non-Traditional,0.0095
MAS,Masco Corp,US Mid Blend,0.0
PWR,Quanta Services Inc,US Mid Blend,0.0
SSNC,SS&C Technologies Holdings Inc,US Mid Blend,0.0
CBRL,Cracker Barrel Old Country Store Inc,US Mid Value,0.0
MAN,ManpowerGroup Inc,US Mid Value,0.0
PFGC,Performance Food Group Co,US Mid Blend,0.0
RHP,Ryman Hospitality Properties Inc,US Mid Blend,0.0
VRNT,Verint Systems Inc,US Mid Blend,0.0
CEMIX,Causeway Emerging Markets Instl,Emerging Large Value,0.0115
CAN,Horizons Canadian Dollar Currency ETF ,Intl Small Growth,0.0
ABCP,Ambase Corp,US Real Estate,0.0
PRBIX,JPMorgan Tax Free Bond I,Int-Term Inv. grade,0.0045
SPTM,SPDR® Portfolio Total Stock Market ETF,US Large Blend,0.0003
SPEM,SPDR® Portfolio Emerging Markets ETF,Emerging Large Blend,0.0011
SPDW,SPDR® Portfolio Developed Wld ex-US ETF,Intl Large Blend,0.0004
GHL,Greenhill & Co Inc,US Micro,0.0
CANN,General Cannabis Corp,US Micro,0.0
GWX,SPDR® S&P International Small Cap ETF,Intl Small Blend,0.004
MDYV,SPDR® S&P 400 Mid Cap Value ETF,US Mid Value,0.0015
CSHIX,Credit Suisese Floating Rate Hi Inc Instl,Bank Loans,0.007
GIUSX,Guggenheim Investment Grade Bond Instl,Int-Term Inv. grade,0.005
OMER,Omeros Corp,US Micro,0.0
MIITX,BMO Intermediate Tax-Free I,Int-Term Inv. grade,0.003
Cash,Meta Financial Group Inc,US Small Blend,0.0
SWHGX,Schwab MarketTrack Growth,** 60 US Large Blend / 20 Intl Large Blend / 15 Int-Term Inv. Grade / 5 Cash **,0.005
TADAX,Transamerica US Growth A,US Large Growth,0.0116
BEQGX,American Century Equity Growth Inv,US Large Growth,0.0066
AAGPX,American Beacon Large Cap Value Inv,US Large Value,0.0095
TWVLX,American Century Value Inv,US Large Value,0.0098
BEGBX,American Century International Bond Inv,World Bond,0.0081
ACITX,American Century Inflation asjs Bond Inv,Inflation Protected,0.0047
BGNMX,American Centiry Ginnie Mae Inv,Int-Term Inv. grade,0.0055
VITAX,Vanguard Information Technology Idx Adm,US Large Growth,0.001
PCRX,Pacira BioSciences Inc,US Small Growth,0.0
VTEAX,Vanguard Tax-Exempt Bond Index Admiral,Int-Term Inv. grade,0.0009
HDG,ProShares Hedge Replication,Other - hedge funds,0.0095
Cash/Money Market,Cash/Money Market,Cash/Money Market,0.0
UC Domestic Equity Index,UC Domestic Equity Index,US Large Blend,0.0015
UC Intl Equity Index,UC Intl Equity Index,Intl Large Blend,0.0032
UC Bond Fund,UC Bond Fund,Int-Term Inv. grade,0.0015
UC TIPS Fund,UC TIPS Fund,Inflation Protected,0.0015
UC Short Duration TIPS fund,UC Short Duration TIPS fund,Inflation Protected,0.0004
UC High Yield Fund,UC High Yield Fund,High Yield,0.0023
UC REIT Fund,UC REIT Fund,US Real Estate,0.0026
RYAM,Rayonier Advanced Materials Inc,US Micro,0.0
UC Emerging Markets Equity Fund,UC Emerging Markets Equity Fund,Emerging Large Blend,0.0012
UC Commodity Fund,UC Commodity Fund,Commodities,0.001
UC Long Duration Fund,UC Long Duration Fund,Long-Term Inv. grade,0.0007
CASS,Cass Information Systems Inc,US Small Growth,0.0
UC Savings Fund,UC Savings Fund,Short-Term Treasury,0.002
BUFGX,Buffalo Growth,US Large Growth,0.0092
SNYT25$01,Sony Retirement 2025,** .45 US Large Growth / .25 Intl Large Growth / .3 High Yield **,0.0067
VCITX,Vanguard CA Long-Term Tax-Exempt Inv,Long-Term Inv. Grade,0.0017
RBLCX,Russell Inv LifePoints Balanced Strat C,** .25 US Large Blend / .35 Intl Large Blend / .4 High Yield,0.0196
CAMAX,Cambiar Global Ultra Focus Investor,** .7 US Large Value / .3 Intl Large Value **,0.0098
CMG,Chipotle Mexican Grill Inc Class A,US Large Growth,0.0
BARIX,Baron Asset Instl,US Mid Growth,0.0104
CAT,Caterpillar Inc,US Large Value,0.0
HWDIX,Hartford World Bond I,Int-Term Inv. grade,0.0076
PIREX,Principal Real Estate Securities Inst,US Mid Blend,0.0091
TIBHX,TIAA-CREF Bond Advisor,Int-Term Inv. grade,0.0044
SYNA,Synaptics Inc,US Small Value,0.0
WORK,Slack Technologies Inc Class A,US Large Growth,0.0
EPS,WisdomTree US Earnings 500 ETF,US Large Blend,0.0008
IBM Interest Income Fund,IBM Interest Income Fund,Int-Term Inv. Grade,0.0114
CAVM,"Cavium Inc(USD,CAVM)",US Mid Growth,0.0
EES,WisdomTree US SmallCap Earnings ETF,US Small Value,0.0038
FEQIX,Fidelity Equity-Income,** 85 US Large Value / 15 Intl Large Value **,0.0061
VWNDX,Vanguard WindsorTM Inv,US Large Value,0.0031
CB,Chubb Ltd,Intl Large Blend,0.0
MDIZX,MFS Intl Diversification R6,Intl Large Blend,0.0073
CBALX,"Columbia Balanced Inst(USD,CBALX)",** .6 US Large Blend / .4 Int-Term Inv. Grade **,0.0071
AFL,"Aflac Inc(USD,AFL)",US Large Value,0.0
ACB,Aurora Cannabis Inc,Intl Mid Growth,0.0
RCL,Royal Caribbean Cruises LTD,Intl Large Value,0.0
SFAAX,Wells Fargo index Asset Allocation A,** 70 US Large Blend / 30 Int-Term Inv. Grade **,0.0108
WFILX,Wells Fargo Index A,US Large Blend,0.0045
NXC,Nuveen CA Select Tax-Free,Int-Term Inv. grade,0.0
CBGI,Cannabusiness Group Inc,Other,0.0
GLAXF,GlaxoSmithKline PLC,Intl Large Blend,0.0
SLAFX,DWS Latin America Equity S,Emerging Large Growth,0.0141
CNSL,Consolidated Communications Holdings Inc,US Small Value,0.0
MFEGX,MFS Growth A,US Large Growth,0.0092
NOSIX,Northern Stock Index,US Large Blend,0.001
FSNLX,Fidelity Freedom 2015 K,** 25 US Large Blend / 20 Intl Large Blend / 40 Int-Term Inv. Grade / 15 Cash/Money Market **,0.0049
FIDKX,Fidelity International Discovery K,Intl Large Growth,0.0077
FPUKX,Fidelity Purity K,** 60 US Large Growth / 40 Int-Term Inv.grade **,0.0045
OIERX,JPMorgan Equity Income R5,US Large Value,0.0058
EGINX,Invesco European Growth Investor,Intl Large Blend,0.0131
FAMKX,Fidelity Advisors Emerging Markets A,Emerging Large Growth,0.0144
ADRE,Invesco BLDRS Emerging Markets 50 ADR,** 97 Emerging Large Blend / 3 Cash **,0.0029
CBMAX,Wells Fargo C&B Mid Cap Value A,US Mid Value,0.0126
DFGFX,DFA Two-Year Global Fixed-Income 1,Short-Term Inv. grade,0.0017
DFEMX,DFA Emerging Markets I,Emerging Large Value,0.0036
DFISX,DFA International Small Company 1,Intl Small Blend,0.0039
DTMMX,DFA Tax-Managed US Marketwide Value,US Large Value,0.0037
DFITX,DFA International Real Estate SEC 1,Intl Real Estate,0.0027
VGZ,Vista Gold Corp,Intl Small Value,0.0
VBIIX,Vanguard Interm-Term Bond Index Inv,Int-Term Inv. Grade,0.0015
CCASX,Conestoga Small Cap Investors,US Small Growth,0.011
NVTS,Navitas Semiconductor Corp Class A,Intl Small Value,0.0
CBRAX,JP Morgan Coprorate Bond A,Int-Term Inv. Grade,0.0075
HAITX,Hartford Core Equity R6,US Large Growth,0.0036
SAFT,Safety Insurance Group Inc,US Small Value ,0.0
CBS,CBS CORP-CLASS B NON VOTING,US Large Value,0.0
AWCMY,Alumina Ltd ADR,Intl Mid Value,0.0
CC,The Chemours Co,US Mid Blend,0.0
CLPXY,China Longyuan Power Group Corp Ltd ADR,Intl Large Blend,0.0
CCE,"Coca-Cola European Partners PLC(USD,CCE)",Intl Large Blend,0.0
EVRG,Evergy Inc,US Mid Value,0.0
HYCTW,Hycroft Mining,Commodities,0.0
DFKCY,Daifuku Co Ltd ADR,Intl Large Growth,0.0
CCI,Crown Castle International Corp,US Real Estate,0.0
THLLY,Thales ADR,Intl Large Blend,0.0
CCL,Carnival Corp,US Large Blend,0.0
JMST,JPMorgan Ultra-Short Municipal Inc ETF,** 82 Int-Term Inv. Grade / 18 Cash **,0.0018
CDAZX,"Multi-Manager Directional Alt Strat Inst(USD,CDAZX)",US Large Blend,0.0236
SVFFX,Smead Value I1,US Large Value,0.0098
WHG,Westwood Holdings Group Inc,US Small Value,0.0
GPIOX,Grandeur Peak International Opps Inv,US Small Growth,0.0162
PRTNX,PIMCO Real Return A,Inflation Protected,0.0138
GTLOX,Glenmede Quant US Large Cap Core eq,US Large Blend,0.0085
DIV,Global X SuperDividend U.S. ETF,US Mid Value,0.0045
XMMO,Invesco S&P MidCap Momentum ETF,US Mid Growth,0.0039
GVMCX,Government Street Mid-Cap,US Mid Blend,0.0111
POAGX,PRIMECAP Odyssey Aggressive Growth,US Mid Growth,0.0064
PRSVX,T. Rowe Price Small-Cap,US Small Blend,0.0085
CDE,"Coeur Mining Inc(USD,CDE)",US Small Value,0.0
PORTX,Trillium P21 Global Equity R,Intl Large Blend,0.0129
NUMG,Nuveen ESG Mid-Cap Growth ETF,US Mid Growth,0.003
BTO,JH Financial Opportunities,US Mid Value,0.0204
CAAPX,Ariel Appreciation Investor,US Mid Value,0.0113
ARGFX,Ariel Fund Investor,US Mid Value,0.0101
CHSCP,CHS Inc Pref Share,Preferred Stock,0.0
VMLTX,Vanguard Ltd-Term Tx-Ex  ,Short-Term Inv. Grade,0.0017
CDK,CDK Global Inc,US Mid Growth,0.0
GLD,SPDR Gold Trust,Commodities,0.004
GBL1Z,AMERICAN FD GLOBAL      BALANCED FD A,** 25 US Large Blend / 35 Intl Large Blend / 40 Int-Term Inv. Grade **,0.0
RCUS,ARCUS BIOSCIENCES IN,US Micro,0.0
DFALX,DFA LARGE CAP INTL PORT INSTL,Intl Large Blend,0.0023
DGSIX,DFA GLBL ALLOC 60/40    PORT INST,** 60 US Large Blend / 40 Int-Term Inv. Grade **,0.0028
DTMVX,DFA TAX MGD US TARGETED VALUE PORT INST,US Small Value,0.0044
NUSC,Nuveen ESG Small-Cap ETF,US Small Blend,0.003
CDMO,"Avid Bioservices Inc(USD,CDMO)",US Small Growth,0.0
VSGDX,VANGUARD SHORT-TERM     FEDERAL FUND ADMIRAL SHR,Short-Term Inv. grade,0.001
ESGU,ISHARES ESG MSCI USA    ETF,US Large Blend,0.0015
ESGV,VANGUARD ESG U.S. STOCK ETF,US Large Blend,0.0012
VSGX,VANGUARD ESG            INTERNATIONAL STOCK ETF,Intl Large Blend,0.0015
PRDMX,T ROWE PRICE DIVERS MID CAP GWTH FD INV,US Mid Growth,0.0083
PRPFX,Permanent Portfolio Permanent I,** 32 US Large Blend / 36 Short-Term Inv. Grade / 32 Cash **,0.0084
CEM,ClearBridge MLP and Midstream,US Mid Value,0.0
INGN,Inogen Inc,US Small Growth,0.0
CIBR,First Trust NASDAQ Cybersecurity ETF,US Mid Growth,0.006
PAUIX,PIMCO All Asset All Authority Inst,** 15 US Mid Value / 11 Intl Mid Value / 52 Int-Term Inv. Grade / 22 Non-Traditional **,0.0121
GCEQX,Green Century Equity Individual Investor,US Large Growth,0.0125
TBT,ProShares UltraShort 20+ Year Treasury,US Inverse Debt,0.0089
CDNS,Cadence Design Systems Inc,US Mid Growth,0.0
MGK,Vanguard Mega Cap Growth ETF,US Large Growth,0.0007
lVWIX,IVA Worldwide I,** 40% US Large Blend / 20% Intl Large Blend / 40% Cash **,0.0018
WLPK,Westlake Chemical Partners LP,US Small Value,0.0
IVOO,Vanguard S&P Mid-Cap 400 ETF,US Mid Blend,0.0015
IVW1Z,IVA Worldwide C,** 40% US Large Blend / 20% Intl Large Blend / 40% Cash **,0.0204
cone,CyrusOne Inc,US Mid Growth,0.0
fis,Fidelity National Information Services Inc,US Large Blend,0.0
MGBIX,AMG Managers Loomis Sayles Bond I,Int-Term Inv. Grade,0.005
GCINX,Green Century MSCI Intl Indx Indvl Inv,Intl Large Blend,0.0128
EIBIX,Eaton Vance Income Fund of Boston I,High Yield,0.0074
FCAVX,Franklin CA Tax Free Income Adv,Long-Term Inv. Grade,0.0051
CDSIX,"Calvert Short Duration Income I(USD,CDSIX)",Short-Term Inv. Grade,0.0051
LDKYQ,"LDK Solar Co, Ltd.",Intl Small Growth,0.0
STBAX,Invesco Short Term Bond A,Short-Term Inv. Grade,0.0065
WASAX,Ivy Asset Strategy A,** 35% US Large Blend / 20% Intl Large Blend / 20% Int-Term Inv. Grade **,0.0111
PGNAX,PGIM Jennison Natural Resources A,** 55% US Large Blend / 45% Intl Large Blend **,0.0124
MCFRX,Pioneer Multi-Asset Ultrashort Income C,Bank Loans,0.0091
PRLPX,PIMCO Real Return I2,Inflation Protected,0.0108
PAXHX,Pax High Yield Bond Investor,High Yield,0.0093
exg,EV Tax-Mgd Gbl Div Equity Income,** 55 US Large Blend / 45 Intl Large Blend **,0.0107
MIGFX,Massachusetts Investors Growth Stock Fund Class A,US Large Growth,0.0073
AKAM,Akamai Technologies Inc,US Mid Growth,0.0
CDW,CDW CORP/DE,US Mid Blend,0.0
RUN,Sunrun Inc,US Small Growth,0.0
CD0000,Generic CD,Short-Term Inv. Grade,0.0
VTWSX,Vanguard Total World Stock Index Inv,** 55% US Large Blend / 45% Intl Large Blend **,0.0017
IWY,iShares Russell Top 200 Growth ETF,US Large Growth,0.002
DGRE,WisdomTree Emerging Mkts Qual Div Gr ETF,Emerging Large Blend,0.0032
GBCI,CGI Inc Class A,US Large Growth,0.0
PGRNX,Pax Global Environmental Markets Inv,** 57 US Large Growth / 43 Intl Large Growth **,0.0115
ZEN,Zendesk Inc,US Mid Growth,0.0
OPY,Oppenheimer Holdings Inc Class A,US Small Value,0.0
LIHAX,BlackRock LifePath Index 2045 Inv A,** 55% US Large Blend / 40% Intl Large Blend / 5% Bonds **,0.004
SWYDX,Schwab Target 2025 Index,US Large Blend,0.0008
CE,Celanese Corp,US Mid Value,0.0
SWYEX,Schwab Target 2030 Index,** 43 US Large Blend / 16 Intl Large Blend / 39 Int-Term Inv. Grade / 2 Cash **,0.0003
SWYFX,Schwab Target 2035 Index,** 50% US Large Blend / 25% Intl Large Blend / 25% Int-Term Inv.Grade **,0.0008
AIEQ,AI Powered Equity ETF,US Large Growth,0.0077
SWYGX,Schwab Target 2040 Index,US Large Blend,0.0008
VTSPX,Vanguard Short-Term Inflation Protected SEC Idx Ins,Inflation Protected,0.0004
TSBRX,TIAA-CREF Core Impact Bond Retail,Int-Term Inv. Grade,0.0061
RA,Brookfield Real Assets Income Fund Inc.,Int-Term Inv. grade,0.0256
EXPD,Expeditors International of Washington Inc,US Mid Blend,0.0
GTSCX,Glenmede Small Cap Equity Instl,US Small Growth,0.007
JDVWX,Jhancock Disciplined Value R6,US Large Value,0.007
CECO,"Career Education Corp(USD,CECO)",US Small Value,0.0
PRJIX,T.Rowe Price New Horizons I,** 80 US Mid Growth / 20 Intl Mid Growth **,0.0065
ACBPX,American Century Diversified Bond I,Int-Term Inv. grade,0.004
RPIBX,T. Rowe Price International Bond,Long-Term Inv. Grade,0.0067
TIIHX,TIAA-CREF Inflation Link Bd Advisor,Int-Term Inv. grade,0.0036
BCSSX,Brown Capital Mgmt Small Co Instl,US Small Growth,0.0106
TAGRX,JHancock Fundamental Large Cap Core A,US Large Blend,0.0101
PFOAX,PIMCO International Bond (USD-Hdg) A,World Bond,0.0095
TEAM,Atlassian Corporation PLC A,Intl Large Growth,0.0
MDB,MongoDB Inc Class A,US Mid Growth,0.0
GWLIF,Great-West Lifeco Inc,Intl Large Value,0.0
MAXR,Maxar Techonologies,US Small Value,0.0
CEKRX,COLUMBIA EMERGING MRKTS FUND CL INST 2,Emerging Large Growth,0.0116
MIDD,The Middleby Corp,US Mid Growth,0.0
SSYS,Stratasys Ltd,Intl Small Growth,0.0
YELP,Yelp Inc Class A,US Small Growth,0.0
MOFIX,Mercer Opportunistic Fixed Income Y3,High Yield,0.0045
Z,Zillow Group Inc C,US Mid Growth,0.0
ZG,Zillow Group Inc A,US Mid Growth,0.0
UBNT,Ubiquiti Networks Inc,US Mid Value,0.0
VTBIX,Vanguard Total Bond market II idx inv,Int-Term Inv. grade,0.0009
CWBHF,Charlottes Web Holdings Inc Ordinary Shares,Preferred Stock,0.0
TWLO,Twilio Inc A,US Mid Growth,0.0
WD,Walker & Dunlop Inc,US Small Blend,0.0
CEL,"Cellcom Israel Ltd(USD,CEL)",Intl Small Blend,0.0
WIX,Wix.com Ltd,US Mid Growth,0.0
ZM,Zoom Video Communications Inc,US Large Growth,0.0
PXSCX,Pax Small Cap Investor,** 94 US Small Blend / 6 Cash **,0.0115
LOGI,Logitech International SA,US Mid Growth,0.0
AIRO,Airspan Networks Inc,US Small Blend,0.0
SWIR,Sierra Wireless Inc,US Small Growth,0.0
COUP,Coupa Software Inc,US Mid Growth,0.0
NABZY,national Australia Bank Ltd ADR,Intl Large Value,0.0
TLSYY,Telstra Corp Ltd ADR,Intl Large Value ,0.0
RFGTX,American Funds 2040 Target Date Retire R6,** 60 US Large Growth / 30 Intl Large Growth / 10 Int-Term Inv.grade **,0.004
JESTX,John Hancock Science and Technology Trust,US Large Growth,0.0113
CELG,Celgene Corp,US Large Growth,0.0
JFIVX,John Hancock 500 Index Trust,US Large Growth,0.003
BPAIX,Boston Partners All Cap Value Instl,US Large Value,0.008
FEPTX,Fidelity Advisor total bond M,Int-Term Inv. Grade,0.0076
NML0590AU,AMP Generations High Growth,Intl Large Growth,0.0205
CLPAX,Catalyst/Exceed Defined Risk A,High Yield,0.0157
FMAT,Fidelity MSCI Materials ETF,** 85 US Mid Core / 15 Intl Large Core **,0.00084
FCTFX,Fidelity California Municipal Income,Long-Term Inv. Grade,0.0045
IUSV,iShares Core S&P US Value ETF,US Large Value,0.0004
IVZ,Invesco Ltd,US Mid Value,0.0
RIG,Transocean Ltd,US Small Value,0.0
BLW,BlackRock Limited Duration Inc,High Yield,0.0173
CEQP,Crestwood Equity Partners LP,US Small Value,0.0
GLLAX,"Aberdeen Global Equity A(USD,GLLAX)",** .35 US Large Blend / .65 Intl Large Blend **,0.0156
EGF,BlackRock Enhanced Gov Fund,Int-Term Treasury,0.0153
FIT,Fitbit Inc A,US Small Value,0.0
SMCFX,American Funds SMALLCAP World F2,** 50 US Mid Growth / 50 Intl Mid Growth **,0.0079
NTIAX,Columbia Mid Cap Index A,US Mid Blend,0.0045
TTRZX,Templeton Global Total Return Adv,** 50 Int-Term Inv. Grade / 50 Cash/Money Market **,0.0084
COSVX,Columbia Overseas Value Adv,Intl Large Value,0.0097
ASRYX,Invesco Global Real Estate Y,Intl Real Estate,0.01
MBXAX,Catalys/Millburn Hedge Strategy A,Managed Futures,0.0225
BST,BlackRock Science and Technology Trust,** 70 US Large Growth / 30 US Mid Growth **,0.0109
DIAX,Nuveen Dow 30 Dynamic Overwrite ,US Large Blend,0.0092
PIRMX,PIMCO Inflation Response MultiAsst Instl,** 48 Inflation Protected / 22 Commodities / 4 US Real Estate / 26 Non-Traditional **,0.0069
ONCFX,JPMorgan Investor Conservative Growth I,** 22 US Large Blend / 8 Intl Large Blend / 61 Int-Term Inv. Grade / 9 Cash **,0.007
CERN,Cerner Corp,US Large Growth,0.0
MCIIX,BMO TCH Corporate Income I,Int-Term Inv. Grade,0.0045
DBLFX,DoubleLine Core Fixed Income I,Int-Term Inv. Grade,0.0048
DIVY,Reality Shares DIVS ETF,Managed Futures,0.0085
GDV,Gabelli Dividend & Income ,** 80 US Large Blend / 20 Intl Mid Blend **,0.0113
GLAD,Gladstone Capital Corp,US Small Value,0.0
QQQX,Nuveen NASDAQ 100 Dynamic Overwrite,US Large Growth,0.0091
TRP,TC Energy Corp,US Large Blend,0.0
WYND,Wyndham Destinations Inc,US Mid Value,0.0
HE,Hawaiian Electric Industries Inc,US Mid Value,0.0
AGCVX,American Century Global Small Cap Inv,Intl Small Growth,0.0112
HSY,The Hershey Co,US Large Growth,0.0
CF,CF Industries Holdings Inc,US Mid Value,0.0
OC,Owens-Corning Inc,US Mid Value,0.0
SGLRF,Spyglass Resources Corp,Intl Small Value,0.0
NPRTX,Neuberger Berman Large Cap Value Inv,US Large Value,0.0088
STMDX,Sterling Capital Stratton RI Estt Instl,US Mid Growth,0.0082
ONCT,Oncternal Therapeutics,US Small Growth,0.0
ALTFX,AB Sustainable Global Thematic A,** 50 US Large Growth / 50 Intl Large Growth **,0.0128
WLTW,Willis Towers Watson PF,Intl Large Blend,0.0
APWEX,Cavanal Hill World Energy Investor,Commodities,0.0115
CFIMX,Clipper,** .83 US Large Value / .17 Intl Large Value **,0.0072
DHTAX,Diamond Hill All Cap Select Inv,US Mid Blend,0.0116
CFRHF,Cie Financiere Richemont SA,Intl Large Growth,0.0
TGRYX,TCW Global Real Estate N,Intl Real Estate,0.01
CFRUY,Cie Financiere Richemont SA ADR,US Large Growth,0.0
LJPC,La Jolla Pharmaceutical CO,US Small Growth,0.0
NK,NantKwest Inc,US Small Value,0.0
JAMF,Jamf Holding Corp Ordinary Shares,US Small Growth,0.0
TMFC,Motley Fool 100 ETF,US Large Growth,0.005
ETMGX,Eaton Vance Tx-Mgd Small-Cap A,US Small Growth,0.0117
GRPN,Groupon Inc.,US Small Blend,0.0
TLRD,Tailored Brands Inc.,US Small Value,0.0
CHRW,C.H. Robinson Worldwide Inc.,US Mid Blend,0.0
CGC,"Canopy Growth Corp(USD,CGC)",Intl Mid Growth,0.0
LHX,L3Harris Technologies Inc.,US Large Blend,0.0
MSTR,MicroStrategy,US Small Blend,0.0
POST,Post Holdings Inc.,US Mid Blend,0.0
SAIC,Science Applications,US Mid Value,0.0
LICY,Li-Cycle Holdings Corp Ordinary Shares - Class A,Intl Small Growth,0.0
SRCL,Stericycle Inc.,US Mid Value,0.0
JW.A,John Wiley & Sons Inc.,US Small Blend,0.0
ACINX,Columbia Acorn International Inst,Intl Mid Growth,0.0099
TEFQX,Firsthand Technology Opportunities,US Mid Growth,0.0183
RPG,Invesco S&P 500® Pure Growth ETF,US Large Growth,0.0035
USL,United States 12 Month Oil,Commodities,0.0082
CGMFX,"CGM Focus(USD,CGMFX)",US Mid Value,0.0162
MIPIX,Matthews Asia Dividend Instl,Intl Large Blend,0.009
VTWG,Vanguard Russell 2000 Growth ETF,US Small Growth,0.002
ARTOX,American Century One Choice In Ret Inv,** 33 US Large Blend / 12 Intl Large Blend / 50 Int-Term Inv. Grade / 5 Cash **,0.0075
FIVLX,Fidelity® International Value,Intl Large Value,0.0089
VONV,Vanguard Russell 1000 Value ETF,US Large Value,0.0012
IWS,iShares Russell Mid-Cap Value ETF,US Mid Value,0.0024
DDAIF,Daimler AG,Intl Large Value,0.0
UIS,Unisys Corp,US Small Value,0.0
VKMGX,Invesco Quality Income A,Int-Term Inv. Grade,0.0094
GIGSX,Aberdeen International Equity I/S,Intl Large Growth,0.0106
TWCIX,American Century Select Inv,US Large Growth,0.0097
CGNX,Cognex Corp,US Mid Growth,0.0
VTMFX,Vanguard Tax-Managed Balanced Adm,** .5 US Large Blend / .5 Int-Term Inv. Grade **,0.0009
AREVX,American Century One Choice 2055 Inv,** 55 US Large Blend / 20 Intl Large Blend / 6 Emerging Large Blend / 17 Int-Term Inv. Grade / 2 Cash **,0.0089
RWIGX,American Funds Capital World Gr&Inc R6,** .5 US Large Blend / .5 Intl Large Blend **,0.0044
MERDX,Meridian Growth Legacy,** 90 US Mid Growth / 10 Cash **,0.0086
VHYAX,Vanguard High Dividend Yield Index Adm,US Large Value,0.008
VEGBX,Vanguard Emerging Markets Bond Admiral,Int-Term Inv. Grade,0.0045
VWALX,Vanguard High-Yield Tax-Exempt Adm,High Yield,0.0009
MDC,M.D.C. Holdings Inc,US Small Value,0.0
THFF,First Financial Corp,US Small Value,0.0
ABM,ABM Industries Inc,US Small Blend,0.0
AKR,Acadia Realty Trust,US Small Blend,0.0
CHCYX,AB DISCOVERY GRWTH FUND- ADV,US Mid Growth,0.0076
KLGAX,MainStay WMC Growth A,US Large Growth,0.0102
ARAY,Accuray Inc,US Small Value,0.0
ACIW,ACI Worldwide Inc,US Small Growth,0.0
ADST,Adstar Inc,US Small Growth,0.0
AVAV,AeroVironment Inc,US Small Growth,0.0
AGCO,AGCO Corp,US Mid Blend,0.0
AKS,AK Steel Holding Corp,US Small Value,0.0
AIN,Albany International Corp,US Small Growth,0.0
ALEX,Alexander & Baldwin Inc,US Small Growth,0.0
ALCO,Alico Inc,US Small Blend,0.0
ARLP,Alliance Resource Partners LP,US Small Value,0.0
FXAIX,"Fidelity® 500 Index Institutional Prem(USD,FXAIX)",US Large Blend,0.00015
GLOB,GLOBANT SA             F,Intl Small Growth,0.0
CHD,Church & Dwight Co Inc,US Mid Blend,0.0
AAMC,Altisource Asset Management Corp,US Small Value,0.0
ACH,Aluminum Corporation of China Ltd ADR,Intl Large Blend,0.0
AMCR,Amcor PLC Ordinary Shares,Intl Large Blend,0.0
UHAL,Amerco Inc,US Mid Value,0.0
AMX,America Movil SAB de CV ADR,Intl Large Blend,0.0
AMKR,Amkor Technology Inc,US Small Blend,0.0
AIV,Apartment Investment & Management Co,US Mid Blend,0.0
APOG,Apogee Enterprises Inc,US Small Blend,0.0
ATR,AptarGroup Inc,US Mid Blend,0.0
MFIN,Medallion Financial Corp,US Small Value,0.0
ABR,Arbor Realty Trust Inc,US Real Estate,0.0
CHE,Chemed Corp,US Mid Growth,0.0
AROC,Archrock Inc,US Small Value,0.0
ARGO,Argo Group International Holdings Ltd,Emerging Small Value,0.0
ARW,Arrow Electronics Inc,US Mid Value,0.0
AROW,Arrow Financial Corp,US Small Blend,0.0
ARWD,Arrow Resources Development Inc,US Small Growth,0.0
ABG,Asbury Automotive Group Inc,US Small Blend,0.0
ASX,ASE Technology Holding Co Ltd ADR,Emerging Large Value,0.0
ASMIY,ASM International NV ADR,Intl Mid Blend,0.0
SFL,SFL Corp Ltd,Intl Small Value,0.0
ASB,Demant AS,Intl Mid Growth,0.0
ASTE,Astec Industries Inc,US Small Value,0.0
cheux,"Chilton Strategic European Equities(USD,CHEUX)",Liquid Alternative,0.0179
ASUR,Asure Software Inc,US Small Blend,0.0
AUB,Atlantic Union Bankshares Corp,US Small Blend,0.0
ANZBY,Australia and New Zealand Banking Group Ltd ADR,Intl Large Blend,0.0
AZO,AutoZone Inc,US Large Blend,0.0
AVB,AvalonBay Communities Inc,US Real Estate,0.0
AVVIY,Aviva PLC ADR,Intl Large Value,0.0
AVT,Avnet Inc,US Mid Value,0.0
FKIPX,Fidelity Freedom® Index 2020 Premier,** 28 US Large Blend / 22 Intl Large Blend / 50 Int-Term Inv. Grade **,0.0006
AVX,AVX Corp,US Small Blend,0.0
ACLS,Axcelis Technologies Inc,US Small Growth,0.0
AAXN,Axon Enterprise Inc,US Small Growth,0.0
CHK,"Chesapeake Energy Corp(USD,CHK)",US Small Value,0.0
AXTI,AXT Inc,US Small Growth,0.0
BBD,Bank Bradesco SA ADR,Emerging Large Blend,0.0
BCH,Banco De Chile ADR,Emerging Large Blend,0.0
AVA,Avista Corp,US Small Value,0.0
BLX,Banco Latinoamericano de Comercio Exterior SA Class E,Emerging Small Value,0.0
BSAC,Banco Santander Chile ADR,Emerging Large Blend,0.0
CIB,BanColombia SA ADR,Emerging Large Blend,0.0
BXS,BancorpSouth Bank,US Small Blend,0.0
BNS,Bank of Nova Scotia,Intl Large Value,0.0
BHB,Bar Harbor Bankshares Inc,US Small Blend,0.0
CHKP,Check Point Software Technologies Ltd,Intl Large Growth,0.0
BLIAQ,BB Liquidating Inc,US Small Blend,0.0
BBAR,"Bbva Banco Frances,S.A. ADR",Emerging Mid Blend,0.0
BZH,Beazer Homes USA Inc,US Small Value,0.0
BELFB,Bel Fuse Inc Class B,US Small Blend,0.0
BDC,Belden Inc,US Small Value,0.0
SPAB,SPDR Portfolio Aggregate Bond ETF,** 20 Short-Term Inv. Grade / 35 Int-Term Inv. Grade / 45 Long-Term Inv. Grade **,0.0003
BHE,Benchmark Electronics Inc,US Small Value,0.0
BIG,Big Lots Inc,US Small Value,0.0
BOKF,BOK Financial Corp,US Mid Value,0.0
TEUFF,Box Ships Inc,Intl Small Blend,0.0
BRC,Brady Corp Class A,US Small Blend,0.0
CHL,China Life Insurance Co Ltd H Shares,Intl Large Value,0.0
BRKMY,Braskem SA ADR repr Class A,Emerging Large Blend,0.0
BRFS,BRF SA ADR,Emerging Mid Growth,0.0
BGG,Briggs & Stratton Corp,US Small Value,0.0
BPY,Brookfield Property Partners LP,US Real Estate,0.0
ALAAX,Invesco Income Allocation A,** 25 US Large Value / 15 Intl Large Value / 50 Long-Term Inv. Grade / 10 Cash **,0.0087
BC,Brunswick Corp,US Mid Value,0.0
BMTC,Bryn Mawr Bank Corp,US Small Blend,0.0
BKE,Buckle Inc,US Small Value,0.0
BRKL,Brookline Bancorp Inc,US Small Blend,0.0
CBT,Cabot Corp,US Small Value,0.0
CCMP,Cabot Microelectronics Corp,US Mid Growth,0.0
CHS,"Chico's FAS Inc(USD,CHS)",US Small Value,0.0
CAE,CAE Inc,Intl Mid Growth,0.0
CAMP,CalAmp Corp,US Small Blend,0.0
CAL,Caleres Inc,US Small Value,0.0
COLTX,Columbia Tax-Exempt A,Long-Term Inv. Grade,0.0073
CBM,Cambrex Corp,US Small Growth,0.0
CPT,Camden Property Trust,US Mid Blend,0.0
CFFN,Capitol Federal Financial Inc,US Small Blend,0.0
CMO,Capstead Mortgage Corp,US Small Value,0.0
CSL,Carlisle Companies Inc,US Mid Growth,0.0
CRS,Carpenter Technology Corp,US Small Blend,0.0
CATO,The Cato Corp Class A,US Small Value,0.0
CHTR,Charter Communications Inc Class A,US Large Growth,0.0
CCUR,CCUR Holdings Inc,US Small Value,0.0
EVBLX,Eaton Vance Floating Rate A,High Yield,0.0099
CLS,Celestica Inc,Intl Small Value,0.0
CLDX,Celldex Therapeutics Inc,US Small Value,0.0
CX,Cemex SAB de CV ADR,Emerging Large Value,0.0
CENT,Central Garden & Pet Co,US Small Blend,0.0
CEVA,CEVA Inc,US Small Growth,0.0
CAAS,China Automotive Systems Inc,Emerging Small Value,0.0
CEA,China Eastern Airlines Corp Ltd ADR,Emerging Large Value,0.0
ZNH,China Southern Airlines Co Ltd ADR,Emerging Large Blend,0.0
CHA,China Telecom Corp Ltd ADR,Emerging Large Value,0.0
chyhy,"Chr. Hansen Holding A/S ADR(USD,CHYHY)",Intl Large Growth,0.0
FHYIX,Franklin High Yield Tax Free Inc C,High Yield,0.0119
CHU,China Unicom (Hong Kong) Ltd ADR,Emerging Large Blend,0.0
CYD,China Yuchai International Ltd,Emerging Small Value,0.0
CHDN,Churchill Downs Inc,US Mid Blend,0.0
LFC,China Life Insurance Co Ltd ADR repr Class H,Emerging Large Value,0.0
PSLV,Sprott Physical Silver Trust,Commodities,0.0
FMFXX,Franklin U.S. Government Money Fund,Cash/Money Market,0.0
CIR,Circor International Inc,US Small Blend,0.0
CHCO,City Holding Co,US Small Blend,0.0
CEO,CNOOC Ltd ADR,Emerging Large Value,0.0
COKE,Coca-Cola Consolidated Inc,US Small Growth,0.0
THRM,Gentherm Inc,US Small Value,0.0
LIVIX,BlackRock LifePath® Index 2055 Instl,** 62 US Large Blend / 34 Intl Large Blend / 4 Cash **,0.0014
IPOAX,Delaware Ivy Systematic Em Mkts Eq A,** 65 Emerging Large Blend / 35 Intl Large Blend **,0.0115
CI,Cigna Corp,US Large Blend,0.0
CCEP,Coca-Cola European Partners PLC,Intl Large Growth,0.0
KOF,Coca-Cola Femsa SAB de CV ADR,Emerging Large Blend,0.0
CCHGY,Coca-Cola HBC AG ADR,Intl Mid Growth,0.0
COHU,Cohu Inc,US Small Blend,0.0
COLB,Columbia Banking System Inc,US Small Blend,0.0
COLM,Columbia Sportswear Co,US Mid Growth,0.0
CBU,Community Bank System Inc,US Small Blend,0.0
CTBI,Community Trust Bancorp Inc,US Small Value,0.0
ELP,Cia Paranaense De Energia Copel ADR,Emerging Mid Value,0.0
GLTR,"ETFS Physical PM Basket(USD,GLTR)",Commodities,0.006
SID,Companhia Siderurgica Nacional ADR,Emerging Mid Blend,0.0
CIBFX,"American Funds Capital Income Bldr F1(USD,CIBFX)",** .35 US Large Value / .35 Intl Large Value / .30 Int-Term Inv. Grade **,0.0066
CCU,United Breweries Co Inc ADR,Emerging Mid Blend,0.0
CTWS,Connecticut Water Service Inc,US Small Growth,0.0
CNOB,ConnectOne Bancorp Inc,US Small Blend,0.0
OFC,Corporate Office Properties Trust,US Small Blend,0.0
CUZ,Cousins Properties Inc,US Mid Value,0.0
CVTI,Covenant Transportation Group Inc Class A,US Small Blend,0.0
CRAI,CRA International Inc,US Small Blend,0.0
CR,Crane Co,US Mid Value,0.0
LACFX,Lord Abbett Convertible A,Non-Traditional,0.0103
BAP,Credicorp Ltd,Intl Large Blend,0.0
CRESY,Cresud SACIF y A ADR,Emerging Small Value,0.0
CIEN,CIENA CORP,US Mid Value,0.0
CXDO,Crexendo Inc,US Small Value,0.0
CTIB,CTI Industries Corp,US Small Value,0.0
CTS,CTS Corp,US Small Growth,0.0
CW,Curtiss-Wright Corp,US Mid Blend,0.0
DAKT,Daktronics Inc,US Small Value,0.0
DANOY,Danone SA ADR,Intl Large Growth,0.0
DELTY,Delta Galil Industries Ltd ADR,Emerging Small Blend,0.0
NOINX,Northern International Equity Index,Intl Large Blend,0.0024
XRAY,Dentsply Sirona Inc,US Mid Blend,0.0
DTEGY,Deutsche Telekom AG ADR,Intl Large Value,0.0
DGII,Digi International Inc,US Small Blend,0.0
CII,BlackRock Enhanced Cap & Inc,US Large Blend,0.0089
DMRC,Digimarc Corp,US Small Growth,0.0
DLHC,DLH Holdings Corp,US Small Value,0.0
DPZ,Domino's Pizza Inc,US Mid Growth,0.0
DHI,D.R. Horton Inc,US Mid Blend,0.0
RDY,Dr Reddy's Laboratories Ltd ADR,Emerging Large Growth,0.0
DRQ,Dril-Quip Inc,US Small Blend,0.0
JNEMX,JPMorgan International Equity R6,Intl Large Blend,0.005
DRE,Duke Realty Corp,US Mid Blend,0.0
DY,Dycom Industries Inc,US Small Blend,0.0
EDPFY,EDP - Energias de Portugal SA ADR,Emerging Large Value,0.0
EE,El Paso Electric Co,US Small Blend,0.0
CINF,Cincinnati Financial Corp,US Mid Value,0.0
ESLT,Elbit Systems Ltd,Emerging Mid Growth,0.0
AKO.B,Embotelladora Andina SA ADR,Emerging Mid Value,0.0
WIRE,Encore Wire Corp,US Small Growth,0.0
ENIA,Enel Americas SA ADR,Emerging Large Blend,0.0
EBF,Ennis Inc,US Small Value,0.0
BMGKX,BlackRock Mid-Cap Growth Equity K,US Mid Growth,0.007
ETM,Entercom Communications Corp,US Small Value,0.0
EFX,Equifax Inc,US Mid Blend,0.0
ETH,Ethan Allen Interiors Inc,US Small Value,0.0
EVOL,Evolving Systems Inc,US Small Value,0.0
EXEL,Exelixis Inc,US Mid Growth,0.0
CIPIX,Champlain Mid Cap Institutional ,US Mid Blend,0.0093
EXTN,Exterran Corp,US Small Value,0.0
FISI,Financial Institutions Inc,US Small Value,0.0
FBNC,First Bancorp,US Small Value,0.0
FBP,First BanCorp,US Mid Blend,0.0
AMDVX,American Century Mid Cap Value R6,** 87 US Mid Value / 13 Intl Mid Value **,0.0063
BUSE,First Busey Corp Class A,US Small Blend,0.0
FCF,First Commonwealth Financial Corp,US Small Blend,0.0
FRT,Federal Realty Investment Trust,US Mid Blend,0.0
FSS,Federal Signal Corp,US Small Growth,0.0
FII,Federated Investors Inc Class B,US Small Value,0.0
FARO,Faro Technologies Inc,US Small Growth,0.0
CIU,iShares Intermediate Credit Bond ETF,Int-Term Inv. Grade,0.002
FCBC,First Community Bankshares Inc,US Small Blend,0.0
FRME,First Merchants Corp,US Small Blend,0.0
FSLR,First Solar Inc,US Mid Blend,0.0
FSKAX ,Fidelity® Total Market Index,US Large Blend,0.00015
FLEX,Flex Ltd,Intl Large Blend,0.0
FLIR,FLIR Systems Inc,US Mid Growth,0.0
FLO,Flowers Foods Inc,US Mid Value,0.0
FFIC,Flushing Financial Corp,US Small Value,0.0
FMC,FMC Corp,US Mid Blend,0.0
FNB,F N B Corp,US Small Value,0.0
FMX,Fomento Economico Mexicano SAB de CV ADR,Emerging Large Blend,0.0
CIVIX,Causeway International Value Instl,Intl Large Value,0.0089
FORTY,Formula Systems (1985) Ltd ADR,Emerging Small Growth,0.0
FELE,Franklin Electric Co Inc,US Small Growth,0.0
REACX,American Century Real Estate Inv,US Real Estate,0.0114
BEN,Franklin Resources Inc,US Mid Value,0.0
FDP,Fresh Del Monte Produce Inc,Emerging Small Blend,0.0
FCN,FTI Consulting Inc,US Mid Growth,0.0
FUJIY,FUJIFILM Holdings Corp ADR,Intl Large Blend,0.0
FUL,H.B. Fuller Co,US Small Blend,0.0
GBL,GAMCO Investors Inc,US Small Value,0.0
GME,GameStop Corp Class A,US Small Value,0.0
GATX,GATX Corp,US Small Blend,0.0
CIVVX,"Causeway International Value Inv(USD,CIVVX)",Intl Large Value,0.0114
VFMV,Vanguard US Minimum Volatility ETF,US Large Value,0.0013
GLIBA,GCI Liberty Inc A,US Mid Blend,0.0
GLIBP,GCI Liberty Inc Pref Share,US Small Blend,0.0
GABC,German American Bancorp,US Small Blend,0.0
GTY,Getty Realty Corp,US Small Blend,0.0
ROCK,Gibraltar Industries Inc,US Small Growth,0.0
GLT,P.H. Glatfelter Co,US Small Blend,0.0
GL,Globe Life Inc,US Mid Value,0.0
GOGO,Gogo Inc,US Small Growth,0.0
GRC,Gorman-Rupp Co,US Small Growth,0.0
ASR,Grupo Aeroportuario del Sureste SAB de CV ADR,Emerging Mid Growth,0.0
VFWSX,Vanguard FTSE All-Wld ex-US Idx Instl,Intl Large Blend,0.0008
AFOZX,Alger Mid Cap Focus Z,** 90 US Mid Growth / 10 Cash **,0.0068
CIXPF,CaixaBank SA,Intl Large Blend,0.0
GVA,Granite Construction Inc,US Small Value,0.0
GPK,Graphic Packaging Holding Co,US Mid Blend,0.0
GTN,Gray Television Inc,US Small Growth,0.0
GSBC,Great Southern Bancorp Inc,US Small Blend,0.0
GEF,Greif Inc Class A,US Small Value,0.0
GFF,Griffon Corp,US Small Blend,0.0
GPI,Group 1 Automotive Inc,US Small Value,0.0
GGAL,Grupo Financiero Galicia SA ADR,Emerging Mid Blend,0.0
SIM,Grupo Simec SAB de CV ADR,Emerging Mid Growth,0.0
NCIAX,Columbia Convertible Securities Inst,US Large Blend,0.0087
TV,Grupo Televisa SAB ADR,Emerging Large Growth,0.0
CKHUY,C K HUTCHISON HOLDINGS F SPONSORED ADR 1 ADR REPS 1 ORD SHS,Intl Large Value,0.0
HBB,Hamilton Beach Brands Holding Co Class A,US Small Value,0.0
HWC,Hancock Whitney Corp,US Small Value,0.0
HAFC,Hanmi Financial Corp,US Small Value,0.0
HR,Healthcare Realty Trust Inc,US Mid Blend,0.0
HMNY,Helios and Matheson Analytics Inc,US Small Value,0.0
JHG,Janus Henderson Group PLC,US Mid Value,0.0
MLHR,Herman Miller Inc,US Small Blend,0.0
HIW,Highwoods Properties Inc,US Mid Value,0.0
GLW,"Corning Inc(USD,GLW)",US Large Growth,0.0
HTH,Hilltop Holdings Inc,US Small Value,0.0
CL,Colgate-Palmolive Co,US Large Blend,0.0
HNI,HNI Corp,US Small Value,0.0
HFC,HollyFrontier Corp,US Mid Blend,0.0
HKTVY,Hong Kong Television Network Ltd ADR,Emerging Small Blend,0.0
HOPE,Hope Bancorp Inc,US Small Value,0.0
HMN,Horace Mann Educators Corp,US Small Value,0.0
HST,Host Hotels & Resorts Inc,US Mid Value,0.0
HNP,Huaneng Power International Inc ADR repr Class N,Emerging Large Value,0.0
HUBB,Hubbell Inc,US Mid Blend,0.0
EIDOX,Eaton Vance Emerging Markets Dbt Opps I,High Yield,0.0086
HBP,Huttig Building Products Inc,US Small Value,0.0
IAC,IAC/InterActiveCorp,US Mid Growth,0.0
clb,"Core Laboratories NV(USD,CLB)",US Mid Growth,0.0
IBN,ICICI Bank Ltd ADR,Emerging Large Blend,0.0
IDA,Idacorp Inc,US Mid Value,0.0
IMGN,Immunogen Inc,US Small Growth,0.0
IMH,Impac Mortgage Holdings Inc,US Small Value,0.0
IFNNY,Infineon Technologies AG ADR,Intl Large Blend,0.0
INFY,Infosys Ltd ADR,Emerging Large Blend,0.0
IMKTA,Ingles Markets Inc Class A,US Small Value,0.0
FCVIX,Fidelity Advisor® Small Cap Value I,US Small Value,0.0098
INOD,Innodata Inc,US Small Value,0.0
ITGR,Integer Holdings Corp,US Small Growth,0.0
IHG,InterContinental Hotels Group PLC ADR,Intl Mid Blend,0.0
CLNE,Clean Energy Fuels Corp,US Small Value,0.0
TILE,Interface Inc,US Small Value,0.0
IIJIY,Internet Initiative Japan Inc ADR,Intl Small Growth,0.0
ICAGY,International Consolidated Airlines Group SA ADR,Intl Mid Value,0.0
IRET,Investors Real Estate Trust,US Small Value,0.0
IRCP,IRSA Propiedades Comerciales SA ADR,Emerging Small Growth,0.0
ITCB,Itau Corpbanca ADR,Emerging Mid Blend,0.0
UCON,First Trust TCW Unconstrained Pls Bd ETF,** 80 Short-Term Inv. Grade / 20 Cash **,0.0076
ITUB,Itau Unibanco Holding SA ADR,Emerging Large Value,0.0
JBHT,JB Hunt Transport Services Inc,US Mid Growth,0.0
JAKK,Jakks Pacific Inc,US Small Growth,0.0
JHX,James Hardie Industries PLC ADR,Intl Mid Value,0.0
clpby,"Coloplast A/S ADR(USD,CLPBY)",Intl Large Growth,0.0
JBGS,JBG SMITH Properties,US Mid Value,0.0
KB,KB Financial Group Inc ADR,US Large Value,0.0
KBH,KB Home,US Small Blend,0.0
KBSF,KBS Fashion Group Ltd,Emerging Small Value,0.0
KELYA,Kelly Services Inc Class A,US Small Value,0.0
FTCS,First Trust Capital Strength ETF,US Large Blend,0.0055
KMPR,Kemper Corp,US Mid Blend,0.0
KE,Kimball Electronics Inc,US Small Value,0.0
KBAL,Kimball International Inc Class B,US Small Value,0.0
KGC,Kinross Gold Corp,Intl Mid Value,0.0
KIRK,Kirkland's Inc,US Small Value,0.0
CLR,CONTINENTAL RESOURCES INC/OK,US Large Blend,0.0
KLAC,KLA Corp,US Large Growth,0.0
KNMCY,Konami Holdings Corp ADR,Intl Mid Blend,0.0
ADRNY,Koninklijke Ahold Delhaize NV ADR,Intl Large Value,0.0
KEP,Korea Electric Power Corp ADR,Intl Large Value,0.0
HSNIX,Hartford Strategic Income I,** 87 Int-Term Inv. Grade / 13 Cash **,0.0063
KLIC,Kulicke & Soffa Industries Inc,Intl Mid Growth,0.0
KYOCY,Kyocera Corp ADR,Intl Large Growth,0.0
LZB,La-Z-Boy Inc,US Small Value,0.0
LSCC,Lattice Semiconductor Corp,US Small Growth,0.0
LAWS,Lawson Products Inc,US Small Growth,0.0
LEN,Lennar Corp,US Mid Blend,0.0
CLSPX,"Columbia Mid Cap Growth Inst(USD,CLSPX)",US Mid Growth,0.0092
LEN.B,Lennar Corp Class B,US Mid Blend,0.0
LXP,Lexington Realty Trust,US Small Blend,0.0
LPL,LG Display Co Ltd ADR,Emerging Large Value,0.0
VNLA,Janus Henderson Short Duration Inc ETF,** 85 Short-Term Inv. Grade / 15 Cash **,0.0023
LBY,Libbey Inc,US Small Value,0.0
LBTYB,Liberty Global PLC Class B,Intl Large Value,0.0
LILA,Liberty Latin America Ltd,Emerging Small Blend,0.0
BATRA,Liberty Braves Group,US Small Growth,0.0
BATRK,Liberty Braves Group,US Small Growth,0.0
LSI,Life Storage Inc,US Mid Blend,0.0
LNN,Lindsay Corp,US Small Blend,0.0
CLX,Clorox Co,US Mid Blend,0.0
LAD,Lithia Motors Inc Class A,US Small Blend,0.0
LFUS,Littelfuse Inc,US Mid Growth,0.0
USA,Liberty All-Star Equity,** 89 US Large Blend / 8 Intl Large Blend / 3 Cash **,0.0093
LTHM,Livent Corp,US Small Value,0.0
L,Loews Corp,US Mid Blend,0.0
LOGM,LogMeIn Inc,US Small Blend,0.0
LKST,LookSmart Group Inc,US Small Value,0.0
MTB,M&T Bank Corp,US Large Value,0.0
MAC,Macerich Co,US Mid Value,0.0
CLI,Mack-Cali Realty Corp,US Small Value,0.0
SHOO,Steven Madden Ltd,US Small Blend,0.0
A,"Agilent Technologies Inc(USD,A)",US Large Blend,0.0
EEIAX,Eaton Vance Emerging Markets Local Inc A,** 75 Emerging Market Debt / 25 Cash **,0.0113
ULST,SPDR® SSgA Ultra Short Term Bond ETF,** 63 Short-Term Inv. Grade / 37 Cash **,0.002
CM,Canadian Imperial Bank of Commerce,Intl Large Value,0.0
MGLN,Magellan Health Inc,US Small Growth,0.0
MX,MagnaChip Semiconductor Corp,Intl Small Value,0.0
MCS,Marcus Corp,US Small Growth,0.0
MTZ,MasTec Inc,US Mid Blend,0.0
MTRN,Materion Corp,US Small Blend,0.0
MATX,Matson Inc,US Small Blend,0.0
MBI,MBIA Inc,US Small Blend,0.0
MNI,The McClatchy Co Class A,US Small Value,0.0
MKTY,Mechanical Technology Inc,US Small Growth,0.0
TIMUX,Transamerica Intermediate Muni I,Int-Term Inv. Grade,0.0049
MDCO,The Medicines Co,US Mid Growth,0.0
CMA,"Comerica Inc(USD,CMA)",US Large Growth,0.0
MDP,Meredith Corp,US Small Value,0.0
MEI,Methode Electronics Inc Class A,US Small Blend,0.0
MXCYY,Metso Corp ADR,Intl Mid Growth,0.0
MFA,MFA Financial Inc,US Small Value,0.0
MNDO,MIND C.T.I. Ltd,Intl Small Value,0.0
MUFG,Mitsubishi UFJ Financial Group Inc ADR,Intl Large Value,0.0
MHK,Mohawk Industries Inc,US Mid Value,0.0
MCO,Moody's Corporation,US Large Growth,0.0
WCMEX,WCM Focused Emerging Markets Instl,Emerging Large Growth,0.0125
MSA,MSA Safety Inc,US Mid Growth,0.0
MLI,Mueller Industries Inc,US Small Value,0.0
CMBFX,"Columbia AMT-Free OR Interm MuniBd Inst(USD,CMBFX)",Int-Term Inv. Grade,0.0059
MUR,Murphy Oil Corp,US Small Value,0.0
MUSA,Murphy USA Inc,US Small Blend,0.0
NC,NACCO Industries Inc A,US Small Value,0.0
NDAQ,Nasdaq Inc,US Mid Blend,0.0
NFG,National Fuel Gas Co,US Mid Value,0.0
NHC,National Healthcare Corp,US Small Blend,0.0
NNN,National Retail Properties Inc,US Mid Blend,0.0
GM,General Motors Co,US Large Value,0.0
NWLI,National Western Life Group Inc Class A,US Small Value,0.0
NTZ,Natuzzi SPA ADR,Intl Small Value,0.0
NAVI,Navient Corp,US Small Value,0.0
CMBS,iShares CMBS ETF,Long-Term Inv. Grade,0.0025
NCI,Navigant Consulting,US Small Growth,0.0
NM,Navios Maritime Holdings Inc,US Small Value,0.0
NAV,Navistar International Corp,US Small Value,0.0
NBTB,NBT Bancorp Inc,US Small Blend,0.0
NCR,NCR Corp,US Mid Value,0.0
NTAP,NetApp Inc,US Mid Value,0.0
PPRUY,Kering SA ADR,Intl Large Blend,0.0
NJR,New Jersey Resources Corp,US Mid Blend,0.0
NYCB,New York Community Bancorp Inc,US Mid Value,0.0
NXST,Nexstar Media Group Inc Class A,US Mid Blend,0.0
NJDCY,Nidec Corp ADR,Intl Large Growth,0.0
CMCSA,Comcast Corp A,US Large Blend,0.0
NSANY,Nissan Motor Co Ltd ADR,Intl Large Value,0.0
NNBR,NN Inc,US Small Value,0.0
NDSN,Nordson Corp,US Mid Growth,0.0
NWBI,Northwest Bancshares Inc,US Small Value,0.0
NWN,Northwest Natural Holding Co,US Small Value,0.0
OMRNY,OMRON Corp ADR,Intl Large Growth,0.0
NUAN,Nuance Communications Inc,US Mid Value,0.0
NYMX,Nymox Pharmaceutical Corp,US Small Blend,0.0
OBCI,Ocean Bio-Chem Inc,US Small Value,0.0
OCFC,OceanFirst Financial Corp,US Small Value,0.0
ONB,Old National Bancorp,US Small Value,0.0
CME,CME Group Inc Class A,US Large Growth,0.0
OSBC,Old Second Bancorp Inc,US Small Blend,0.0
OLN,Olin Corp,US Small Blend,0.0
OHI,Omega Healthcare Investors Inc,US Real Estate,0.0
OMN,Omnova Solutions Inc,US Small Value,0.0
VCOBX,Vanguard Core Bond Admiral,Int-Term Inv. Grade,0.001
OGS,ONE Gas Inc,US Mid Blend,0.0
OTTR,Otter Tail Corp,US Small Blend,0.0
OXM,Oxford Industries Inc,US Small Value,0.0
PTSI,P.A.M. Transportation Services Inc,US Small Blend,0.0
PRK,Park National Corp,US Small Blend,0.0
PDCO,Patterson Companies Inc,US Small Value,0.0
CMF,iShares California AMT-Free Muni Bond ETF,Int-Term Inv. Grade,0.0025
PEB,Pebblebrook Hotel Trust,US Small Blend,0.0
PLAB,Photronics Inc,US Small Blend,0.0
PIR,Pier 1 Imports Inc,US Small Value,0.0
JSMIX,JPMorgan SmartRetirement® 2030 R5,** 37 US Large Blend / 22 Intl Large Blend / 36 Int-Term Inv. Grade / 5 Cash **,0.0052
PBI,Pitney Bowes Inc,US Small Value,0.0
PHI,PLDT Inc ADR,Emerging Large Value,0.0
PTE,PolarityTE Inc,US Small Blend,0.0
BPOP,Popular Inc,Emerging Large Value,0.0
PCH,PotlatchDeltic Corp,US Small Growth,0.0
PDS,Precision Drilling Corp,Intl Small Value,0.0
PEYE,Precision Optics Corp Inc,US Small Growth,0.0
CMI,Cummins Inc,Intl Small Blend,0.0
SCO,ProShares UltraShort Bloomberg Crude Oil,Non-Traditional,0.0135
PROV,Provident Financial Holdings Inc,US Small Value,0.0
PFS,Provident Financial Services Inc,US Small Blend,0.0
PTC,PTC Inc,US Mid Growth,0.0
PUBGY,Publicis Groupe SA ADR,Intl Mid Value,0.0
QGEN,Qiagen NV,Intl Mid Blend,0.0
KWR,Quaker Chemical Corp,US Small Growth,0.0
QRTEA,Qurate Retail Inc Class A,US Mid Value,0.0
RDN,Radian Group Inc,US Mid Value,0.0
RDWR,Radware Ltd,Intl Small Growth,0.0
CMP,Compass Minerals International Inc,US Small Blend,0.0
RL,Ralph Lauren Corp Class A,US Mid Value,0.0
ABML,American Battery Technology Co,US Small Value,0.0
RMBS,Rambus Inc,US Small Blend,0.0
RJF,Raymond James Financial Inc,US Mid Blend,0.0
RWT,Redwood Trust Inc,US Small Value,0.0
RBC,Regal Beloit Corp,US Small Value,0.0
REG,Regency Centers Corp,US Mid Blend,0.0
RS,Reliance Steel & Aluminum Co,US Mid Value,0.0
REPYY,Repsol SA ADR,Intl Large Value,0.0
RBCAA,Republic Bancorp Inc Class A,US Small Blend,0.0
RLJ,RLJ Lodging Trust,US Small Blend,0.0
cmpgy,"Compass Group PLC ADR(USD,CMPGY)",Intl Large Growth,0.0
FIIIX,Fidelity Advisor® International Growth I,** 21 US Large Growth / 76 Intl Large Growth / 3 Cash **,0.0088
ACHR,Archer Aviation Inc Class A,US Small Blend,0.0
RHI,Robert Half International Inc,US Mid Value,0.0
ROG,Rogers Corp,US Small Growth,0.0
RBS,The Royal Bank of Scotland Group PLC ADR,Intl Large Value,0.0
RPT,RPT Realty,US Small Value,0.0
R,Ryder System Inc,US Small Value,0.0
STBA,S&T Bancorp Inc,US Small Blend,0.0
SFE,Safeguard Scientifics Inc,US Small Value,0.0
SGA,Saga Communications Inc,US Small Value,0.0
SASR,Sandy Spring Bancorp Inc,US Small Value,0.0
SANM,Sanmina Corp,US Small Value,0.0
SCDGX,DWS Core Equity S,US Large Blend,0.0055
AA,Alcoa Corp,US Small Blend,0.0
CMPR,CIMPRESS               F,US Small Growth,0.0
SPPJY,Sappi Ltd ADR,Emerging Mid Value,0.0
SSL,Sasol Ltd ADR,Emerging Mid Value,0.0
BFS,Saul Centers Inc,US Small Blend,0.0
SCHL,Scholastic Corp,US Small Value,0.0
SWM,Schweitzer-Mauduit International Inc,US Small Value,0.0
SSP,The E W Scripps Co Class A,US Small Value,0.0
SEE,Sealed Air Corp,US Mid Blend,0.0
SHLDQ,Sears Holdings Corp,US Small Value,0.0
PQTIX,PIMCO TRENDS Managed Futures Strat Instl,Non-Traditional,0.014
SEIC,SEI Investments Co,US Mid Growth,0.0
SMICY,Semiconductor Manufacturing International Corp ADR,Emerging Large Blend,0.0
CMS,CMS Energy Corp,US Mid Value,0.0
SMTC,Semtech Corp,US Small Growth,0.0
SNH,Senior Housing Properties Trust,US Small Value,0.0
SXT,Sensient Technologies Corp,US Small Blend,0.0
SBGL,Sibanye-Stillwater ADR,Emerging Mid Growth,0.0
SIG,Signet Jewelers Ltd,US Small Value,0.0
SIMO,Silicon Motion Technology Corp ADR,US Small Value,0.0
SFNC,Simmons First National Corp Class A,US Small Blend,0.0
EELV,Invesco S&P Emerging Markets Low Vol ETF,Emerging Large Value,0.0029
SBGI,Sinclair Broadcast Group Inc,US Mid Blend,0.0
SHI,Sinopec Shanghai Petrochemical Co Ltd ADR,Emerging Large Value,0.0
SJW,SJW Group,US Small Blend,0.0
CNAB,"United Cannabis Corp(USD,CNAB)",US Micro,0.0
SKM,SK Telecom Co Ltd ADR,Emerging Large Blend,0.0
SLG,SL Green Realty Corp,US Mid Value,0.0
SNBR,Sleep Number Corp,US Small Blend,0.0
SDXAY,Sodexo ADR,Intl Large Blend,0.0
SOHU,Sohu.com Ltd ADR,Emerging Mid Value,0.0
BID,Sothebys Class A Limited Voting,US Mid Blend,0.0
GM.WS.B,GENERAL MOTORS CO 19 WTS WARRANTS EXP 07/10/19,Short-Term Inv. Grade,0.0
SSB,South State Corp,US Small Blend,0.0
SMBC,Southern Missouri Bancorp Inc,US Small Blend,0.0
SWX,Southwest Gas Holdings Inc,US Mid Value,0.0
SPKKY,Spark New Zealand Ltd ADR,Intl Mid Value,0.0
CNC,Centene Corp,US Large Blend,0.0
SPDE,Speedus Corp,US Micro,0.0
SPXC,SPX Corp,US Small Blend,0.0
STAA,Staar Surgical Co,US Small Growth,0.0
SMP,Standard Motor Products Inc,US Small Blend,0.0
SXI,Standex International Corp,US Small Blend,0.0
FIWCX,Fidelity® SAI International Value Index,Intl Large Value,0.0017
SRT,StarTek Inc,US Small Value,0.0
STFC,State Auto Financial Corp,US Small Value,0.0
SPLP,Steel Partners Holdings LP,US Small Value,0.0
STL,Sterling Bancorp,US Mid Blend,0.0
STM,STMicroelectronics NV ADR,Intl Large Blend,0.0
CNDT,Conduent Inc,US Small Blend,0.0
SEOAY,Stora Enso Oyj ADR,Intl Mid Blend,0.0
STRT,Strattec Security Corp,US Small Value,0.0
RGR,Sturm Ruger & Co Inc,US Small Value,0.0
SLF,Sun Life Financial Inc,Intl Large Value,0.0
FMSFX,Fidelity® Mortgage Securities,Int-Term Inv. Grade,0.0045
SUP,Superior Industries International Inc,US Small Value,0.0
SUZ,Suzano SA ADR,Emerging Large Value,0.0
SCMWY,Swisscom AG ADR,Intl Large Blend,0.0
SWKH,SWK Holdings Corp,US Small Blend,0.0
SNPS,Synopsys Inc,US Large Growth,0.0
SNV,Synovus Financial Corp,US Mid Value,0.0
CNI,"Canadian National Railway Co(USD,CNI)",Intl Large Growth,0.0
TGB,Taseko Mines Ltd,Intl Small Value,0.0
TCO,Taubman Centers Inc,US Small Value,0.0
TMHC,Taylor Morrison Home Corp Class A,US Small Value,0.0
FGKPX,Fidelity® SAI Em Mkts Lw Vol Idx,Emerging Large Value,0.0023
TCF,TCF Financial Corp,US Mid Value,0.0
TTDKY,TDK Corp ADR,Intl Large Blend,0.0
TECD,Tech Data Corp,US Small Value,0.0
TGNA,Tegna Inc,US Small Value,0.0
TRC,Tejon Ranch Co,US Small Growth,0.0
TEO,Telecom Argentina SA ADR,Emerging Mid Growth,0.0
TFX,Teleflex Inc,US Mid Growth,0.0
CNK,Cinemark Holdings Inc,US Mid Blend,0.0
VIV,Telefonica Brasil SA ADR,Emerging Large Value,0.0
TLK,PT Telekomunikasi Indonesia (Persero) Tbk ADR,Emerging Large Blend,0.0
NCAAX,Nuveen CA Municipal Bond A,Long-Term Inv. Grade,0.0073
TU,TELUS Corp,Intl Large Blend,0.0
TPX,Tempur Sealy International Inc,US Mid Growth,0.0
TS,Tenaris SA ADR,Intl Large Growth,0.0
TNC,Tennant Co,US Small Blend,0.0
TEX,Terex Corp,US Small Value,0.0
TETAB,Teton Advisors Inc,US Micro,0.0
TTEK,Tetra Tech Inc,US Mid Growth,0.0
TSU,Tim Participacoes SA ADR,Emerging Large Value,0.0
CNMD,"Conmed Corp(USD,CNMD)",US Small Growth,0.0
TIVO,TiVo Corp,US Small Value,0.0
FDLO,Fidelity® Low Volatility Factor ETF,US Large Blend,0.0029
TKOMY,Tokio Marine Holdings Inc ADR,Intl Large Blend,0.0
TMP,Tompkins Financial Corp,US Small Blend,0.0
TTC,The Toro Co,US Mid Growth,0.0
TWMC,Trans World Entertainment Corp,US Small Value,0.0
TGS,Transportadora de Gas del Sur SA ADR,Emerging Mid Growth,0.0
TRIB,Trinity Biotech PLC ADR,Intl Small Value,0.0
TBI,TrueBlue Inc,US Small Value,0.0
TRST,Trustco Bank Corp N Y,US Small Value,0.0
TTMI,TTM Technologies Inc,US Small Value,0.0
CNO,CNO Financial Group Inc,US Small Value,0.0
JHEQX,JPMorgan Hedged Equity I,** 97 US Large Blend / 2 Intl Large Blend / 1 Cash **,0.0058
FSKLX,Fidelity® SAI Intl Low Volatil Idx,Intl Large Blend,0.0017
TUP,Tupperware Brands Corp,US Small Value,0.0
TKC,Turkcell Iletisim Hizmetleri AS ADR,Emerging Mid Blend,0.0
UDR,UDR Inc,US Mid Blend,0.0
UGI,UGI Corp,US Mid Blend,0.0
UMBF,UMB Financial Corp,US Small Value,0.0
UNF,UniFirst Corp,US Small Growth,0.0
UBSI,United Bankshares Inc,US Mid Blend,0.0
UFCS,United Fire Group Inc,US Small Value,0.0
UMC,United Microelectronics Corp ADR,Emerging Large Value,0.0
UUGRY,United Utilities Group PLC ADR,Intl Mid Blend,0.0
REEAX,RBC Emerging Markets Equity A,Emerging Large Blend,0.0113
CNQ,CANADIAN NATURAL RES   F,Intl Large Growth,0.0
UVV,Universal Corp,US Small Value,0.0
UFPI,Universal Forest Products Inc,US Small Blend,0.0
UHT,Universal Health Realty Income Trust,US Small Blend,0.0
UBP,Urstadt Biddle Properties Inc,US Small Blend,0.0
UBA,Urstadt Biddle Properties Inc Class A,US Small Blend,0.0
UCFC,United Community Financial Corp,US Small Blend,0.0
VAL,Valaris PLC Class A,Intl Small Value,0.0
VALE,Vale SA ADR,Emerging Large Value,0.0
VMI,Valmont Industries Inc,US Small Value,0.0
FSUVX,Fidelity® SAI US LowVolatility Idx,US Large Blend,0.0011
VECO,Veeco Instruments Inc,US Small Value,0.0
AABA,"Altaba Inc(USD,AABA)",US Mid Growth,0.0
CNXM,CNX Midstream Partners LP,US Small Blend,0.0
VEOEY,Veolia Environnement SA ADR,Intl Large Blend,0.0
VRSN,VeriSign Inc,US Large Growth,0.0
VVI,Viad Corp,US Small Blend,0.0
VIEWF,Viewtran Group Inc,Emerging Small Growth,0.0
VOXX,VOXX International Corp Class A,US Small Value,0.0
WACLY,Wacoal Holdings Corp ADR,Intl Mid Value,0.0
WAFD,Washington Federal Inc,US Small Blend,0.0
SWYOX,Schwab Target 2065 Index,** 63 US Large Blend / 30 Intl Large Blend / 5 Emerging Large Blend / 2 Int-Term Inv. Grade **,0.0008
WTS,Watts Water Technologies Inc A,US Small Blend,0.0
WZENY,Webzen Inc,US Small Blend,0.0
WRI,Weingarten Realty Investors,US Small Value,0.0
CNZLX,Commonwealth Australia/New Zealand,Intl Small Growth,0.0259
WMK,Weis Markets Inc,US Small Value,0.0
WEN,The Wendy's Co Class A,US Mid Growth,0.0
WSBC,Wesbanco Inc,US Small Blend,0.0
WABC,Westamerica Bancorp,US Small Blend,0.0
WGO,Winnebago Industries Inc,US Small Blend,0.0
WIT,Wipro Ltd ADR,Emerging Large Blend,0.0
TIIRX,TIAA-CREF Growth & Income Retail,** 94 US Large Blend / 6 Intl Large Blend **,0.0069
WWW,Wolverine World Wide Inc,US Small Value,0.0
WWD,Woodward Inc,US Mid Growth,0.0
WRLD,World Acceptance Corp,US Small Blend,0.0
WWE,World Wrestling Entertainment Inc Class A,US Mid Growth,0.0
COF,CAPITAL ONE FINANCIAL CORP,US Large Value,0.0
WOR,Worthington Industries Inc,US Small Value,0.0
WPP,WPP PLC ADR,Intl Large Value,0.0
WYNN,Wynn Resorts Ltd,US Mid Value,0.0
XPER,Xperi Corp,US Small Value,0.0
ZBRA,Zebra Technologies Corp,US Mid Growth,0.0
GMO,"General Moly Inc(USD,GMO)",US Small Value,0.0
ZIXI,Zix Corp,US Small Growth,0.0
ZNGA,Zynga Inc Class A,US Mid Growth,0.0
FBALX,Fidelity® Balanced,** 66 US Large Blend / 5 Intl Large Blend / 25 Int-Term Inv. Grade / 4 Cash **,0.0053
LIBIX,BlackRock LifePath® Index 2025 Instl,** 40 US Large Blend / 20 Intl Large Blend / 40 Int-Term Inv. Grade **,0.0015
GBTC,Grayscale Bitcoin Trust,Non-Traditional,0.02
COL,"Rockwell Collins Inc(USD,COL)",US Large Blend,0.0
SRET,Global X SuperDividend® REIT ETF,** 90 US Real Estate / 10 Intl Real Estate **,0.0059
RNDLX,RiverNorth Doubleline Strategic Inc R,Int-Term Inv. Grade,0.017
BNZL,Bunzl PLC,Intl Mid Blend,0.0
SWYMX,Schwab Target 2050 Index,** 61 US Large Blend / 27 Intl Large Blend / 5 Emerging Large Blend / 7 Int-Term Inv. Grade **,0.0008
MGM,MGM Resorts International,US Mid Blend,0.0
LVS,Las Vegas Sands Corp,US Mid Growth,0.0
MACMX,BlackRock California Muni Opps Instl,Int-Term Inv. Grade,0.0046
RNSIX,RiverNorth Doubleline Strategic Inc I,Int-Term Inv. Grade,0.0145
EVV,EV Limited Duration Income,** 70 High Yield / 30 Short-Term Inv. Grade **,0.0112
BZLFY,Bunzl PLC ADR,Intl Mid Blend,0.0
coll,"Collegium Pharmaceutical Inc(USD,COLL)",US Small Blend,0.0
VSEQX,Vanguard Strategic Equity Inv,US Mid Blend,0.0017
JAOSX,Janus Henderson Overseas T,Intl Large Blend,0.0077
HCR,Hi-Crush Inc,US Small Blend,0.0
FPHAX,Fidelity® Select Pharmaceuticals Port,** 54 US Large Blend / 46 Intl Large Blend **,0.0075
GGBXF,Green Growth Brands Inc,US Small Blend,0.0
CDNA,CareDx Inc,US Small Growth,0.0
PEGA,Pegasystems Inc,US Mid Growth,0.0
ARKG,ARK Genomic Revolution Multi-Sector ETF,** 90 US Small Growth / 10 Intl Small Growth **,0.0075
IGV,iShares Expanded Tech-Software Sect ETF,US Large Growth,0.0046
COMT,"iShares Commodities Select Strategy ETF(USD,COMT)",Commodities,0.0048
RAGTX,AllianzGI Technology A,US Large Growth,0.0156
ARTHX,Artisan Global Equity Investor,** 55 US Large Growth / 45 Intl Large Growth **,0.0136
AROIX,American Century One Choice 2045 Inv,** 48 US Large Blend / 18 Intl Large Blend / 5 Emerging Large Blend / 26 Int-Term Inv. Grade / 3 Cash **,0.0087
BDFFX,Baron Discovery Retail,** 80 US Small Growth / 10 Intl Small Growth / 10 Cash **,0.0135
OPGSX,Invesco Oppenheimer Gold & Spec Mnrl A,** 90 Intl Mid Growth / 10 US Mid Growth **,0.0117
INPIX,ProFunds Internet UltraSector Inv,** 75 US Large Growth / 25 Cash **,0.0142
SMPIX,ProFunds Semiconductor UltraSector Inv,**75 US Large Blend / 25 Cash**,0.0144
RYOIX,Rydex Biotechnology Inv,US Large Growth,0.0146
NOW,ServiceNow Inc,US Large Growth,0.0
CET,Central Securities Corporation,US Large Blend,0.0
coo,"The Cooper Companies Inc(USD,COO)",US Mid Growth,0.0
CQP,Cheniere Energy Partners LP,US Large Growth,0.0
ARYIX,American Century One Choice 2035 Inv,** 41 US Large Blend / 17 Intl Large Blend / 37 Int-Term Inv. Grade / 5 Cash **,0.0082
RNP,Cohen & Steers REIT & Preferred Income,**50 US Large Growth / 25 Int-Term Inv. Grade / 25 US Real Estate***,0.0193
SPXL,Direxion Daily S&P500® Bull 3X ETF,** 95 US Large Blend / 5 Cash **,0.0087
FNJN,Finjan Holdings Inc,US Small Growth,0.0
HCM,Hutchison China Meditech Ltd ADR,Emerging Mid Growth,0.0
IFN,India Fund Inc,Intl Large Growth,0.0
JKS,JinkoSolar Holding Co Ltd ADR,Emerging Small Growth,0.0
MCHOY,MultiChoice Group Ltd ADR,Emerging Mid Growth,0.0
GF,New Germany Fund,Intl Medium Growth,0.0
NZF,Nuveen Municipal Credit Income,Long-Term Inv. Grade,0.0243
COP,ConocoPhillips,US Large Value,0.0
VUSB,Vanguard Ultra-Short Bond ETF,Short-Term Inv. Grade,0.001
FSPCX,Fidelity® Select Insurance Port,** 88 US Large Value / 12 Intl Large Value **,0.0078
PROSY,Prosus NV ADR,Intl Large Growth,0.0
SB,Safe Bulkers Inc,US Small Blend,0.0
DQ,Daqo New Energy Corp ADR,Emerging Small Growth,0.0
BIT,BlackRock Multi-Sector Income,Long-Term Inv. Grade,0.0289
FBAKX,Fidelity® Balanced K,** 60 US Large Blend / 10 Intl Large Blend / 30 Int-Term Inv. Grade **,0.0045
IVH,Ivy High Income Opportunities,High Yield,0.0277
LL,Lumber Liquidators Holdings Inc,US Small Growth,0.0
CAF,MS China A Share,** 95 Intl Large Blend / 5 Cash **,0.0173
PHT,Pioneer High Income Trust,** 90 High Yield / 10 Cash **,0.0241
TRRKX,T. Rowe Price Retirement 2045,** 63 US Large Blend / 25 Intl Large Blend / 5 Emerging Large Blend / 7 Cash **,0.0062
CORP,"PIMCO Investment Grade Corporate Bd ETF(USD,CORP)",Int-Term Inv. Grade,0.002
JTUAX,JPMorgan US Small Company A,US Small Blend,0.0124
THGA,The Hanover Insurance Group Inc,Preferred Stock,0.0
PRISX,T. Rowe Price Financial Services,** 80 US Mid Value / 17 Intl Mid Value / 3 Cash **,0.0088
SLGpI,SL Green Realty Corp,Preferred Stock,0.0
COST,Costco Wholesale Corp,US Large Blend,0.0
INNpE,Summit Hotel Properties Inc,Preferred Stock,0.0
UMHpB,UMH Properties Inc,Preferred Stock,0.0
KRC,Kilroy Realty Corp,US Mid Blend,0.0
DFSD,Dimensional Short-Duration Fixed Inc ETF,Short-Term Inv. Grade,0.0018
AADEX,"American Beacon Large Cap Value Instl(USD,AADEX)",** .9 US Large Value / .1 Intl Large Value **,0.0062
COTY,"Coty Inc Class A(USD,COTY)",US Mid Value,0.0
BMAY,Innovator S&P 500 Buffer ETF™ May,Non-Traditional,0.0079
CSSEP,Chicken Soup for the Soul Entertainment Inc Pref Share,US Small Blend,0.0
DKS,Dick's Sporting Goods Inc,US Small Value,0.0
IBKCO,IBERIABANK Corp Pref Share,Preferred Stock,0.0
NGHCP,National General Holdings Corp Pref Share,Preferred Stock,0.0
CP,Canadian Pacific Railway Ltd,Intl Large Blend,0.0
CTB,Cooper Tire & Rubber Co,US Small Value,0.0
APTS,Preferred Apartment Communities Inc,US Small Blend,0.0
DHRIX,Diamond Hill Core Bond I,Int-Term Inv. Grade,0.0047
TRRIX,T. Rowe Price Retirement Balanced,** 60 Int-Term Inv. Grade / 30 US Large Blend / 10 Intl Large Blend **,0.0051
DGRS,WisdomTree US SmallCap Qual Div Gr ETF,US Small Value,0.0038
DEW,WisdomTree Global High Divident ETF,** 60 US Large Value / 40 Intl Large Value **,0.0058
CPB,Campbell Soup Co,US Mid Value,0.0
GMXAY,Genmab A/S ADR,US Mid Growth,0.0
CPBYX,Invesco Core Plus Bond Y,Int-Term Inv. Grade,0.005
WIIBX,Segall Bryant & Hamill Plus Bond Instl,Int-Term Inv. Grade,0.004
IOFIX,AlphaCentric Income Opportunities,Non-traditional,0.015
UCTT,Ultra Clean Holdings,US Small Growth,0.0
BGCP,BGC Partners Inc Class A,US Small Value,0.0
CPL,"CPFL Energia SA ADR(USD,CPL)",US Large Value,0.0
NMRK,Newmark Group Inc Class A,US Small Value,0.0
FMCSX,Fidelity® Mid-Cap Stock,** 85 US Mid Blend / 10 Intl Mid Blend / 5 Cash **,0.0085
WISGX,Segall Bryant & Hamill Small Cap GrInstl,US Small Growth,0.0087
FOCPX,Fidelity OTC,US Large Growth,0.0089
FCPVX,Fidelity Small Cap Value,US Small Value,0.0066
FDVLX,Fidelity Value,** 90 US Mid Blend / 10 Intl Mid Blend **,0.0059
CIM,Chimera Investment Corp,US Small Value,0.0
SVC,Service Properties Trust,US Mid Value,0.0
AGEN,Agenus Inc,US Small Growth,0.0
COOP,Mr. Cooper Group Inc,US Small Blend,0.0
CPXIX,Cohen & Steers Preferred Sec & Inc I,Preferred Stock,0.0085
FHB,First Hawaiian Inc,US Small Value,0.0
WTIBX,Segall Bryant & Hamill Plus Bond Ret,Int-Term Inv. Grade,0.0055
UTSI,UTStarcom Holdings Corp,Emerging Small Blend,0.0
TAN,Invesco Solar ETF,** 50 US Mid Growth / 30 Intl Mid Growth / 20 Emerging Mid Growth **,0.0066
FZFXX,Fidelity® Treasury Money Market Fund,Cash/Money Market,0.0
CORE,Core-Mark Holding Co Inc,US Small Blend,0.0
VIVIX,Vanguard Value Index I,US Large Value,0.0004
FRFXX,Capital Reserves Fund,Cash/Money Market,0.0
AHYMX,Aberdeen Short Dur Hi Yld Muncpl Instl,High Yield,0.0065
VPC,Virtus Private Credit ETF,** 60 US Small Value / 40 High Yield **,0.0646
ARBFX,Arbitrage R,** 70 US Mid Blend / 20 Cash / 10 Intl Mid Blend **,0.0135
CRAY,"Cray Inc(USD,CRAY)",US Small Blend,0.0
TDADX,Templeton Developing Markets Adv,** 1 US Large Blend / 60 Intl Large Blend / 38 Emerging Large Blend / 1 Cash **,0.0114
THIIX,Thornburg Limited Term Income Instl,Short-Term Inv. Grade,0.0049
OMBAX,JPMorgan Mortgage-Backed Securities A,Non-traditional,0.0065
DUSQX,DFA US Large Cap Equity Institutional,US Large Blend,0.0017
EAISX,Parametric International Equity Investor,Intl Large Blend,0.0075
BIZD,VanEck Vectors BDC Income ETF,US Large Value,0.1092
IGF,iShares Global Infrastructure ETF,** 60 Intl Large Blend / 40 US Large Blend **,0.0046
NEP,NextEra Energy Partners LP,MLP,0.0
DFAE,Dimensional Emerging Core Equity Mkt ETF,Emerging Large Blend,0.0035
CRC,California Resources Corp,US Small Value,0.0
ICLN,iShares Global Clean Energy ETF,** 40 US Mid Growth / 40 Intl Mid Growth / 20 Emerging Mid Growth **,0.004
VSCPX,Vanguard Small Cap Index InstlPlus,US Small Blend,0.0003
VTPSX,Vanguard Total Intl Stock Idx InstlPls,Intl Large Blend,0.0007
DHRAX,Diamond Hill Core Bond Inv,Int-Term Inv. Grade,0.0076
TICRX,TIAA-CREF Social Choice Eq Retail,US Large Blend,0.0045
CREE,"Cree Inc(USD,CREE)",US Mid Growth,0.0
GCP,GCP Applied Technologies Inc,US Small Value,0.0
GRA,W R Grace & Co,US Mid Value,0.0
ACHN,Achillion Pharmaceuticals Inc,US Small Value,0.0
APLS,Apellis Pharmaceuticals Inc,US Small Blend,0.0
SGMO,Sangamo Therapeutics Inc,US Small Growth,0.0
UBER,Uber Technologies Inc,US Large Growth,0.0
PINS,Pinterest Inc,US Large Growth,0.0
VLACX,Vanguard Large Cap Index Investor,US Large Blend,0.0017
WTSGX,Segall Bryant & Hamill Small Cap Gr Ret,US Small Growth,0.0103
AAXJ,iShares MSCI All Country Asia ex Jpn ETF,Intl Large Blend,0.0069
WBIGX,William Blair International Growth N,Intl Large Growth,0.0145
crihx,"CRM Long/Short Opportunities Instl(USD,CRIHX)",Liquid Alternative,0.016
ARLO,Arlo Technologies Inc,US Small Blend,0.0
ONTO,Onto Innovation Inc,US Small Growth,0.0
NTGR,Netgear Inc,US Small Blend,0.0
OSPN,OneSpan Inc,US Small Blend,0.0
OLY,Olympia Financial Group Inc,Intl Small Blend,0.0
OMVky,Omv AG,Intl Large Value,0.0
THIFX,Thornburg Limited Term Income A,Short-Term Inv. Grade,0.0077
FSENX,Fidelity® Select Energy,US Large Value,0.0078
AAGIY,"AIA Group Ltd ADR(USD,AAGIY)",Intl Large Growth,0.0
CRL,Charles River Laboratories International Inc,US Mid Blend,0.0
FPADX,Fidelity® Emerging Markets Idx,Emerging Large Blend,0.0008
TRWIX,Transamerica International Equity I2,Intl Large Value,0.0079
JGMNX,Janus Henderson Triton N,US Mid Growth,0.0066
PSMVX,Principal SmallCap Value II R6,US Small Blend,0.0101
FSMDX,Fidelity® Mid Cap Index,US Mid Blend,0.00025
BOCT,Innovator S&P 500 Buffer ETF October,Non-Traditional,0.0079
WFPRX,Wells Fargo Special Mid Cap Value R6,US Mid Value,0.0073
FSPGX,Fidelity® Large Cap Growth Idx,US Large Growth,0.00035
DDZRX,Delaware Value® R6,US Large Value,0.0058
GSFAX,Goldman Sachs Bond A,Int-Term Inv. Grade,0.0079
REREX,American Funds Europacific Growth R4,Intl Large Growth,0.0084
CRM,Salesforce.com Inc,US Large Growth,0.0
RPFFX,Royce Premier Service,** 85 US Small Growth / 15 Intl Small Growth **,0.0149
JBBSX,JPMorgan SmartRetirement® Blend 2025 R5,** 35 US Large Blend / 20 Intl Large Blend / 45 Int-Term Inv. Grade **,0.0039
JPBRX,JPMorgan SmartRetirement® Blend 2035 R5,** 45 US Large Blend / 30 Intl Large Blend / 25 Int-Term Inv. Grade **,0.0039
FSK,FS KKR Capital Corp,US Small Value,0.0
BJUL,Innovator U.S. Equity Buffer ETF July,Non-Traditional,0.0079
CODI,Compass Diversified Holdings,US Small Value,0.0
LAMR,Lamar Advertising Co Class A,US Mid Value,0.0
CNRNX,City National Rochdale Muni Hi Inc N,Int-Term Inv. Grade,0.0107
RIMOX,City National Rochdale Fxd Inc Opps N,High Yield,0.0111
CNRYX,Fiera Capital Emerging Markets Instl,Intl Large Growth,0.0136
VRLIX,Stone Ridge US Hedged Equity I,Non-traditional,0.005
CRRFY,CARREFOUR SA F SPONSORED ADR 1 ADR REPS 0.2 ORD SHS,Intl Large Value,0.0
DLFNX,DoubleLine Core Fixed Income N,Int-Term Inv. Grade,0.0073
DLENX,DoubleLine Emerging Markets Fixed Inc N,Emerging Market Debt,0.0114
DMLAX,DoubleLine Multi-Asset Growth A,** 30 US Large Blend / 30 Intl Large Blend / 40 Short-Term Inv. Grade **,0.016
AFSI,"AmTrust Financial Services Inc(USD,AFSI)",US Small Value,0.0
DLFRX,DoubleLine Floating Rate N,High Yield,0.0089
GPARX,GuidePath® Absolute Return Allc Svc,** 85 Int-Term Inv. Grade / 15 Cash **,0.0117
GPIFX,GuidePath® Flexible Income Allc Svc,High Yield,0.0132
AMJ,JPMorgan Alerian MLP ETN,MLP,0.0085
BWZ,SPDR® Blmbg Barclays ST Intrn TrsBd ETF,Short-Term Inv. Grade,0.0035
SRLN,SPDR® Blackstone / GSO Senior Loan ETF,Bank Loans,0.007
FLRN,SPDR® Blmbg Barclays Inv Grd Flt Rt ETF,Short-Term Inv. Grade,0.0015
CRSP,CRISPR Therapeutics AG,Intl Small Growth,0.0
HEZU,iShares Currency Hedged MSCI Eurozn ETF,Intl Large Blend,0.005
GNTX,GENTEX CORP,US Mid Blend,0.0
CS,Credit Suisse Group AG ADR,Intl Large Blend,0.0
ISCB,iShares Morningstar Small-Cap ETF,US Small Blend,0.0004
CSAIX,Credit Suisse Managed Futs Strat I,US Inverse Debt,0.013
FRBSX,Franklin Mutual U.S. Value A,** 85 US Mid Value / 11 Intl Mid Value / 4 Cash **,0.009
SUSB,iShares ESG 1-5 Year USD Corp Bd ETF,Short-Term Inv. Grade,0.0012
FGCKX,Fidelity® Growth Company K,** 90 US Large Growth / 10 Intl Large Growth **,0.0076
MXI,iShares Global Materials ETF,Commodities,0.0046
VSCAX,Invesco Small CapValue A,** 90 US Small Value / 10 Intl Small Value **,0.0112
CSCO,Cisco Systems Inc,US Large Value,0.0
SUSC,iShares ESG USD Corporate Bond ETF,Int-Term Inv. Grade,0.0018
HLMNX,Harding Loevner International Eq Inv,Intl Large Growth,0.0114
SUBFX,Carillon Reams Unconstrained Bond I,Short-Term Inv. Grade,0.005
HWMIX,Hotchkis & Wiley Mid-Cap Value I,** 75 US Mid Value / 25 Intl Mid Value **,0.0103
GOBIX,BrandywineGLOBAL Global Opp Bond I,Int-Term Inv. Grade,0.0068
VVISX,Vulcan Value Partners Small Cap Instl,** 70 US Small Blend / 30 Intl Small Blend **,0.0101
EMRIX,VanEck Emerging Markets I,Emerging Large Growth,0.01
TGMEX,TCW Emerging Markets Multi-Asset Opps N,** 25 Intl Large Growth / 35 Emerging Large Growth / 40 World Bond **,0.012
OGLVX,JPMorgan Short Duration Bond A,Short-Term Inv. Grade,0.0059
CSDIX,COHEN & STEERS REAL ESTATE SECS I,US Real Estate,0.0088
JCPI,JPMorgan Inflation Managed Bond ETF,Inflation Protected,0.0025
CSGP,COSTAR GROUP INC,US Mid Growth,0.0
FHCOX,Federated Hermes Conservative Mcsht Ins,Short-Term Inv. Grade,0.0025
CSGS,"CSG Systems International Inc(USD,CSGS)",US Small Value,0.0
PRFRX,T. Rowe Price Floating Rate,Bank Loans,0.0076
AAOI,Applied Optoelectronics Inc,US Small Value,0.0
CSJ,"iShares 1-3 Year Credit Bond ETF(USD,CSJ)",Short-Term Inv. Grade,0.002
OMFL,Invesco Russell 1000® Dynamic Mltfct ETF,US Mid Value,0.0029
cslly,"CSL Ltd ADR(USD,CSLLY)",Intl Large Growth,0.0
NMZ,Nuveen Muni High Income Opp,High Yield,0.0195
QLYS,Qualys Inc,US Small Growth,0.0
MRGRX,MFS Core Equity I,US Large Blend,0.0068
CVY,Invesco Zacks Multi-Asset Income ETF,** 80 US Large Blend / 10 Intl Large Blend / 10 Int-Term Inv. Grade **,0.0088
KPRCX,KP Retirement Path 2025 Institutional,** 40 US Large Blend / 20 Intl Large Blend / 40 Int-Term Inv. Grade **,0.0
DFVIX,DFA International Value III,Intl Large Value,0.0024
DFUVX,DFA US Large Cap Value III,US Large Value,0.0013
SRRIX,Stone Ridge Trust II - Reinsurance Risk Prem Interval Fund,Non-traditional,0.0105
HRC,Hill-Rom Holdings Inc,US Mid Blend,0.0
CSM,ProShares Large Cap Core Plus ETF,US Large Blend,0.0045
BBN,BlackRock Taxable Municipal Bond Trust,Long-Term Inv. Grade,0.0253
ITB,iShares US Home Construction ETF,US Mid Blend,0.0042
TINGX,Thornburg International Growth I,** 15 US Large Growth / 75 Intl Large Growth / 10 Cash **,0.0099
BRUFX,Bruce,** 70 US Large Value / 7 Intl Large Value / 8 Int-Term Inv. Grade / 15 Cash **,0.0068
Cisco Call Option,Cisco Systems EXP 12/20/19,Options,0.0
Teva Call Option,Teva Pharmaceutical DUE 12/20/19,Options,0.0
GSTOX,Goldman Sachs Small Cap Gr Insghts Inv,US Small Growth,0.0098
EPOL,iShares MSCI Poland ETF,Emerging Mid Value,0.0063
ERUS,iShares MSCI Russia Capped ETF,Emering Large Value,0.0059
BFAM,Bright Horizons Family Solutions Inc,US Mid Growth,0.0
BRKR,Bruker Corp,US Mid Growth,0.0
CSRSX,Cohen & Steers Realty Shares,US Real Estate,0.0096
ETSY,Etsy Inc,US Mid Growth,0.0
MSCI,MSCI Inc,US Mid Growth,0.0
GNW,Genworth Financial Inc,US Small Value,0.0
VWDRY,Vestas Wind Systems A/S ADR,Intl Large Value,0.0
CSX,CSX Corp,US Large Blend,0.0
WIMI,WiMi Hologram Cloud Inc ADR,Emerging Small Value,0.0
HSCSX,Homestead Small Company Stock,US Small Blend,0.0106
CTAS,"Cintas Corp(USD,CTAS)",US Large Growth,0.0
OSTFX,Osterweis,** 90 US Large Growth / 3 Intl Large Growth / 7 Cash **,0.0095
FNILX,Fidelity Large Cap Index,US Large Blend,0.0001
FLGEX,Fidelity Large Cap Growth Index,US Large Growth,0.0039
FISVX,Fidelity Small Cap Value Index,US Small Value,0.0005
FAETX,American Funds 2030 Trgt Date Retire F1,** 45 US Large Blend / 15 Intl Large Blend / 3 Emerging Large Blend / 30 Int-Term Inv. Grade / 7 Cash **,0.0069
CTL,CenturyLink Inc,US Mid Value,0.0
FECGX,Fidelity Small Cap Growth Index,US Small Growth,0.0005
FSRNX,Fidelity Real Estate Index,US Real Estate,0.0007
TRRDX,T . Rowe Price Retirement 2040,** 55 US Large Growth / 30 Intl Large Growth / 15 Int-Term Inv. Grade **,0.007
LIPIX,Blackrock LifePath Index 2050 Institutional,** 55 US Large Blend / 45 Intl Large Blend **,0.0015
VTRLX,Vanguard Institutional Target Retire 2050 ,** 55 US Large Blend / 35 Intl Large Blend / 10 Int-Term Inv. Grade ** ,0.0009
BKR,Baker Hughes Co Class A,US Large Growth,0.0
CLW,Clearwater Paper Corp,US Small Value,0.0
MOH,Molina Healthcare Inc,US Mid Value,0.0
ADPT,Adaptive Biotechnologies Corp,US Mid Blend,0.0
CVIRX,Columbia Dividend Income Adv,US Large Blend,0.0067
AGIO,Agios Pharmaceuticals INC,US Small Growth,0.0
CTRZX,"Multi-Manager Total Return Bd Strat Inst(USD,CTRZX)",Int-Term Inv. Grade,0.0053
CBOE,CBOE Global Markets,US Mid Blend,0.0
GH,Guardant Health Inc,US Mid Blend,0.0
MRVL,Marvell Technology Inc,Intl Large Growth,0.0
MVRXX,Morgan Stanley Institutional Liquid Government Port,Cash/Money Market,0.0
AGDYX,AB High Income Advisor,High Yield,0.0058
SDSCX,BNY Mellon SM/MD CAP GR I,US Mid Growth,0.0074
FULIX,Federated Ultra Short Bond Instl,Short-Term Inv. Grade,0.0038
HGIIX,Hartford Core Equity,US Large Blend,0.0047
FIXIX,Fidelity Advisor Intl Small Cap I,Intl Mid Blend,0.0102
PXSGX,Virtus KAR Small-Cap Growth I,** 80 US Mid Growth /20 Intl Mid Growth **,0.0114
ACGYX,AB Income Advisor,Int-Term Inv. Grade,0.0155
CTSH,COGNIZANT TECH SOLUTIONS-A,US Large Growth,0.0
APDFX,Artisan High Income Advisor,High Yield,0.0083
BDHIX,Blackrock Dynamic High Income Inst,** 30 US Large Blend / 15 Intl Large Blend / 55 High Yield **,0.0077
NWQIX,Nuveen NWQ Flexible Income I,** 20 US Large Value / 80 High Yield **,0.0071
PZTRX,PGIM Global Total Return Z,** 70 Int-Term Inv. Grade / 25 High Yield / 5 Cash **,0.0063
PGDIX,Principal Global Div Inc Instl,** 20 US Mid Value / 80 High Yield **,0.0069
PIMSX,Virtus Newfleet Multi-Sector S/T Bd I,Short-Term Inv. Grade,0.0072
ADGYX,AB Core Opportunities Advisor,** 85 US Large Blend / 15 Cash/Money Market **,0.0084
OIDYX,Invesco International Diversified Y,** 80 Intl Large Growth / 20 Emerging Large Growth **,0.0099
NTNX,Nutanix INC,US Mid Growth,0.0
SWSBX,Schwab Short-Term Bond Index,Short-Term Inv. Grade,0.0006
FZAXX,Fidelity Government MMKT Capital Reserves,Cash/Money Market,0.0
CTXS,Citrix Systems Inc,US Mid Blend,0.0
OBEGX,Oberweis Global Opportunities Investor,** 55 US Small Growth / 45 Intl Small Growth **,0.0152
FCBFX,Fidelity® Corporate Bond,Int-Term Inv. Grade,0.0045
SGCAX,Wells Fargo California Tax-Free Admin,Int-Term Inv. Grade,0.0055
SAIL,SailPoint Technologies Holdings Inc,US Small Growth,0.0
NVG,Nuveen AMT-Free Muni Credit Inc,** 75 Int-Term Inv. Grade / 25 High Yield **,0.024
CNCIX,City National Rochdale Corp Bond Svc,Int-Term Inv. Grade,0.0092
TQAIX,T. Rowe Price QM US Small-Cap Gr Eq I,US Small Growth,0.0064
CNBIX,City National Rochdale Govt Bond Svc,Int-Term Inv. Grade,0.01
BLRYX,Brookfield Global Listed Real Estate Y,** 55 US Real Estate / 45 Intl Real Estate **,0.0095
RIMHX,City National Rochdale Div & Inc N,US Large Value,0.0114
RCAR,RenovaCare Inc,US Small Growth,0.0
AAPL,Apple Inc,US Large Blend,0.0
CUB,"Cubic Corp(USD,CUB)",US Small Growth,0.0
OFIX,Orthofix Medical Inc,US Small Growth,0.0
RGS,Regis Corp,US Small Value,0.0
JCONX,Janus Henderson Contrarian I,US Mid Blend,0.0085
THD,iShares MSCI Thailand Capped ETF,Emerging Large Blend,0.0059
JMVSX,JPMorgan Mid Cap Value I,US Mid Value,0.0099
PEIYX,Putnam Equity Income Y,** 95 US Large Value / 5 Intl Large Value **,0.0066
ESIIX,Eaton Vance Short Duration Strat Inc I,** 50 Short-Term Inv grade / 50 High Yield **,0.0087
EIGMX,Eaton Vance Glbl Macr Absolute Return I,Non-traditional,0.0074
IMLAX,Transamerica Asset Allocation Mod Gr A,** 45 Large Blend / 30 Intl Large Blend / 25 Int-Term Inv. Grade **,0.0133
CUBE,CubeSmart,US Mid Blend,0.0
JGINX,Janus Henderson Growth And Income I,US Large Blend,0.0069
ASCENT,"ASCENT CAPITAL FUND III, LLC",US Real Estate,0.0
PIGFX,Pioneer Fundamental Growth A,US Large Growth,0.0109
NEFFX,American Funds New Economy F2,** 72 US Large Growth / 10 Intl Large Growth / 8 Emerging Large Growth / 10 Cash **,0.0052
FZROX,Fidelity ZERO Total Market Index,US Large Blend,0.0
RERHX,American Funds Europacific Growth R5E,** 80 Intl Large Growth / 20 Emerging Large Growth **,0.0062
JHJAX,JHancock ESG Large Cap Core A,** 95 US Large Growth / 5 Intl Large Growth **,0.0117
PIOTX,Pioneer Core Equity A,US Large Blend,0.009
PIODX,Pioneer A,US Large Growth,0.0096
TAHYX,Pioneer High Yield A,High Yield,0.011
PACW,PacWest Bancorp,US Mid Value,0.0
CUK,Carnival PLC ADR,Intl Large Growth,0.0
CHWY,Chewy Inc,US Mid Blend,0.0
WTER,Alkaline Water Co Inc,US Small Blend,0.0
GOOS,Canada Goose Holdings Inc,Intl Mid Growth,0.0
EXTR,Extreme Networks Inc,US Small Blend,0.0
NNOMF,Nano One Materials Corp,Intl Small Blend,0.0
ORBC,ORBCOMM Inc,US Small Blend,0.0
PLYM,Plymouth Industrial REIT Inc,US Real Estate,0.0
PRTA,Prothena Corp PLC,Intl Small Blend,0.0
UMPQ,Umpqua Holdings Corp,US Small Value,0.0
GFSXX,GOVERNMENT OBLIGATIONS FUND,Cash/Money Market,0.0
CVET,Covetrus Inc,US Mid Blend,0.0
GAN,GAN Ltd Ordinary Shares,US Micro,0.0
GOBAX,"BrandywineGLOBAL Global Opp Bond A(USD,GOBAX)",World Bond,0.0095
CVMIX,Calvert Emerging Markets Equity I,Emerging Large Blend,0.0092
AGOV,Gavekal Asia Pacific Government Bond ETF,Int-Term Inv. Grade,0.005
AGCSX,American Century Global Small Cap I,** 55 US Small Growth / 41 Intl Small Growth / 4 Emerging Small Growth **,0.0092
CVS,CVS Health Corp,US Large Value,0.0
OPTAX,Invesco AMT-Free Municipal A,Long-Term Inv. Grade,0.0074
CVSI,CV Sciences Inc,US Small Value,0.0
IBO.F,International Business 8.375%19,Int-Term Inv. Grade,0.0
ACTHX,Invesco High Yield Municipal A,High Yield,0.0098
CVX,Chevron Corp,US Large Blend,0.0
JGSMX,JPMorgan Small Cap Growth R6,US Small Growth,0.0074
DEBTM,U.S. Debt Index Fund M,Int-Term Inv. Grade,0.0003
FIHFX,Fidelity Freedom® Index 2035 Investor,** 55 US Large Blend / 30 Intl Large Blend / 15 Int-Term Inv. Grade **,0.0012
VIGIX,Vanguard Growth Index Institutional,US Large Growth,0.0004
USSBX,USAA Short Term Bond Fund,Short-Term Inv. Grade,0.0053
UATXX,USAA Treasury Money Market,Cash/Money Market,0.0
FNSXX,Fidelity® Investments Money Market Institutional Class,Cash/Money Market,0.0
OPNYX,Invesco Rochester® AMT-Free NY Mncpl A,Long-Term Inv. Grade,0.0088
JMIEX,JPMorgan Emerging Markets Equity L,** 2 US Large Growth / 95 Emerging Large Growth / 3 Cash **,0.0093
WMPXX,Wells Fargo Money Market Fund,Cash/Money Market,0.0
VEXMX,Vanguard Extended Market Index Investor,US Small Blend,0.0019
VTCLX,Vanguard Tax-Managed Capital App Adm,US Large Blend,0.0009
VTMSX,Vanguard Tax-Managed Small Cap Adm,US Small Blend,0.0009
SHCAY,Sharp Corp ADR,INTL LARGE Value,0.0
OYEIX,Invesco Oppenheimer Equity Income Y,** 80 US Large Value / 20 Intl Large Value **,0.0075
DQIRX,BNY Mellon Equity Income Fund I,US Large Value,0.0078
EIRRX,Eaton Vance Short Dur Infl-Prot Inc I,** 80 Int-Term Inv. Grade / 20 High Yield  **,0.0062
RMUNX,Invesco Rochester® New York Municipals A,Long-Term Inv. Grade,0.0085
FKSCX,Franklin Intl Small Cap Adv,** 10 US Small Value / 90 Intl Small Value **,0.0116
JAAIX,JHancock Alternative Asset Allc I,Non-Traditional,0.014
VOOV,Vanguard S&P 500 Value ETF,US Large Value,0.0015
VIOO,Vanguard S&P Small-Cap 600 ETF,US Small Blend,0.0015
CWGIX,"American Funds Capital World Gr&Inc A(USD,CWGIX)",** .50 US Large Blend / .50 Intl Large Blend **,0.0076
VWOB,Vanguard Emerging Mkts Govt Bd ETF,Emerging Market Debt,0.003
NPSRX,Nuveen Preferred Secs & Inc I,Non-traditional,0.0078
TFXIX,Transamerica Bond I,Int-Term Inv. Grade,0.005
IVOG,Vanguard S&P Mid-Cap 400 Growth ETF,US Mid Growth,0.002
MIDTX,DWS ESG Core Equity S,US Large Blend,0.0075
PEDIX,PIMCO Extended Duration Instl,Long-Term Inv. Grade,0.0063
SENCX,Touchstone Large Cap Focused A,** 95 US Large Growth / 5 Intl Large Growth **,0.0102
SJT,San Juan Basin Royalty Trust,US Small Value,0.0
CNHI,CNH Industrial NV,Intl Mid Value,0.0
LULU,Lululemon Athletica Inc,US Large Growth,0.0
IYIAX,Ivy Municipal High Income A,** 50 Int-Term Inv. Grade / 50 High Yield **,0.0087
AAVVF,"Advantage Oil & Gas Ltd(USD,AAVVF)",Intl Small Value,0.0
CWT,"California Water Service Group(USD,CWT)",US Small Blend,0.0
FDEGX,Fidelity® Growth Strategies,US Mid Growth,0.0059
SGSYX,Western Asset Mortgage Total Ret I,Non-traditional,0.0064
LPLFX,Lord Abbett Core Plus Bond F,Int-Term Inv. Grade,0.0058
PRULX,T. Rowe Price US Trs LongTerm Idx,** 88 Long-Term Inv. Grade / 12 Cash **,0.0023
FCASH,Fidelity Cash,Cash/Money Market,0.0
EBABX,Eaton Vance Core Plus Bond A,Int-Term Inv. Grade,0.0049
IAAXX,Ivy Cash Management Fund,Cash/Money Market,0.0
ESTC,Elastic NV,US Small Growth,0.0
PDD,Pinduoduo Inc ADR,Emerging Mid Blend,0.0
FTA,First Trust Large Cap Val AlphaDEX® ETF,US Large Value,0.006
CY,"Cypress Semiconductor Corp(USD,CY)",Intl Mid Blend,0.0
JPUS,JPMorgan Diversified Return US Eq ETF,US Large Value,0.0018
PFIIX,PIMCO Low Duration Income Instl,** 80 Short-Term Inv. Grade / 20 High Yield **,0.005
RQIAX,RESQ Strategic Income A,** 70  Int-Term Inv. Grade / 30 Cash/Money Market **,0.0258
RYTRX,Royce Small-Cap Total Return Invmt,**90 US Small Value / 8 Intl Small Value / 2 Cash **,0.0125
ENGLX,CBOE Vest S&P 500® Enhanced Gr Strat Inv,US Large Blend,0.0121
RQEAX,RESQ Dynamic Allocation A,** 50 US Large Value / 30 Intl Large Value / 20 Cash/Money Market **,0.0258
TSTXX,BlackRock Liquidity BLF T-Fund,Cash/Money Market,0.0
KXI,iShares Global Consumer Staples ETF,** 50 US Large Blend / 50 Intl Large Blend **,0.0046
JXI,iShares Global Utilities ETF,** 60 US Large Value / 40 Intl Large Value **,0.0046
MPIFX,Mondrian International Govt Fxd Inc,Int-Term Inv. Grade,0.006
CZA,"Invesco Zacks Mid-Cap ETF(USD,CZA)",US Mid Blend,0.0068
HGV,Hilton Grand Vacations Inc,US Small Value,0.0
FXH,First Trust Health Care AlphaDEX® ETF,US Large Growth,0.0062
BUITX,Buffalo Discovery Institutional,US Mid Growth,0.0086
ANGO,AngioDynamics Inc,US Small Growth,0.0
CZMGX,"Multi-Manager Growth Strategies Inst(USD,CZMGX)",US Large Growth,0.0085
AYR,Aircastle Ltd,US Small Value,0.0
GOGIX,JHancock International Growth I,** 75 Intl Large Blend / 25 Emerging Large Blend ** ,0.0098
ANSLY,Ansell Ltd ADR,Intl Mid Blend,0.0
APEMY,Aperam SA ADR,Intl Small Value,0.0
ACKAY,Arcelik AS ADR,Emerging Small Growth,0.0
AUOTY,AU Optronics Corp ADR,Emerging Mid Value,0.0
DOOO,BRP Inc,Intl Mid Growth,0.0
CCOEY,Capcom Co Ltd ADR,Intl Mid Growth,0.0
CIGI,Colliers International Group Inc,Intl Real Estate,0.0
CWCO,Consolidated Water Co Ltd,Intl Small Blend,0.0
VLRS,Controladora Vuela Compania de Aviacion SAB,Emerging Small Blend,0.0
CZMSX,"Multi-Manager Small Cap Eq Strat Inst(USD,CZMSX)",US Small Growth,0.0109
MSEQX,Morgan Stanley Inst Growth I,** 82 US Large Growth / 15 Intl Large Growth / 3 Cash **,0.0056
CZZ,Cosan Ltd,Emerging Mid Value,0.0
COT,Cott Corp,US Small Growth,0.0
CRTO,Criteo SA ADR,Intl Small Growth,0.0
DSFGY,Dah Sing Financial Holdings Ltd ADR,Emerging Mid Value,0.0
ESNT,Essent Group Ltd,US Mid Blend,0.0
FLY,Fly Leasing Ltd ADR,Intl Small Growth,0.0
GLOG,GasLog Ltd,Intl Small Growth,0.0
GPRK,GeoPark Ltd,Emerging Small Growth,0.0
OMAB,Grupo Aeroportuario del Centro Norte SAB de CV ADR,Emerging Mid Blend,0.0
HMI,Huami Corp ADR rep 4 shs A,Emerging Small Blend,0.0
COFRX,Columbia Contrarian Core Inst2,US Large Growth,0.0068
CZMVX,"Multi-Manager Value Strategies Inst(USD,CZMVX)",US Large Value,0.0078
HUD,Hudson Ltd Class A,US Small Value,0.0
IGT,International Game Technology PLC,Intl Small Value,0.0
JUMSY,Jumbo SA ADR,Emerging Small Growth,0.0
LX,LexinFintech Holdings Ltd DR,Emerging Small Blend,0.0
LTGHY,Life Healthcare Group Holdings Ltd ADR,Emerging Small Growth,0.0
MRRTY,Marfrig Global Foods SA ADR,Emerging Mid Value,0.0
MMSMY,Mitsui Mining and Smelting Co Ltd ADR,Intl Small Blend,0.0
NEXA,Nexa Resources SA,Intl Small Value,0.0
NHNKY,Nihon Kohden Corp ADR,Intl Mid Growth,0.0
CHX,ChampionX Corp,US Small Blend,0.0
NPNYY,Nippon Yusen Kabushiki Kaisha ADR,Intl Mid Value,0.0
D,Dominion Energy Inc,US Large Value,0.0
NOMD,Nomad Foods Ltd,Intl Mid Blend,0.0
PLYA,Playa Hotels & Resorts NV Shs -A-,Intl Small Value,0.0
QIWI,QIWI PLC ADR,Emerging Small Blend,0.0
TYOYY,Taiyo Yuden Co Ltd ADR,Intl Mid Growth,0.0
TPDKY,Topdanmark A/S ADR,Intl Mid Value,0.0
RNMBY,Rheinmetall AG ADR,Intl Mid Blend,0.0
QD,Qudian Inc ADR,Emerging Small Blend,0.0
WBRBY,Wienerberger AG ADR,Intl Mid Blend,0.0
SPHQ,Invesco S&P 500® Quality ETF,US Large Blend,0.0015
YY,YY Inc ADR,Emerging Small Blend,0.0
CIO,City Office REIT Inc,Intl Real Estate,0.0
DAL,Delta Air Lines Inc,US Large Value,0.0
PHYQX,PGIM High Yield R6,High Yield,0.004
USIG,iShares Broad USD Invm Grd Corp Bd ETF,Int-Term Inv. Grade,0.0006
GOVT,iShares US Treasury Bond ETF,Int-Term Treasury,0.0015
WEACX,Allspring Spectrum Aggressive Gr C,** 67 US Large Blend / 24 Intl Large Blend / 5 Emerging Large Blend / 4 Cash **,0.0177
DASTY,"Dassault Systemes SE ADR(USD,DASTY)",Intl Large Growth,0.0
USCBX,USAA CA Bond,Long-Term Inv. Grade,0.0056
DATA,Tableau Software Inc A,US Mid Growth,0.0
USCCX,USAA Cornerstone Conservative,** 12 US Large Blend / 10 Intl Large Blend / 75 Int-Term Inv. Grade / 3 Cash **,0.0058
AB,"AllianceBernstein Holding LP(USD,AB)",US Small Value,0.0
DBA,DB Agriculture Fund,Commodities,0.0085
IUSG,iShares Core S&P US Growth ETF,US Large Growth,0.0004
USBSX,USAA Cornerstone Moderate,** 28 US Large Blend / 15 Intl Large Blend / 5 Emerging Large Blend / 50 Short-Term Inv. Grade / 2 Cash **,0.0109
TRXC,TransEnterix Inc,US Small Blend,0.0
ANGL,VanEck Vectors Fallen Angel High Yield Bond ETF,High Yield,0.0035
DPLO,Diplomat Pharmacy Inc,US Small Value,0.0
GUYFF,Guyana Gold Corp,Intl Small Value,0.0
ATRX,Adhera Therapeutics Inc,US Small Value,0.0
DBB,DB Base Metals Fund,Commodities,0.0075
PFLEX,PIMCO Flexible Credit Income Inst,** 60 Int-Term Inv. Grade / 40 High Yield **,0.0392
IMUC,ImmunoCellular Therapeutics Ltd,US Small Value,0.0
NIHK,Video River Networks Inc,US Real Estate,0.0
FSNUX,Fidelity Freedom® 2035 K,** 37 US Large Blend / 28 Intl Large Blend / 10 Emerging Large Blend / 20 Int-Term Inv. Grade / 5 Cash **,0.0061
ONCS,OncoSec Medical Inc,US Small Value,0.0
IOTS,Adesto Technologies Corp,US Small Growth,0.0
ARQL,Arqule Inc,US Small Growth,0.0
AKCPF,Asustek Computer Inc,Emerging Large Value,0.0
BPMC,Blueprint Medicines Corp,US Mid Growth,0.0
CLLS,Cellectis SA ADR,Intl Small Growth,0.0
CHMA,Chiasma Inc,US Small Growth,0.0
CLVS,Clovis Oncology Inc,US Small Growth,0.0
DBCMX,DoubleLine Strategic Commodity I ,Commodities,0.0117
CFMS,Conformis Inc,US Small Growth,0.0
ARBE,Arbe Robotics Ltd,Intl Small Growth,0.0
CRON,Cronos Group Inc,Intl Small Growth,0.0
CYBQF,Cyberdyne Inc,Intl Small Growth,0.0
ENPH,Enphase Energy Inc,US Small Growth,0.0
EOLS,Evolus Inc,Intl Small Growth,0.0
IMMU,Immunomedics Inc,US Small Blend,0.0
PI,Impinj Inc,US Small Growth,0.0
NVTA,Invitae Corp,US Small Growth,0.0
IONS,Ionis Pharmaceuticals Inc,US Mid Growth,0.0
IRTC,iRhythm Technologies Inc,US Small Growth,0.0
DBEF,Xtrackers MSCI EAFE Hedged Equity ETF,Intl Mid Value,0.0035
GOOG,Alphabet Inc C,US Large Growth,0.0
IRDM,Iridium Communications Inc,US Small Growth,0.0
TGODF,The Green Organic Dutchman Holdings Ltd Ordinary Shares,Intl Small Value,0.0
KNDI,Kandi Technologies Group Inc,Emerging Small Growth,0.0
LVGO,Livongo Health Inc,US Small Growth,0.0
MOSC,Mosaic Acquisition Corp Class A,US Micro,0.0
NVCR,NovoCure Ltd,US Mid Growth,0.0
NWBO,Northwest Biotherapeutics Inc,US Micro,0.0
PLUG,Plug Power Inc,US Small Growth,0.0
PVCT,Provectus Biopharmaceuticals Inc,US Micro,0.0
RETA,Reata Pharmaceuticals Inc A,US Mid Blend,0.0
OFSTF,Carbon Streaming Corp,Intl Small Blend,0.0
DBIRX,Dreyfus Bond Market Index Basic,Int-Term Inv. Grade,0.0015
RDFN,Redfin Corp,US Small Growth,0.0
SRPT,Sarepta Therapeutics Inc,US Mid Growth,0.0
EYES,Second Sight Medical Products Inc,US Small Blend,0.0
SENS,Senseonics Holdings Inc,US Small Growth,0.0
TNDM,Tandem Diabetes Care Inc,US Mid Blend,0.0
UI,Ubiquiti Inc,US Mid Growth,0.0
VSTM,Verastem Oncology,US Small Value,0.0
VNRX,VolitionRX Ltd,Emerging Small Blend,0.0
ZYME,Zymeworks Inc Registered Shs When Issued,Intl Small Growth,0.0
FLYNF,Flying Nickel Mining Corp,Intl Small Value,0.0
GSLC,Goldman Sachs ActiveBeta® US LgCp Eq ETF,US Large Blend,0.0156
DBLEX,DoubleLink Emerging Markets Fixed Inc I,Emerging Market Debt,0.0094
GLDM,SPDR® Gold MiniShares,Commodities,0.0018
CLH,Clean Harbors Inc,US Mid Blend,0.0
CCK,Crown Holdings Inc,US Mid Value,0.0
FAF,First American Financial Corp,US Mid Value,0.0
SKY,Skyline Champion Corp,US Small Growth,0.0
RCII,Rent-A-Center Inc,US Small Value,0.0
DBLTX,DoubleLine Total Return Bond I,** 60 Int-Term Inv. Grade / 40 High Yield **,0.0048
EDVMF,Endeavour Mining Corp,Intl Small Blend,0.0
IQST,iQSTEL Inc,US Micro,0.0
PSH,Pershing Square Holdings Ord,US Large Growth,0.0147
SILEF,Silver Elephant Mining Corp,Intl Small Value,0.0
PPMH,Point To Point Methodics Inc,US Micro,0.0
PVG,Pretium Resources Inc,Intl Small Value,0.0
CEF,Sprott Physical Gold and Silver Trust,Commodities,0.004
DBOEY,DEUTSCHE BOERSE F SPONSORED ADR 1 ADR REPS 0.1 ORD SHS,Intl Large Growth,0.0
PHYS,Sprott Physical Gold Trust,Commodities,0.0037
BAR,GraniteShares Gold Trust,Commodities,0.00175
LBTD,Lotus Bio-Technology Development Corp,Intl Small Blend,0.0
ALO,Alio Gold Inc,Intl Small Value,0.0
CBIS,Cannabis Science Inc.,US Micro,0.0
DSWL,Deswell Industries Inc,Intl Small Value,0.0
SLI,Standard Lithium Corp,Intl Small Growth,0.0
ENZN,Enzon Pharmaceuticals Inc,US Micro,0.0
HVBTF,HIVE Blockchain Technologies Ltd,Intl Small Blend,0.0
ITRO,Itronics Inc,US Small Blend,0.0
KALY,Kali Inc,US Micro,0.0
DBSDY,DBS GROUP HOLDINGS LIM F SPONSORED ADR 1 ADR REPS 4 ORD SHS,Intl Large Blend,0.0
LPKGF,Lupaka Gold Corp,Intl Small Value,0.0
MDR,McDermott International Inc,US Small Value,0.0
MUX,McEwen Mining Inc,Intl Small Growth,0.0
MXLGF,MX Gold Corp,Intl Small Blend,0.0
OR,Osisko Gold Royalties Ltd,Intl Small Growth,0.0
HGER,Harbor All-Weather Inflation Focus ETF,Commodities,0.0068
MMMM,Quad M Solutions Inc,US Micro,0.0
RCAT,Red Cat Holdings Inc,Emerging Small Blend,0.0
SAGD,South American Gold Corp,US Micro,0.0
WRN,Western Copper & Gold Corp,Intl Small Blend,0.0
XFLS,XFuels Inc,Intl Small Blend,0.0
DBV,Invesco DB G10 Currency Harvest,currency,0.0075
LLINX,Longleaf Partners International,** 95 Intl Mid Value / 5 US Mid Value **,0.0115
WVALX,Weitz Value Investor,**90 US Large Growth / 10 Intl Large Growth**,0.0123
ADCVX,American Century Disciplined Growth A,US Large Growth,0.0126
FSHOX,Fidelity® Select Construction & Hsg Port,US Large Blend,0.008
WEAT,Teucrium Wheat ETF,Commodities,0.01
FBMPX,Fidelity® Select Communication Services,US Large Growth,0.0082
FDLSX,Fidelity® Select Leisure,US Large Growth,0.0076
JRSDX,Janus Henderson US Managed Volatility D,US Large Growth,0.0069
JANEX,Janus Henderson Enterprise D,**85 US Mid Growth / 15 Intl Mid Growth **,0.0081
JAQDX,Janus Henderson Asia Equity D,Intl Large Growth,0.0129
JNGTX,Janus Henderson Global Technology D,** 80 US Large Growth / 20 Intl Large Growth **,0.0083
ABALX,"American Funds American Balanced A(USD,ABALX)",** .6 US Large Blend / .4 Int-Term Inv. Grade **,0.0057
dbvt,"DBV Technologies SA ADR(USD,DBVT)",Intl Small Growth,0.0
FPX,First Trust US Equity Opportunities ETF,US Large Growth,0.0059
BIPIX,ProFunds Biotechnology UltraSector Inv,** 80 US Large Blend / 20 Cash**,0.0152
FZAJX,Fidelity Advisor® International Growth Z,** 20 US Large Growth / 76 Intl Large Growth / 4 Cash **,0.0076
LU,Lufax Holding Ltd ADR,Emerging Large Value,0.0
CYPIX,ProFunds Consumer Services Ultra Sec Inv,** 75 US Large Growth / 25 Cash/Money Market **,0.0157
PRSCX,T. Rowe Price Science & Tech,** 60 US Large Growth / 30 Intl Large Growth / 10 Cash **,0.0079
VFTNX,Vanguard FTSE Social Index I,US Large Blend,0.0012
IRVSX,Voya Russell Large Cap Value Idx Port S,US Large Value,0.0068
IRLNX,Voya Russell Large Cap Growth Idx Port I,US Large Growth,0.0
AVEGX,Ave Maria Growth,** 95 US Large Growth / 5 Intl Large Growth **,0.0097
RMD,ResMed Inc,US Large Growth,0.0
TRGMX,TIAA-CREF Mid-Cap Growth Retire,US Mid Growth,0.0072
DCCIX,Delaware Small Cap Core I,US Small Growth,0.0093
TCIXX,TIAA-CREF Institutional Money Market Fund,Cash/Money Market,0.0
ZTCOF,ZTE Corp Class H,Emerging Large Blend,0.0
TILGX,TIAA-CREF Large-Cap Growth Inst,** 90 US Large Growth / 10 Intl Large Growth **,0.0041
TIIEX,TIAA-CREF International Eq Instl,International Large Blend,0.0048
TIGRX,TIAA-CREF Growth & Income Instl,** 92 US Large Growth / 8 Intl Large Growth **,0.004
TLWIX,TIAA-CREF Lifecycle Index 2020 Instl,** 50 Int-Term Inv. Grade / 15 Intl Large Blend / 35 US Large Blend **,0.001
DFFGX,DFA Short-Term Government I,** 65 Cash / 35 Int-Term Inv. Grade **,0.0019
DTMEX,DFA Tax-Managed US Eq,US Large Blend,0.0022
DFTSX,DFA Tax-Managed US Small Cap,US Small Blend,0.0047
DFEVX,DFA Emerging Markets Value I,Emerging Large Value,0.0014
SING,SinglePoint Inc,US Micro,0.0
DCMYY,"NTT DOCOMO Inc ADR(USD,DCMYY)",Intl Large Blend,0.0
OGIG,ALPS O'Shares Glbl Internet Gnts ETF,** 71 US Large Growth / 9 Intl Large Growth / 20 Emerging Large Growth **,0.0048
TVLF,Tennessee Valley Financial Holdings Inc,Preferred Stock,0.0
GOOGL,Alphabet Inc A,US Large Growth,0.0
DCP,DCP Midstream LP,US Mid Value,0.0
SOXQ,Invesco PHLX Semiconductor ETF,** 88 US Large Growth / 12 Intl Large Growth **,0.0019
DD,DuPont de Nemours Inc,Intl Large Value,0.0
BAC.PRL,Bank of America 6.45%,Preferred Stock,0.0
ANDRX,AQR International Defensive Style R6,Intl Large Blend,0.0047
BFRIX,BlackRock Floating Rate Income Instl,** 93 High Yield / 7 Cash **,0.0071
GSPKX,Goldman Sachs US Eq Div and Prem Instl,** 60 US Large Blend / 40 Cash **,0.0074
METV,Roundhill Ball Metaverse ETF,** 75 US Large Growth / 15 Intl Large Growth / 10 Emerging Large Growth **,0.0059
DDD,3D Systems Corp,US Small Growth,0.0
ELV,Elevance Health Inc,US Mid Value,
DDS,Dillard's Inc,US Small Blend,0.0
ASET,FlexShares Real Assets Allocation ETF,** 45 US Large Value / 55 Intl Large Value **,0.0
JKE,iShares Morningstar Large-Cap Growth ETF,US Large Growth,0.0025
SHAPX,ClearBridge Appreciation A,US Large Blend,0.0097
ARSMX,AMG River Road Small-Mid Cap Value N,US Small Value,0.0134
MLVAX,MFS Low Volatility Equity A,US Large Blend,0.0089
DDVIX,"Delaware Value® Inst(USD,DDVIX)",US Large Value,0.007
USER,UserTesting Inc,US Small Growth,0.0
DE,Deere & Co,US Large Blend,0.0
FWRD,Forward Air Corp,US Small Blend,0.0
DEA,Easterly Government Properties Inc,US Real Estate,0.0
BSGPX,Baillie Gifford Developed EAFE All Cap I,** 5 US Large Growth / 94 Intl Large Growth / 1 Cash **,0.0073
SWHRX,Schwab Target 2025,** 35 US Large Blend / 17 Intl Large Blend / 43 Int-Term Inv. Grade / 5 Cash **,0.0043
ABB,"ABB Ltd ADR(USD,ABB)",Intl Large Value,0.0
DECK,"Deckers Outdoor Corp(USD,DECK)",US Mid Growth,0.0
FDIKX,Fidelity® Diversified International K,** 9 US Large Growth / 80 Intl Large Growth / 7 Emerging Large Growth / 4 Cash **,0.0091
AVNW,Aviat Networks Inc,US Small Growth,0.0
DEM,WisdomTree Emerging Markets High Div ETF,Emerging Large Value,0.0063
KOS,Kosmos Energy Ltd,US Small Blend,0.0
DEMAX,"Delaware Emerging Markets A(USD,DEMAX)",** .3 Intl Large Blend / .7 Emerging Large Blend **,0.0166
GORO,"Gold Resource Corp(USD,GORO)",US Small Blend,0.0
DEMIX,Delaware Emerging Markets Instl,Emerging Large Blend,0.0123
TWKS,Thoughtworks Holding Inc,US Small Growth,0.0
DEMSX,"DFA Emerging Markets Small Cap I(USD,DEMSX)",Emerging Mid Value,0.0059
EWY,iShares MSCI South Korea Capped ETF,Emerging Large Value,0.0059
OGEAX,JPMorgan Equity Index A,US Large Blend,0.0045
JHQAX,JPMorgan Hedged Equity A,US Large Blend,0.0085
OLVAX,JPMorgan Large Cap Value A,US Large Value,0.0093
OLGAX,JPMorgan Large Cap Growth A,US Large Growth,0.0094
NJMC,New Jersey Mining Co.,US Micro,0.0
GPRO,GoPro Inc A,US Small Blend,0.0
TCHHX,TIAA-CREF Lifecyle 2030 Advisor,** 45 US Large Blend / 25 Intl Large Blend / 30 Int-Term Inv. Grade **,0.005
FSNPX,Fidelity Freedom 2025 K,** 30 US Large Blend / 30 Intl Large Blend / 30 Int-Term Inv. Grade / 10 Cash **,0.0056
PTRQX,PGIM Total Return Bond R6,Int-Term Inv. Grade,0.0039
ZNNMF,EEStor Corp,US Small Value,0.0
DEO,Diageo PLC ADR,Intl Large Growth,0.0
CAR,Avis Budget Group Inc,US Small Value,0.0
FRLG,Large Cap Growth Index-Lk ETN due 2028,US Large Growth,0.0065
BHKLY,BOC Hong Kong Holdings Ltd ADR,Intl Large Blend,0.0
EAGMX,Eaton Vance Glbl Macr Absolute Return A,** 70 Short-Term Inv. Grade / 30 Cash/Money Market **,0.0104
FIADX,Fidelity Advisor® International Discv I,Intl Large Growth,0.008
MWA,"Mueller Water Products, Inc. Class A",US Small Blend,0.0
FIVFX,Fidelity® International Capital Apprec,** 10 US Large Growth / 90 Intl Large Growth **,0.0101
FZALX,Fidelity Advisor® Mega Cap Stock Z,** 85 US Large Value / 15 Intl Large Value **,0.0053
LZOEX,Lazard Emerging Markets Equity Open,Emerging Large Value,0.0132
TSWIX,Transamerica International Equity I,Intl Large Value,0.0089
MDNLX,BlackRock National Municipal Inv A,Int-Term Inv. Grade,0.0069
DES,"WisdomTree US SmallCap Dividend ETF(USD,DES)",US Small Value,0.0038
SCMBX,DWS Managed Municipal Bond S,Int-Term Inv. Grade,0.0056
SHMMX,Western Asset Managed Municipals A,Int-Term Inv. Grade,0.0065
MTBAX,MainStay MacKay Tax Free Bond A,Int-Term Inv. Grade,0.008
NMBAX,Nuveen Intermediate Duration Muni Bd A,Int-Term Inv. Grade,0.0067
INMD,InMode Ltd,Intl Small Growth,0.0
GUNR,FlexShares Mstar Glbl Upstrm Nat Res ETF,** 35 US Large Value / 65 Intl Large Value **,0.0046
FMOXX,Fidelity® Tax-Exempt Money Market Fund,Cash/Money Market,0.0
TSMLX,TIAA-CREF Lifestyle Moderate Retail,** 40 US Large Blend / 20 Intl Large Blend / 40 Int-Term Inv. Grade **,0.0077
IICIX,Voya Intermediate Bond I,Int-Term Inv. Grade,0.0036
KEYUF,Keyera Corp,Intl Large Blend,0.0
IMO,Imperial Oil Ltd,Intl Large Blend,0.0
DEUIX,Delaware US Growth Instl,US Large Growth,0.0081
MCLOX,BlackRock Global Allocation Inv C,** 35 US Large Blend / 23 Intl Large Blend / 32 Int-Term Inv. grade / 10 Cash/Money Market **,0.0182
PDMAX,Putnam Multi-Asset Absolute Return A,** 18 US Large Blend / 30 Intl Large Blend / 52 Int-Term Inv. Grade **,0.0101
IBDRY,Iberdrola SA ADR,Intl Large Blend,0.0
TGLS,Tecnoglass Inc,Emerging Small Blend,0.0
RRGIX,DWS RREEF Global Real Estate Secc Inst,** 50 US Mid Blend 50 Intl Mid Blend **,0.0095
JSCOX,Janus Henderson Small Cap Value I,US Small Value,0.0079
FARCX,Nuveen Real Estate Securities I,US Mid Blend,0.0102
RSYEX,Victory RS Small Cap Growth Y,US Small Growth,0.0113
DEVIX,"Delaware Small Cap Value Instl(USD,DEVIX)",US Small Value,0.0093
TIDDX,T. Rowe Price International Discovery I,** 2 US Mid Growth / 75 Intl Mid Growth / 20 Emerging Mid Growth / 3 Cash **,0.0109
RAGHX,Virtus KAR Health Sciences A,US Large Blend,0.0136
DFCEX,"DFA Emerging Markets Core Equity I(USD,DFCEX)",Emerging Large Blend,0.0053
CSHTX,AB Taxable Multi-Sector Income,Short-Term Inv. Grade,0.0
PRAFX,T. Rowe Price Real Assets,Non-Traditional,0.0081
ALIZY,Allianz SE ADR,Intl Large Value,0.0
AMADY,Amadeus IT Group SA ADR,Intl Large Growth,0.0
ARMK,Aramark,US Mid Blend,0.0
ARKAY,Arkema SA ADR,Intl Mid Value,0.0
ABBV,AbbVie Inc,US Large Value,0.0
XYLD,Global X S&P 500® Covered Call ETF,Non-Traditional,0.006
DFDIX,Delaware Smid Cap Growth Instl,US Mid Growth,0.0092
BLKB,Blackbaud Inc,US Small Growth,0.0
CGEMY,Capgemini SE ADR,Intl Large Blend,0.0
CHH,Choice Hotels International Inc,US Mid Blend,0.0
DCI,Donaldson Co Inc,US Mid Blend,0.0
ENLAY,Enel SpA ADR,Intl Large Value,0.0
FICO,Fair Isaac Corp,US Mid Growth,0.0
BSCN,Invesco BulletShares 2023 Corp Bd ETF,Short-Term Inv. Grade,0.001
DFE,Europe SmallCap Dividend Fund,Intl Small Value,0.0058
FTDR,Frontdoor Inc,US Small Growth,0.0
GDI,Gardner Denver Holdings Inc,US Mid Growth,0.0
IAA,IAA Inc Ordinary Shares,US Small Growth,0.0
KBCSY,KBC Group SA/NV ADR,Intl Large Value,0.0
KEX,Kirby Corp,US Mid Blend,0.0
FLTR,VanEck Investment Grd Fl Rt ETF,Bank Loans,0.0014
LZAGY,Lonza Group Ltd ADR,Intl Large Growth,0.0
MANH,Manhattan Associates Inc,US Mid Blend,0.0
DFEOX,"DFA US Core Equity 1 I(USD,DFEOX)",US Large Blend,0.0019
MORN,Morningstar Inc,US Mid Growth,0.0
DQJCY,Pan Pacific International Holdings Corp ADR,Intl Large Growth,0.0
POOL,Pool Corp,US Mid Growth,0.0
PB,Prosperity Bancshares Inc,US Mid Value,0.0
SERV,ServiceMaster Global Holdings Inc,US Mid Growth,0.0
GPC,Genuine Parts Co,US Mid Value,0.0
SMNNY,Shimano Inc ADR,Intl Large Growth,0.0
TTNDY,Techtronic Industries Co Ltd ADR,Emerging Large Blend,0.0
DFFVX,DFA US Targeted Value I,US Small Value,0.0029
TRU,TransUnion,US Mid Growth,0.0
TSRYY,Treasury Wine Estates Ltd ADR,Intl Mid Blend,0.0
TRMB,Trimble Inc,US Mid Blend,0.0
BLDIX,BlackRock Managed Income Institutional,** 15 US Large Blend / 5 Intl Large Blend / 76 Int-Term Inv. Grade / 4 Cash **,0.0044
DFGBX,"DFA Five-Year Global Fixed-Income I(USD,DFGBX)",World Bond,0.0027
JSDA,Jones Soda Co,US Micro,0.0
VLEEY,Valeo SA ADR,Intl Mid Value,0.0
WEX,WEX Inc,US Mid Growth,0.0
YNDX,Yandex NV Shs Class-A-,Intl Mid Growth,0.0
DFGEX,DFA Global Real Estate Securities Port,** 65 US Real Estate / 35 Intl Real Estate **,0.0024
PTTL,Pure Transit Technologies Inc,US Micro,0.0
TFC,Truist Financial Corp,US Large Value,0.0
MNDT,Mandiant Inc,US Small Growth,0.0
DFIEX,"DFA International Core Equity I(USD,DFIEX)",Intl Large Blend,0.003
FLVCX,Fidelity® Leveraged Company Stock,** 93 US Large Blend / 4 Intl Large Blend / 3 Cash ** ,0.0074
DFIN,Donnelley Financial Solutions Inc,US Small Value,0.0
FSMUX,Strategic Advisers Municipal Bond,** 97 Int-Term Inv. Grade / 3 Cash **,0.0025
SSBSX,State Street Target Retirement 2025 K,** 31 US Large Blend / 15 Intl Large Blend / 5 Emerging Large Blend / 46 Int-Term Inv. Grade / 3 Cash **,0.0009
EIVDX,Wells Fargo Classic Value Fund Admin,US Large Value,0.0095
OGVXX,JP Morgan U.S. government money market fund,Cash/Money Market,0.0
ORTFX,Aquila Tax-Free Trust of Oregon A,Int-Term Inv. Grade,0.007
MDISX,Franklin Mutual Global Discovery Z,**55 US Large Value / 45 Intl Large Value **,0.0098
MEURX,Franklin Mutual European Z,Intl Large Value,0.0104
DFIVX,DFA International Value I,Intl Large Value,0.0029
MAMAX,MFS Moderate Allocation A,** 41 US Large Growth / 15 Intl Large Growth / 41 Int-Term Inv. Grade / 3 Cash/Money Market **,0.0096
VSMGX,Vanguard LifeStrategy Moderate Gr Inv,** 36 US Large Blend / 23 Intl Large Blend / 41 Int-Term Inv. Grade **,0.0013
JLGMX,JPMorgan Large Cap Growth R6,** 93 US Large Growth / 7 Cash **,0.0044
JNGLX,Janus Henderson Global Life Sciences D,** 80 US Large Growth / 20 Intl Large Growth **,0.0082
DGDYX,BNY Mellon Global Dynamic Bond Inc - Y,Short-Term Inv. Grade,0.005
DPUAX,BNY Mellon US Equity A,US Large Growth,0.0115
NTHEX,Northeast Investors Trust,** 75 Int-Term Inv. Grade / 15 US Large Blend / 10 Cash/Money Market **,0.0147
POCAX,Pacific Funds Port Optim Mod A,** 20 US Large Blend / 7 Intl Large Blend / 65 Int-Term Inv. Grade / 8 Cash/Money Market **,0.0126
PRJPX,T. Rowe Price Japan,Intl Large Growth,0.0095
AIQUY,Air Liquide SA ADR,Intl Large Blend,0.0
AXTA,Axalta Coating Systems Ltd,US Mid Blend,0.0
DFJ,Japan SmallCap Fund,Intl Mid Value,0.0058
BBSEY,BB Seguridade Participacoes SA ADR,Emerging Large Value,0.0
HLTH,Cue Health Inc,US Small Growth,0.0
BDRFY,Beiersdorf AG ADR,Intl Large Growth,0.0
EHC,Encompass Health Corp,US Mid Blend,0.0
XNGSY,ENN Energy Holdings Ltd ADR,Emerging Large Growth,0.0
GMAB,Genmab A/S ADR,Intl Mid Growth,0.0
GBOOY,Grupo Financiero Banorte SAB de CV ADR,Emerging Large Value,0.0
KPCPY,Kasikornbank Public Co Ltd ADR,Emerging Large Value,0.0
MHGVY,Mowi ASA ADR,US Mid Growth,0.0
MRPLY,Mr Price Group Ltd ADR,Emerging Small Blend,0.0
NOV,National Oilwell Varco Inc,US Mid Blend,0.0
ABC,AmerisourceBergen Corp,US Large Value,0.0
VSVIX,Victory Integrity Small-Cap Value Y,US Small Value,0.0108
DFLVX,DFA US Large Cap Value I,US Large Value,0.0023
NTDOY,Nintendo Co Ltd ADR,Intl Large Growth,0.0
PNGAY,Ping An Insurance (Group) Co. of China Ltd ADR,Emerging Large Blend,0.0
PPERY,PT Bank Mandiri (Persero) Tbk ADR,Emerging Large Blend,0.0
SLLDY,Sanlam Ltd ADR,Emerging Mid Blend,0.0
SHECY,Shin-Etsu Chemical Co Ltd ADR,Intl Large Growth,0.0
SBNY,Signature Bank,US Mid Blend,0.0
TSCDY,Tesco PLC ADR,Intl Large Value,0.0
VST,Vistra Energy Corp,US Mid Blend,0.0
HTSXX,JPMorgan 100% U.S. Treasury Securities Money Market Fund,Cash/Money Market,0.0
FGKFX,Fidelity® Growth Company K6,** 94 US Large Growth / 4 Intl Large Growth / 2 Cash **,0.0045
DFQTX,"DFA US Core Equity 2 I(USD,DFQTX)",US Large Blend,0.0022
OEGAX,Invesco Discovery Mid Cap Growth A,US Mid Growth,0.0103
DFS,Discover Financial Services,US Large Value,0.0
GPIIX,Grandeur Peak International Opps Instl,Intl Small Growth,0.0137
DFSCX,DFA US Micro Cap I,US Micro,0.0041
TCVYX,Touchstone Mid Cap Value Y,US Mid Value,0.0098
DFSTX,DFA US Small Cap I,US Small Blend,0.0027
PBBBX,PIA BBB Bond,Int-Term Inv. Grade,0.0017
EMGAX,Wells Fargo Emerging Markets Equity A,Emerging Large Blend,0.0159
NWMXX,Wells Fargo National Tax-Free Money Market,Cash/Money Market,0.0
SGRAX,Wells Fargo Growth A,US Large Growth,0.0116
SOPVX,Allspring Opportunity A,** 90 US Large Growth / 10 Intl Large Growth **,0.0118
TGOPY,3i Group PLC ADR,Intl Large Value,0.0
STGXX,Wells Fargo Money Market Fund,Cash/Money Market,0.0
ALLY,Ally Financial Inc,US Mid Value,0.0
ERI,Eldorado Resorts Inc,US Mid Growth,0.0
PTLC,Pacer Trendpilot™ US Large Cap ETF,US Large Blend,0.006
DFSVX,"DFA US Small Cap Value I(USD,DFSVX)",US Small Value,0.0031
BTVCY,Britvic PLC ADR,Intl Mid Blend,0.0
DFVEX,DFA US Vector Equity I,US Mid Blend,0.0032
FSMNX,Fidelity® SAI Municipal Income,** 95 Int-Term Inv. Grade / 5 Cash **,0.0035
DNBBY,DNB Bank ASA ADR,Intl Large Value,0.0
DFVQX,DFA International Vector Equity I,Intl Mid Value,0.0049
NSMIX,Columbia Short Term Municipal Bond Inst,Int-Term Inv. Grade,0.0042
BICEY,Bic ADR,Intl Small Value,0.0
NNGRY,NN Group NV ADR,Intl Mid Value,0.0
CODYY,Compagnie de Saint-Gobain SA ADR,Intl Large Value,0.0
CRH,CRH PLC ADR,Intl Large Value,0.0
DNPLY,Dai Nippon Printing Co Ltd ADR,Intl Large Value,0.0
DORM,Dorman Products Inc,US Small Growth,0.0
ERJ,Embraer SA ADR,Emerging Mid Growth,0.0
ENIC,Enel Chile SA ADR,Emerging Mid Value,0.0
E,Eni SpA ADR,Emerging Large Value,0.0
DG,Dollar General Corp,US Large Growth,0.0
EPAM,EPAM Systems Inc,US Mid Growth,0.0
FPAFY,First Pacific Co Ltd ADR,Intl Mid Value,0.0
PSMMY,Persimmon PLC ADR,Intl Mid Value,0.0
GFSZY,G4S PLC ADR,Intl Mid Value,0.0
JSAIY,Sainsbury (J) PLC ADR,Intl Mid Value,0.0
MAKSY,Marks & Spencer Group PLC ADR,Intl Mid Value,0.0
MTZPY,Mitsubishi Tanabe Pharma Corp ADR,Intl Large Blend,0.0
MBT,Mobile TeleSystems PJSC ADR,Emerging Mid Value,0.0
MSADY,MS&AD Insurance Group Holdings Inc ADR,Intl Large Blend,0.0
PBR.A,Petroleo Brasileiro SA Petrobras ADR,Emerging Large Value,0.0
PKX,POSCO ADR,Intl Large Value,0.0
DGEIX,"DFA Global Equity I(USD,DGEIX)",** .7 US Large Value / .3 Intl Large Value **,0.003
RNLSY,Renault SA ADR,Intl Mid Value,0.0
PWCDF,Power Corporation of Canada,Intl Large Value,0.0
SBGSY,Schneider Electric SE ADR,Intl Large Blend,0.0
SHG,Shinhan Financial Group Co Ltd ADR,Intl Large Value,0.0
SUTNY,Sumitomo Mitsui Trust Holdings Inc ADR,Intl Large Value,0.0
SGTPY,Surgutneftegas PJSC ADR,Emerging Large Value,0.0
SWGAY,The Swatch Group AG ADR,Intl Mid Value,0.0
TAIPY,Taisho Pharmaceutical Holding Co Ltd ADR,Intl Mid Blend,0.0
TIIAY,Telecom Italia SpA ADR,Emerging Mid Value,0.0
MRWSY,Morrison (Wm) Supermarkets PLC ADR,Intl Mid Value,0.0
ABEV,AMBEV S A F SPONSORED ADR 1 ADR REPS 1 ORD SHS,Emerging Large Blend,0.0
SMFKY,Smurfit Kappa Group PLC ADR,Intl Mid Blend,0.0
DGX,QUEST DIAGNOSTICS INC,US Mid Value,0.0
RGCSX,Russell Inv Opportunistic Credit S,Non-traditional,0.0092
NSP,Insperity Inc,US Small Growth,0.0
PBF,PBF,US Small Value,0.0
SOBKY,SoftBank Corp ADR,Intl Large Blend,0.0
DHLSX,Diamond Hill Long-Short I,US Large Blend,0.0109
SKHHY,Sonic Healthcare Ltd ADR,Intl Large Blend,0.0
DHR,"Danaher Corp(USD,DHR)",US Large Blend,0.0
VUSUX,Vanguard Long-Term Treasury Admiral,Long-Term Treasury,0.001
VWETX,Vanguard Long-Term Investment-Grade Adm,Long-Term Inv. Grade,0.0012
GPN,GLOBAL PAYMENTS INC,US Large Growth,0.0
FSPHX,Fidelity Select Health Care,** 80 US Large Growth / 20 Intl Large Growth **,0.0071
FGTMX,Fidelity Advisor High Income I,High Yield,0.0078
FHKCX,Fidelity China Region,** 30 Intl Large Growth / 70 Emerging Large Growth **,0.0095
DHS,Equity Income Fund,US Large Value,0.0038
WAIGX,Wasatch International Growth Investor,Intl Mid Growth,0.0146
UOVEY,United Overseas Bank Ltd ADR,Emerging Large Value,0.0
INAP,Internap Corp,US Small Value,0.0
DIA,Dow Jones Industrial Average ETF,US Large Value,0.0017
RNR,RenaissanceRe Holdings Ltd,US Mid Blend,0.0
VGSH,Vanguard Short-Term Treasury ETF,Short-Term Treasury,0.0005
LIT,Global X Lithium & Battery Tech ETF,** 60 Intl Mid Blend / 40 US Mid Blend **,0.0075
DCMSX,DFA Commodity Strategy Institutional,Commodities,0.0032
MNA,IQ Merger Arbitrage ETF,Non-traditional,0.0077
UPMMY,UPM-Kymmene Oyj ADR,Intl Large Value,0.0
DIBRX,Dreyfus International Bond I,Int-Term Inv. Grade,0.0065
NHMAX,Nuveen High Yield Municipal Bond A,High Yield,0.0112
USTEX,USAA Tax Exempt Long-Term,Long-Term Inv. Grade,0.005
SWZNF,Schweizerische Nationalbank,Intl Small Blend,0.0
MNREX,Manning and Napier Real Estate S,US Real Estate,0.011
TWGGX,American Century Focused Global Gr Inv,** 60 US Large Growth / 40 Intl Large Growth **,0.0107
FSTFX,Fidelity CA Limited Term Tax-Free Bond Fund,** 98 Int-Term Inv. Grade / 2 Cash **,0.0029
VLVLY,Volvo AB ADR,Intl Large Blend,0.0
MPACX,Matthews Asia Growth Investor,** 40 Intl Large Growth / 50 Emerging Large Growth / 10 Cash **,0.011
AVUAX,American Century Mid Cap Value I,** 90 US Mid Value / 10 Intl Mid Value **,0.0078
MINHX,MFS International Intrinsic Value R4,** 20 US Large Growth / 80 Intl Large Growth **,0.0073
AST,Royal Oak Realty Trust,US Real Estate,0.0
WMBAX,Ivy Municipal Bond A,Int-Term Inv. Grade,0.0084
DIMIX,Dreyfus Short-Intermediate Muni Bd I,Short-Term Inv. Grade,0.0039
WSMAX,Wells Fargo Short-Term Municipal Bd A,Short-Term Inv. Grade,0.0063
TASCX,Third Avenue Small Cap Value Instl,** 95 US Small Value / 5 Intl Small Value **,0.0115
LSGLX,Loomis Sayles Global Bond Retail,Int-Term Inv. Grade,0.0095
XYIGY,Xinyi Glass Holdings Ltd ADR,Emerging Large Value,0.0
WCEAX,Ivy Core Equity A,** 95 US Large Blend / 5 Intl Large Blend **,0.0102
IATAX,Ivy Accumulative A,** 90 US Large Growth / 10 Intl Large Growth **,0.0111
IVINX,Ivy Global Growth A,** 45 US Large Growth / 55 Intl Large Growth **,0.0137
WLGAX,Ivy Large Cap Growth A,US Large Growth,0.0104
WMGAX,Ivy Mid Cap Growth A,US Mid Growth,0.0121
WSTAX,Ivy Science And Technology A,** 85 US Large Growth / 15 Intl Large Growth **,0.0119
DIPSX,"DFA Inflation-Protected Securities I(USD,DIPSX)",Inflation Protected,0.0012
CVGXX,Bank of America Money Market Reserves,Cash/Money Market,0.0
ARVL,Arrival,US Small Growth,
DIS,Walt Disney Co,US Large Value,0.0
ECC,Eagle Point Credit Company Inc.,US Micro,
DISH,DISH Network Corp Class A,US Mid Value,0.0
ETO,Eaton Vance Tax-Advantaged Global Dividend Opportunities Fund,** 40 US Large Blend / 60 Intl Large Blend **,0.01
PMNIX,PIMCO National Interm Muni Bond Instl,Int-Term Inv. Grade,0.0045
ATMOX,AQR TM Large Cap Momentum Style I,US Large Growth,0.004
ATSMX,AQR TM Small Cap Momentum Style I,US Small Growth,0.006
BBCA,JPMorgan BetaBuilders Canada ETF,Intl Large Blend,0.0019
BBAX,JPMorgan BetaBuilders Dev Asia ex-Japan ETF,Intl Large Blend,0.0019
BBEU,JPMorgan BetaBuilders Europe ETF,Intl Large Blend,0.0009
ABMD,Abiomed Inc,US Mid Growth,0.0
LPSN,"LivePerson, Inc.",US Small Value,
DISSX,Dreyfus Small Cap Stock Index Inv,US Small Blend,0.005
BBJP,JPMorgan BetaBuilders Japan ETF,Intl Large Blend,0.0019
CIUEX,Six Circles International Uncon Eq,Intl Large Blend,0.0022
CUSUX,Six Circles U.S. Unconstrained Equity,US Large Blend,0.0015
CUSDX,Six Circles Ulta Short Duration,Short-Term Inv. Grade,0.0023
WTRIX,Wells Fargo Core Bond R6,Int-Term Inv. Grade,0.0037
GBERY,Geberit AG ADR,Intl Large Blend,0.0
MTD,Mettler-Toledo International Inc,US Mid Growth,0.0
LOLDX,Lord Abbett Short Duration Income F3,Short-Term Inv. Grade,0.0032
BXMYX,Blackstone Alternative Multi-Strategy Y,** 30 US Large Growth / 70 High Yield **,0.0292
PID,Invesco International Div Achiev ETF,** 5 US Large Value / 95 Intl Large Value **,0.0056
JPELX,JPMorgan Tax Aware Equity R6,US Large Growth,0.0044
DISVX,DFA International Small Cap Value I,Intl Small Value,0.0043
FIQZX,Fidelity Advisors Interm Muni Inc Z,Int-Term Inv. Grade,0.0031
CUTAX,Six Circles Tax Awarew Ultra Short,Short-Term Inv. Grade,0.0022
TFEBX,American Funds tax Exempt Bond F3,Int-Term Inv. Grade,0.0026
WSSRX,Wells Farfo Short-term Municipal Bond R6,Short-Term Inv. Grade,0.0035
FHI,Federated Hermes Inc Class B,US Small Value,0.0
TRSSX,T. Rowe Price Instl Small-Cap Stock,** 95 US Small Growth / 5 Intl Small Growth **,0.0066
SVBAX,JHancock Balanced A,** 55 US Large Blend / 5 Intl Large Blend / 40 Int-Term Inv. Grade **,0.0106
FXIFX,Fidelity Freedom® Index 2030 Investor,** 35 US Large Blend / 23 Intl Large Blend / 42 Int-Term Inv. Grade **,0.0012
BTF,Valkyrie Bitcoin Strategy ETF,US Micro,0.0095
SKSEX,AMG Managers Skyline Special Equities N,US Small Value,0.0118
VEXRX,Vanguard Explorer Adm,US Mid Growth,0.0034
DJP,iPath® Bloomberg Cmdty TR ETN,Commodities,0.0075
BCI,Aberdeen Standard Blmb AllCmdStrK1Fr ETF,Non-traditional,0.0025
FTLS,First Trust Long/Short Equity ETF,Non-traditional,0.0159
QAI,IQ Hedge Multi-Strategy Tracker ETF,Non-traditional,0.008
REET,iShares Global REIT ETF,** 65 US Real Estate / 35 Intl Real Estate **,0.0014
WTMF,WisdomTree Managed Futures Strategy ETF,Non-traditional,0.0065
EQC,Equity Commonwealth,US Mid Value,0.0
GBIL,Goldman Sachs Access Treasury 0-1 Yr ETF,Short-Term Treasury,0.0012
AFTFX,"American Funds Tax-Exempt Bond F1(USD,AFTFX)",** 98 Int-Term Inv. Grade / 2 Cash **,0.0063
IQDF,FlexShares Intl Qual Div ETF,Intl Large Value,0.0047
ILF,iShares Latin America 40 ETF,Emerging Large Value,0.0048
AIAFX,Aberdeen Global Infrastructure A,** 35 US Large Blend / 65 Intl Large Blend **,0.0146
DLN,WisdomTree US LargeCap Dividend ETF,US Large Value,0.0028
GRX,Gabelli Health and Wellness,** 80 US Large Blend / 20 Intl Large Blend **,0.0161
SWRXX,Schwab Investor Money Fund,Cash/Money Market,0.0035
PEJ,Invesco Dynamic Leisure and Entertainment ETF,US Mid Blend,0.0063
IYK,iShares US Consumer Goods ETF,US Large Blend,0.0042
UVXY,ProShares Ultra VIX Short-Term Futures,Non-Traditional,0.0138
XHB,SPDR S&P Homebuilders ETF,US Mid Blend,0.0035
GPS,Gap Inc,US Mid Value,0.0
IASMX,Guinness Atkinson Asia Focus,** 50 Intl Large Blend / 50 Emerging Large Blend **,0.0199
PFTPX,PIMCO Low Duration Income I2,Short-Term Inv. Grade,0.006
PMZPX,PIMCO Mortgage Opportunities and Bd I-2,Non-traditional,0.0147
SDMZX,PGIM Short Duration Multi-Sector Bond Z,Short-Term Inv. Grade,0.0039
DLPH,DELPHI TECHNOLOGIES    F,Intl Small Value,0.0
ZS,Zscaler Inc,US Mid Growth,0.0
BKTSX,iShares Total US Stock Market Idx K,US Large Blend,0.0003
LIRIX,BlackRock LifePath® Index Retire Instl,** 25 US Large Blend / 15 Intl Large Blend / 60 Int-Term Inv. Grade  **,0.0015
ACWX,iShares MSCI ACWI ex US ETF,Intl Large Blend,0.0032
DVLIX,BNY Mellon Opportunistic Midcap Value I,** 92 Us Mid Blend / 8 Intl Mid Blend **,0.009
ARDC,Ares Dynamic Credit Allocation Fund,High Yield,0.0282
PFFA,Virtus InfraCap U.S. Preferred Stock ETF ,Preferred Stock,0.0121
MBXIX,Catalyst/Millburn Hedge Strategy I,Non-Traditional,0.0202
SGOIX,First Eagle Overseas I,** 75 Intl Large Blend / 15 Cash / 10 Non-Traditional **,0.0086
IYY,iShares Dow Jones US ETF,US Large Blend,0.002
TOTL,SPDR® DoubleLine Total Return Tact ETF,Int-Term Inv. Grade,0.0055
ASHPX,Virtus Newfleet Short Duration High Inc P,** 90 Short-Term Inv. Grade / 10 Cash **,0.0065
DLR,"Digital Realty Trust Inc(USD,DLR)",US Real Estate,0.0
OLTYX,Invesco Oppenheimer Ltd-Term Govt Y,Short-Term Treasury,0.005
PLIDX,Pacific Funds Core Income Adv,Int-Term Inv. Grade,0.0055
LGRRX,Loomis Sayles Growth A,** 80 US Large Growth / 20 Intl Large Growth **,0.0091
FBCVX,Fidelity® Blue Chip Value,** 85 US Large Value / 15 Intl Large Value **,0.0065
FURCF,Forvia SE,Intl Small Blend,
AEMGX,Acadian Emerging Markets Investor,Emerging Large Value,0.014
FSGGX,Fidelity® Global ex US Index,Intl Large Blend,0.0056
FSAJX,Fidelity® SAI Tax-Free Bond,Int-Term Inv. Grade,0.0025
MFIAX,MFS Municipal Income A,Int-Term Inv. Grade,0.0076
MMHAX,MainStay MacKay High Yield Muncpl Bd A,Int-Term Inv. Grade,0.0087
WMFDX,Wells Fargo Municipal Bond Admin,Int-Term Inv. Grade,0.006
DLS,WisdomTree International SmallCp Div ETF,Intl Small Value,0.0058
FSTAX,Fidelity Advisor® Strategic Income A,Int-Term Inv. Grade,0.0098
FCDTX,Strategic Advisers® Fidelity US TtlStk,** 90 US Large Blend / 10 Intl Large Blend **,0.0034
FMPXX,Fidelity Investments Money Market Fund,Cash/Money Market,0.0018
HTZ,"Hertz Global Holdings, Inc.",US Small Value,
SWIRX,Schwab Target 2035,** 50 US Large Blend / 25 Intl Large Blend / 25 Int-Term Inv. Grade **,0.006
IEZ,iShares US Oil Equipment and Services ETF,US Mid Value,0.0042
SEATX,SEI Tax-Advantaged Income F (STET),Int-Term Inv. Grade,0.0108
SEIMX,SEI Intermediate-Term Municipal F (STET),Int-Term Inv. Grade,0.008
SMINX,SEI Tax-Managed Intl Mgd Vol F (SMIT),Intl Large Value,0.014
SUMAX,SEI Short Duration Municipal F (STET),Short-Term Inv. Grade,0.0081
TFCAX,SEI Tax-Free Conservative Income F(SIMT),Short-Term Inv. Grade,0.0059
DLSNX,DOUBLELINE LOW DURATION BD N,Int-Term Inv. Grade,0.0068
TMLCX,SEI Tax-Managed Large Cap F (SIMT),US Large Blend,0.0091
TMMAX,SEI Tax-Managed Mgd Volatility F (SIMT),US Large Value,0.0123
LTRYX,Lord Abbett Total Return I,Int-Term Inv. Grade,0.0042
BREFX,Baron Real Estate Retail,** 90 US Mid Growth / 10 Intl Mid Growth **,0.0132
WAEMX,Wasatch Emerging Markets Small Cap Inv,Intl Mid Growth,0.0195
NEFRX,Loomis Sayles Core Plus Bond A,Int-Term Inv. Grade,0.0073
PPT,Putnam Premier Income Trust,** 60 Int-Term Inv. Grade / 40 High Yield **,0.0093
MBFAX,Wells Fargo Core Bond ,Int-Term Inv. Grade,0.0078
APRN,Blue Apron Holdings Inc Class A,US Small Value,0.0
BREW,Craft Brew Alliance Inc,US Small Blend,0.0
TRLGX,T. Rowe Price Instl Large Cap Growth,US Large Growth,0.0056
DLTNX,DoubleLine Total Return Bond N,High Yield,0.0072
BPRXX,American Century Investments Money Market,Cash/Money Market,0.0
HAGIX,Carillon Eagle Mid Cap Growth I,US Mid Growth,0.0072
dltr,"Dollar Tree Inc(USD,DLTR)",US Large Blend,0.0
FCAGX,Fidelity Advisor Small Cap Growth A,US Small Growth,0.0129
CMT,Core Molding Technologies Inc,US Micro,0.0
ABMIX,AMG Managers Fairpointe Mid Cap I,US Mid Value,0.0088
DLX,Deluxe Corp,US Mid Value,0.0
UBVFX,Undiscovered Managers Behavioral Val R6,US Small Value,0.008
DMLP,Dorchester Minerals LP,MLP,0.0
CDAY,Ceridian HCM Holding Inc,US Mid Growth,0.0
DMLRY,"Daimler AG ADR(USD,DMLRY)",Intl Large Value,0.0
DNHBY,DNB ASA F SPONSORED ADR 1 ADR REPS 1 ORD SHS,Intl Large Value,0.0
VKLIX,Invesco Intermediate Term Muni Inc Y,Int-Term Inv. Grade,0.0058
GREK,"Global X MSCI Greece ETF(USD,GREK)",Emerging Small Blend,0.0059
DNKN,DUNKIN BRANDS GROUP,US Mid Growth,0.0
FEQTX,Fidelity® Equity Dividend Income,** 85 US Large Value / 15 Intl Large Value **,0.006
ACSTX,Invesco Comstock A,** 89 US Large Value / 9 Intl Large Value / 2 Cash **,0.0081
APDQX,Artisan Mid Cap Value Advisor,** 91 US Mid Value / 5 Intl Mid Value / 4 Cash **,0.0107
TORIX,Tortoise MLP & Pipeline Instl,** 75 US Large Value / 25 Intl Large Value **,0.0093
OPTFX,Invesco Oppenheimer Capital Apprec A,** 87 US Large Growth / 13 Intl Large Growth **,0.0105
DNOW,NOW Inc,US Small Value,0.0
EPGAX,Fidelity Advisor® Equity Growth A,** 88 US Large Growth / 12 Intl Large Growth **,0.0101
DCUSX,DWS CROCI US S,US Large Value,0.0067
FDBIX,Federated Bond Instl,Int-Term Inv. Grade,0.0061
PRXEX,T. Rowe Price New Income I,Int-Term Inv. Grade,0.0033
TRBUX,T. Rowe Price Ultra Short-Term Bond,** 80 Int-Term Inv. Grade / 20 Cash/Money Market **,0.0032
SPMB,SPDR® Portfolio Mortgage Backed Bond ETF,Int-Term Inv. Grade,0.0006
REYN,Reynolds Consumer Products Inc Ordinary Shares,US Mid Growth,0.0
STLJF,Stella-Jones Inc,Intl Small Blend,0.0
TT,TT Electronics PLC,Intl Small Blend,0.0
XT,iShares Exponential Technologies ETF,** 60 US Large Growth / 40 Intl Large Growth **,0.0047
USSCX,USAA Science & Technology,** 90 US Large Growth / 10 Intl Large Growth **,0.0106
DO,Diamond Offshore Drilling Inc,US Small Value,0.0
PARNX,Parnassus Mid Cap Growth Investor,** 93 US Mid Growth / 7 Intl Mid Growth **,0.008
GMED,Globus Medical Inc Class A,US Mid Growth,0.0
AVNT,Avient Corp,US Small Blend,0.0
HLX,Helix Energy Solutions Group Inc,US Small Value,0.0
LCI,Lannett Co Inc,US Small Value,0.0
RXN,Rexnord Corp,US Small Blend,0.0
MVO,MV Oil Trust,US Small Value,0.0
DIG,ProShares Ultra Oil & Gas,Commodities,0.0095
VTWO,Vanguard Russell 2000 ETF,US Small Blend,0.001
WASYX,Ivy Asset Strategy Y,** 35 US Large Blend / 35 Intl Large Blend / 30 Int-Term Inv. Grade **,0.0109
PQIAX,Principal Equity Income A,** 85 US Large Value / 15 Intl Large Value **,0.0091
DOC,Physicians Realty Trust,US Real Estate,0.0
MLNTQ,Melinta Therapeutics Inc,US Small Value,0.0
VRT,Vertiv Holdings Co Class A,US Small Blend,0.0
GEO,The GEO Group Inc,US Small Value,0.0
AIMOX,AQR International Momentum Style I,Intl Large Growth,0.0055
AMOMX,AQR Large Cap Momentum Style I,US Large Growth,0.004
ASMOX,AQR Small Cap Momentum Style I,US Small Growth,0.006
DIHRX,DFA Intl Hi Relatv Profitability Instl,Intl Large Blend,0.0035
DURPX,DFA US Hi Relatv Profitability Instl,US Large Blend,0.0025
DSCGX,DFA US Small Cap Growth Instl,US Small Growth,0.0037
EMGF,iShares Edge MSCI Multifactor EmMkts ETF,Intl Large Blend,0.0045
ANAGX,AB Global Bond A,Int-Term Inv. Grade,0.0081
DODBX,Dodge & Cox Balanced,** 60 US Large Blend / 40 Int-Term Inv. Grade **,0.0053
IFLY,ETFMG Drone Economy Strategy ETF,** 50 US Mid Growth / 45 Intl Mid Growth / 5 Int-Term Inv. Grade **,0.0075
ILPT,Industrial Logistics Properties Trust,US Small Value,0.0
NIO,NIO Inc ADR,Emerging Small Growth,0.0
RP,RealPage Inc,US Mid Growth,0.0
DRNYX,BNY Mellon New York Tax Exempt Bond,Int-Term Inv. Grade,0.0078
OPP,RiverNorth/DoubleLine Strategic Opp Fund,** 90 Int-Term Inv. Grade / 10 Cash/Money Market **,0.0316
MWCRX,Metropolitan West Unconstrained Bd M,** 90 Short-Term Inv. Grade / 10 Cash **,0.0103
ARTQX,Artisan Mid Cap Value Investor,** 95 US Mid Value / 5 Intl Mid Value **,0.0121
RPXFX,RiverPark Large Growth Retail,US Large Growth,0.0123
TGIGX,TCW Relative Value Dividend Apprec N,** 90 US Large Value / 10 Intl Large Value **,0.009
GVI,iShares Intermediate Govt/Crdt Bd ETF,Int-Term Inv. Grade,0.002
DODFX,Dodge & Cox International Stock I,Intl Large Value,0.0062
ZWS,Zurn Elkay Water Solutions Corp,US Small Blend,0.0
ABNDX,"American Funds Bond Fund of Amer A(USD,ABNDX)",Int-Term Inv. Grade,0.006
DODGX,Dodge & Cox Stock,** 88 US Large Value / 12 Intl Large Value **,0.0051
BSPIX,iShares S&P 500 Index Institutional,US Large Blend,0.001
DODIX,Dodge & Cox Income I ,Long-Term Inv. Grade,0.0041
CTRA,Coterra Energy Inc,US Mid Blend,0.0
ALV,Autoliv Inc,Intl Large Blend,0.0
MSM,MSC Industrial Direct Co Inc Class A,US Small Blend,0.0
TX,Ternium SA ADR,Intl Small Blend,0.0
VIAC,ViacomCBS Inc Class B,US Mid Value,0.0
DODWX,"Dodge & Cox Global Stock(USD,DODWX)",** 45 US Large Value / 45 Intl Large Value / 10 Emerging Large Value **,0.0063
SPHD,Invesco S&P 500® High Div Low Vol ETF,US Large Value,0.003
WDIV,SPDR® S&P Global Dividend ETF,** 80 Intl Mid Value / 20 US Mid Value **,0.004
FULLX,Federated UltraShort Bond R6,Short-Term Inv. Grade,0.0036
IART,Integra Lifesciences Holdings Corp,US Small Value,0.0
LPXIX,Cohen & Steers Low Duration Pref & Inc I,High Yield,0.006
IALAX,Transamerica Capital Growth A,** 80 US Mid Growth / 20 Intl Mid Growth **,0.0101
ARBNX,ARBITRAGE FUND CLASS I,Non-Traditional,0.011
MWCIX,METROPOLITAN WEST FDS,Non-Traditional,0.0075
DON,"WisdomTree US MidCap Dividend ETF(USD,DON)",US Mid Value,0.0038
SVALX,Federated Strategic Value Dividend R6,** 75 US Large Value / 25 Intl Large Value **,0.0079
PDP,Invesco DWA Momentum ETF,US Large Growth,0.0062
WATFX,Western Asset Core Bond I,Int-Term Inv. Grade,0.0045
BLVAX,BMO Low Volatility Equity A,US Large Value,0.009
GS,Goldman Sachs Group Inc,US Large Value,0.0
VSFAX,Federated Clover Small Value A,US Small Value,0.0127
NSGRX,Northern Small Cap Core,US Small Blend,0.0065
SSAIX,State Street International Stock Sel N,Intl Large Value,0.01
CBEAX,Wells Fargo C&B Large Cap Value A,US Large Value,0.0108
FDM,First Trust Dow Jones Sel MicroCap ETF,US Micro,0.006
ANDIX,AQR International Defensive Style I,Intl Large Blend,0.0055
DOX,Amdocs Ltd,US Mid Value,0.0
APDSX,Artisan Small Cap Advisor,** 95 US Mid Growth / 5 Intl Mid Growth **,0.0109
CSGTX,Transamerica Small Cap Growth C,** 92 US Small Growth / 2 Intl Small Growth / 6 Cash **,0.0208
DPFFX,Delaware Diversified Income Instl CL,High Yield,0.0045
USCRX,USAA Cornerstone Moderately Agrsv,** 33 US Large Blend / 20 Intl Large Blend / 5 Emerging Large Blend / 40 Short-Term Inv. Grade / 2 Cash **,0.0108
C.PRN,CITIGROUP CAP 7.6811%PFD DUE 10/30/40 SUBJ TO XTRO REDEMPTION,Preferred Stock,0.0
JPM.PRB,JPMORGAN CHASE &  VAR,Preferred Stock,0.0
NGHCZ,NTNL GENERAL H 7.625%PFD DUE 09/15/55 SUBJ TO XTRO REDEMPTION,Preferred Stock,0.0
UZC,US CELLULAR COR 7.25%PFD DUE 12/01/64 SUBJ TO XTRO REDEMPTION,Preferred Stock,0.0
DPSGY,DEUTSCHE POST AG F SPONSORED ADR 1 ADR REPS 1 ORD SHS,Intl Large Blend,0.0
MGGIX,Morgan Stanley Inst Global Opp I,** 51 US Large Growth / 26 Intl Large Growth / 20 Emerging Large Growth / 3 Cash **,0.0092
DMBIX,BNY Mellon AMT-Free Municipal Bond 1,Int-Term Inv. Grade,0.0
VLIIX,Value Line Capital Appreciate Instl,** 78 US Large Growth / 2 Intl Large Growth / 13 Int-Term Inv. Grade / 7 Cash **,0.008
PBDIX,T. Rowe Price US Bond Enhanced Index,Int-Term Inv. Grade,0.003
CIM.PRB,CHIMERA INVESTME 8% PFD PFD SER B,Preferred Stock,0.0
GBLIL,GLOBAL INDEMNI 7.875%PFD DUE 04/15/47 SUBJ TO XTRO REDEMPTION,Preferred Stock,0.0
HWDYX,Hartford World Bond Y,** 40 Short-Term Inv. Grade / 50 Int-Term Inv. Grade / 10 Long-Term Inv. Grade **,0.0072
DNZOY,Denso Corporation,Intl Large Blend,0.0
MVCD,"MVC CAPITAL, IN 6.25%PFD DUE 11/30/22 SUBJ TO XTRO REDEMPTION",Preferred Stock,0.0
PMT.PRA,PENNYMAC MOR 8.125% PFD PFD SER A,Preferred Stock,0.0
QVCC,"QVC, INC. 6.25%PFD DUE 11/26/68 SUBJ TO XTRO REDEMPTION",Preferred Stock,0.0
CTDD,QWEST CORP 6.75%PFD DUE 06/15/57 SUBJ TO XTRO REDEMPTION,Preferred Stock,0.0
RCB,READY CAPITAL CO 6.2%PFD DUE 07/30/26 SUBJ TO XTRO REDEMPTION,Preferred Stock,0.0
SCE.PRJ,SCE TRUST IV 5.375% PFD PFD SER J,Preferred Stock,0.0
SRG.PRA,SERITAGE GROWTH 7% PFD PFD SER A,Preferred Stock,0.0
GS.PRJ,THE GOLDMAN SA 5.5% PFD PFD SER J,Preferred Stock,0.0
WFC.PRQ,WELLS FARGO & 5.85% PFD PFD SER Q,Preferred Stock,0.0
DIFIX,MFS Diversified Income I,** 24 US Large Value / 7 Intl Large Value / 2 Emerging Large Value / 35 Int-Term Inv. Grade / 30 High Yield / 2 Cash **,0.0073
DRD,"DRDGold Ltd ADR(USD,DRD)",Emerging Small Value,0.0
NSTLX,Neuberger Berman Strategic Income I,** 50 Int-Term Inv. Grade / 50 High Yield **,0.006
ABNFX,"American Funds Bond Fund of Amer F2(USD,ABNFX)",Int-Term Inv. Grade,0.0033
DREGX,"Driehaus Emerging Markets Growth Inv(USD,DREGX)",** 75 Emerging Large Blend / 25 Intl Large Blend **,0.013
DHR/GC,DANAHER CORP 0%21 CONV BONDS DUE 01/22/21,Int-Term Inv. Grade,0.0
EKWDX,Allspring Precious Metals Admin,** 12 US Mid Blend / 75 Intl Mid Blend / 10 Emerging Mid Blend / 3 Cash **,0.0095
DRGMX,DREYFUS US MORTGAGE FD Z,Bank Loans,0.0096
FXIDX,PIMCO Fixed Shares LD,Int-Term Treasury,0.0231
FFRIX,Fidelity Advisor® Floating Rate Hi Inc I,Bank Loans,0.0072
DRI,"Darden Restaurants Inc(USD,DRI)",US Mid Blend,0.0
PTTPX,PIMCO Total Return I2,Int-Term Inv. Grade,0.0056
DSCVX,Dreyfus Opportunistic Small Cap Inv,US Small Blend,0.011
GSCIX,ABERDEEN US SM CAP EQTY FD INST CL,US Small Growth,0.011
FSPTX,Fidelity® Select Technology,** 90 US Large Growth / 10 Intl Large Growth **,0.0067
AGNCP,AGNC INVESTM 6.125% PFD,Preferred Stock,0.0
AGNCO,AGNC INVESTMEN 6.5% PFD,Preferred Stock,0.0
AEL.A,AIR LEASE COR 6.15% PFD,Preferred Stock,0.0
dsdvy,"DSV A/S ADR(USD,DSDVY)",Intl Large Growth,0.0
NLY.I,ANNALY CAPITA 6.75% PFD,Preferred Stock,0.0
AHL.E,ASPEN INSURA 5.625% PFD,Preferred Stock,0.0
BIAPX,BlackRock 80/20 Target Allocation Instl,** 64 US Large Blend / 15 Intl Large Blend / 4 Emerging Large Blend / 12 Int-Term Inv. Grade / 5 Cash **,0.0033
T.C,AT&T INC. 4.75% PFD,Preferred Stock,0.0
ATH.B,ATHENE HOLDI 5.625% PFD,Preferred Stock,0.0
ATH.A,ATHENE HOLDIN 6.35% PFD,Preferred Stock,0.0
COF.I,CAPITAL ONE FINL 5% PFD,Preferred Stock,0.0
DLR.L,DIGIT AL REAL TY 5.2% PFD,Preferred Stock,0.0
EQH.A,EQUITABLE HLC 5.25% PFC,Preferred Stock,0.0
FITBP,FIFTH THIRD 6.625% PFC,Preferred Stock,0.0
JPM.G,JPMORGAN CHASE 6.1% PFD,Preferred Stock,0.0
DSEEX,DoubleLine Shiller Enhanced CAPE ,US Small Value,0.0056
SR.A,SPIRE INC. 5.9% PFD,Preferred Stock,0.0
FCGAX,Franklin Growth Adv,** 94 US Large Growth / 6 Intl Large Growth **,0.0054
SNV.E,SYNOVUS FINL 5.875% PFD,Preferred Stock,0.0
ALL.H,THE ALLSTATE C 5.1% PFD,Preferred Stock,0.0
WFC.X,WELLS FARGO & 5.5% PFD,Preferred Stock,0.0
WFC.Z,WELLS FARGO & 4.75% PFD,Preferred Stock,0.0
WFC.V,WELLS FARGO & CO 6% PFD,Preferred Stock,0.0
ZIONO,"ZIONS BANCORP, 6.3% PFD",Preferred Stock,0.0
AQNB,ALGONQUIN POWER 6.2%PFD,Preferred Stock,0.0
BAC.N,BANK OF AMERICA 5% PFD,Preferred Stock,0.0
CLNY.J,COLONY CAPIT 7.125% PFD,Preferred Stock,0.0
DSX,Diana Shipping Inc,Emerging Small Value,0.0
VRTTX,Vanguard Russell 3000 Index I,** 91 US Large Blend / 9 Cash **,0.0008
DLR.C,DIGITAL REAL 6.625% PFD,Preferred Stock,0.0
GNL.A,GLOBAL NET LEAS 7.25%PFD,Preferred Stock,0.0
GL.C,GLOBE LIFE INC 6.125%PFD,Preferred Stock,0.0
ALLY.A,GMAC CAPITAL T 8.125%PFD,Preferred Stock,0.0
INKCP,IBERIABANK C 6.625% PFD,Preferred Stock,0.0
NEE.N,NEXTERA ENERGY 5.65%PFD,Preferred Stock,0.0
NRUC,NTNL RURAL UTILI 5.5%PFD,Preferred Stock,0.0
PRE.H,PARTNERRE LTD 7.25% PFD,Preferred Stock,0.0
PRE.G,PARTNERRE LTD. 6.5% PFD,Preferred Stock,0.0
PSB.Z,PS BUSINESS 4.875% PFD,Preferred Stock,0.0
HGIYX,Hartford Core Equity Y,US Large Growth,0.0045
DTE,"DTE Energy Co(USD,DTE)",US Large Value,0.0
SJIJ,SOUTH JERSEY I 5.625%PFD,Preferred Stock,0.0
TCFCP,TCF FINL CORP 5.7% PFD,Preferred Stock,0.0
ALL.B,THE ALLSTATE COR 5.1%PFD,Preferred Stock,0.0
SOJD,THE SOUTHERN CO 4.95%PFD,Preferred Stock,0.0
WRB.F,W.R. BERKLEY CO 5.1%PFD,Preferred Stock,0.0
VTWAX,Vanguard Total World Stock Index Admiral,** 55 US Large Blend / 45 Intl Large Blend **,0.001
IDLV,Invesco S&P Intl Dev Low Vol ETF,Intl Large Value,0.0025
OLCAX,Invesco OppenheimerRchsLitdTm CA Mncpl A,Int-Term Inv. Grade,0.0093
MAPCX,BlackRock Sustainable Em Mkts Eq Ins,Emerging Large Blend,0.0086
DTH,WisdomTree International High Dividend Fund,Intl Large Value,0.0058
FMB,First Trust Managed Municipal ETF,Int-Term Inv. Grade,0.005
MMTM,SPDR® S&P 1500 Momentum Tilt ETF,US Large Blend,0.0012
SMLV,SPDR® SSGA US Small Cap Low Volatil ETF,US Small Blend,0.0012
BYLD,iShares Yield Optimized Bond ETF,Int-Term Inv. Grade,0.002
CELJF,Cellcom Israel Ltd,Intl Small Growth,0.0
DTMIX,DFA Tax Managed International Value,Intl Large Value,0.0053
PGIAX,Putnam Focused Equity A,** 85 US Large Blend / 12 Intl Large Blend / 3 Cash **,0.0115
ABT,Abbott Laboratories,US Large Growth,0.0
DTN,"WisdomTree US Dividend ex-Financials ETF(USD,DTN)",US Large Value,0.0038
PSDIX,PIMCO Short-Duration Muni Income Inst,** 89 Short-Term Inv. Grade / 11 Cash **,0.0033
TA,TravelCenters Of America Inc,US Small Value,0.0
DUK,Duke Energy Corp,US Large Value,0.0
SCEMX,DWS Emerging Markets Fixed Income S,Emerging Market Debt,0.0088
DVA,DaVita Inc,US Mid Value,0.0
OPI,Office Properties Income Trust,US Real Estate,0.0
DVMT,"Dell-VMWare Tracking Stock V(USD,DVMT)",US Mid Blend,0.0
AOBC,American Outdoor Brands Corp,US Small Blend,0.0
AEIS,Advanced Energy Industries Inc,US Small Blend,0.0
GSDIX,Goldman Sachs Emerging Markets Dbt Instl,High Yield,0.0086
ALSN,Allison Transmission Holdings Inc,US Small Blend,0.0
BAK,Braskem SA ADR repr Class A,Emerging Mid Value,0.0
GIB,CGI Inc Class A,Intl Large Growth,0.0
PAC,Grupo Aeroportuario del Pacifico SAB de CV ADR,Emerging Mid Growth,0.0
MOMO,Momo Inc ADR,Emerging Mid Growth,0.0
OSB,Norbord Inc,Intl Small Growth,0.0
VEDL,Vedanta Ltd ADR,Emerging Mid Value,0.0
ASAIX,AQR Multi-Strategy Alternative I,Non-Traditional,0.019
DVN,DEVON ENERGY CORPORATION,US Large Blend,0.0
IMPLX,ERShares US Large Cap Fund™ Inst,US Large Growth,0.0076
CAYAX,American Century CA High Yield Muni A,High Yield,0.0074
CEIX,CONSOL Energy Inc Ordinary Shares,US Small Value,0.0
CMRE,Costamare Inc,Intl Small Value,0.0
AG,First Majestic Silver Corp,Intl Small Growth,0.0
GOGL,Golden Ocean Group Ltd,Intl Small Blend,0.0
JOUT,Johnson Outdoors Inc Class A,US Small Growth,0.0
ODP,Office Depot Inc,US Small Value,0.0
POR,Portland General Electric Co,US Mid Value,0.0
HEWJ,iShares Currency Hedged MSCI Japan ETF,Non-Traditional,0.0049
DVY,iShares Select Dividend ETF,US Large Value,0.0039
BASIX,BlackRock Strategic Income Opps Inv A,Short-Term Inv. Grade,0.0091
GTDDX,Invesco Developing Markets A,Emerging Large Blend,0.0138
JRSTX,Janus Henderson US Managed Volatility T,Non-Traditional,0.008
GOOD,Gladstone Commercial Corp,US Small Value,0.0
WSR,Whitestone REIT Class B,US Real Estate,0.0
DVTAX,Delaware Tax-Free CA A,Int-Term Inv. Grade,0.0082
DVYE,"iShares Emerging Markets Dividend ETF(USD,DVYE)",Emerging Mid Value,0.0049
NOTAX,DWS Strategic High Yield Tax-Free A,High Yield,0.0088
DWAHY,Daiwa House Industry Co Ltd ADR,US Large Blend,0.0
LIGRX,Loomis Sayles Investment Grade Bond A,Int-Term Inv. Grade,0.0075
ATCO.G,Atlas Corp 8.2% PFD,Preferred Stock,0.0
CIM.C,CHIMERA INVESTME 8% PFD,Preferred Stock,0.0
DWDP,DowDuPont Inc,US Large Value,0.0
RLJ.A,RLJ LODGING TRU 7.8% PFD,Preferred Stock,0.0
SPKEP,SPARK ENERGY 8.75% PFD,Preferred Stock,0.0
XAN.C,EXANTAS CAPI 8.625% PFD,Preferred Stock,0.0
TGP.A,TEEKAY LNG PARTN 9% PFD,Preferred Stock,0.0
UMH.C,UMH PROPERTIES 6.75%,Preferred Stock,0.0
RILYH,"B. RILEY FINL, 7.375%PFD",Preferred Stock,0.0
BANC.D,BANC OF CALI 7.375% PFD,Preferred Stock,0.0
MASAX,MainStay MacKay Strategic Bond A,** 50 Short-Term Inv. Grade / 25 High Yield / 25 Cash **,0.0108
BC.A,BRUNSWICK CORP 6.5%PFD,Preferred Stock,0.0
BC.B,BRUNSWICK CORP 6.625%PFD,Preferred Stock,0.0
CAI.B,"CAI INTERNTNL, 8.5% PFD",Preferred Stock,0.0
DWUSX,DFA World ex US Targeted Val Instl,Intl Small Value,0.0067
CHMI.B,CHERRY HILL MOR 8.25%PFD,Preferred Stock,0.0
CIM.D,CHIMERA INVESTME 8% PFD,Preferred Stock,0.0
GOODN,GLADSTONE CO 6.625% PFD,Preferred Stock,0.0
KKR.A,KKR & CO. INC 6.75% PFD,Preferred Stock,0.0
TRTN.B,TRITON INTERNTNL 8% PFD,Preferred Stock,0.0
TWO.A,TWO HARBORS 8.125% PFD,Preferred Stock,0.0
PHMIX,PIMCO High Yield Municipal Bond I,** 91 High Yield / 9 Cash **,0.006
DAGVX,BNY Mellon Dynamic Value Fund A,** 95 US Large Value / 5 Intl Large Value **,0.0093
ABVYX,AB VALUE FUND- ADV(1),** .9 US Large Value / .1 Intl Large Value **,0.0072
DWX,SPDR® S&P International Dividend ETF,Intl Large Value,0.0045
DRGTX,AllianzGI Technology Institutional,** 85 US Large Growth / 15 Cash **,0.0121
WBSIX,William Blair Small Cap Growth I,** 90 US Small Growth / 10 Intl Small Growth **,0.0125
NOMIX,Northern Mid Cap Index,US Mid Blend,0.0015
EXTGX,Eaton Vance Tx-Mgd Growth 1.2 A,** 98 US Large Growth / 2 Intl Large Growth **,0.0088
VLEOX,Value Line Small Cap Opportunities Inv,US Small Growth,0.0021
BZLYF,Beazley PLC,Intl Mid Growth,0.0
HEQ,JH Hedged Equity & Income Fund,Non-Traditional,0.0115
DXC,DXC Technology Co,US Large Value,0.0
MFWTX,MFS Global Total Return A,** 33 US Large Value / 26 Intl Large Value / 30 Int-Term Inv. Grade / 11 Cash **,0.0109
DXCM,DexCom Inc,US Mid Growth,0.0
AWR,American States Water Co,US Small Blend,0.0
DXJ,WisdomTree Japan Hedged Equity ETF,Intl Large Value,0.0048
IVFIX,FEDERATED INTL STRATEGIC VALUE DIV INST,Intl Large Value,0.0086
GSELX,GOLDMAN SACHS US EQTY INSIGHTS I,US Large Blend,0.0056
XSD,SPDR S&P SEMICONDUCTOR  ETF,** 92 US Mid Growth / 8 Intl Mid Growth **,0.0035
GUIRX,Goldman Sachs Dynamic Municipal Inc Inv,** 85 Int-Term Inv. Grade / 15 High Yield **,0.005
HBLIX,Hartford Balanced Income I,** 40 US Large Value / 5 Intl Large Value / 55 Int-Term Inv. Grade **,0.0065
OTCIX,MFS Mid Cap Growth I,** 92 US Mid Growth / 8 Intl Mid Growth **,0.0084
FEX,First Trust Large Cap Core AlphaDEX® ETF,US Large Blend,0.006
RODM,Hartford Multifactor Dev Mkts (exUS) ETF,Intl Large Value,0.0029
NCRLX,Neuberger Berman Core Bond Inst,Int-Term Inv. Grade,0.0039
PULS,PGIM Ultra Short Bond ETF,Short-Term Inv. Grade,0.0015
DWM,WisdomTree International Equity ETF,Intl Large Value,0.0048
EA,Electronic Arts Inc,US Large Growth,0.0
ABCB,Ameris Bancorp,US Small Value,0.0
FPEI,First Trust Instl Pref Secs and Inc ETF,Preferred Stock,0.0085
USFR,WisdomTree Floating Rate Treasury ETF,Short-Term Treasury,0.0015
MLPI,UBS ETRACS Alerian MLP Infras ETN,Non-Traditional,0.0085
BBWI,Bath & Body Works Inc,US Mid Value,0.0
EADSY,AIRBUS GROUP F SPONSORED ADR 1 ADR REP 0.25 ORD SHS,Intl Large Growth,0.0
GSRIX,Goldman Sachs Rising Dividend Gr Inv,US Large Value,0.0087
GSINX,Goldman Sachs GQG Ptnrs Intl Opps Inv,** 85 Intl Large Growth / 15 US Large Growth **,0.0098
DSL,DoubleLine Income Solutions,World Bond,0.03
FCT,First Trust Senior FR Income II,Bank Loans,0.0253
CWGL,Crimson Wine Group Ltd,US Micro,0.0
FTRCQ,Frontier Communications Corp Class B,US Small Value,0.0
LMBS,First Trust Low Duration Oppos ETF,** 90 Long-Term Inv. Grade / 10 Short-Term Inv. Grade **,0.0066
CVLT,CommVault Systems Inc,US Small Blend,0.0
EILDX,Eaton Vance Short Duration Gov Inc I,Short-Term Treasury,0.006
EAEmergingX,,** .22 Intl Large Blend / .78 Emerging Large Blend **,0.0138
GEMIX,Goldman Sachs Emerging Markets Eq Instl,Emerging Large Blend,0.0103
QFVIX,Pear Tree Polaris Foreign Value Instl,Intl Large Value,0.0104
AUDC,AudioCodes Ltd,Intl Small Growth,0.0
BGSF,BG Staffing Inc,US Small Blend,0.0
CSWC,Capital Southwest Corp,US Small Value,0.0
CHCT,Community Healthcare Trust Inc,US Small Growth,0.0
CPRT,Copart Inc,US Mid Growth,0.0
CYBR,CyberArk Software Ltd,Intl Mid Growth,0.0
DAR,Darling Ingredients Inc,US Mid Blend,0.0
APPS,Digital Turbine Inc,US Small Growth,0.0
AJX,Great Ajax Corp,US Small Value,0.0
EAEMX,Parametric Emerging Markets Investor,Intl Large Value,0.0137
KNSL,Kinsale Capital Group Inc,US Small Growth,0.0
LDOS,Leidos Holdings Inc,US Mid Blend,0.0
LFVN,Lifevantage Corp,US Micro,0.0
MEDP,Medpace Holdings Inc,US Small Growth,0.0
EDU,New Oriental Education & Technology Group Inc ADR,Intl Mid Growth,0.0
PFSI,PennyMac Financial Services Inc Class A,US Small Value,0.0
POWI,Power Integrations Inc,US Small Growth,0.0
EPRT,Essential Properties Realty Trust Inc,US Real Estate,0.0
RGEN,Repligen Corp,US Mid Growth,0.0
KRMD,Repro-Med Systems Inc,US Small Growth,0.0
SAFE,Safehold Inc,US Small Growth,0.0
EAFAX,"Eaton Vance Floating-Rate Advantage A(USD,EAFAX)",Bank Loans,0.0128
SPNS,Sapiens International Corp NV,Intl Small Growth,0.0
VIPS,Vipshop Holdings Ltd ADR,Emerging Large Blend,0.0
XPEL,XPEL Inc,US Small Growth,0.0
ZTO,ZTO Express (Cayman) Inc ADR,Emerging Large Blend,0.0
FRO,Frontline Ltd,Intl Small Value,0.0
LADR,Ladder Capital Corp Class A,US Small Value,0.0
EXPI,eXp World Holdings Inc,US Small Growth,0.0
NGVT,Ingevity Corp,US Small Blend,0.0
ACFOX,American Century Focused Dynamic Gr Inv,** 95 US Large Growth / 5 Intl Large Growth **,0.0085
BIOPX,Baron Opportunity Retail,** 80 US Large Growth / 15 Intl Large Growth / 5 Cash **,0.0134
BMGAX,BlackRock Mid-Cap Growth Equity Inv A,** 90 US Mid Growth / 10 Intl Mid Growth **,0.0105
LCLAX,ClearBridge Select A,** 90 US Mid Growth / 10 Intl Mid Growth **,0.0135
EAT,"Brinker International Inc(USD,EAT)",US Small Value,0.0
CGOAX,Columbia Small Cap Growth I A,US Small Growth,0.0131
DFDMX,DF Dent Midcap Growth Investor,** 95 US Mid Growth / 5 Intl Mid Growth **,0.0098
NESGX,Needham Small Cap Growth Retail,** 87 US Small Growth / 13 Cash **,0.019
NMAVX,Nuance Mid Cap Value Investor,** 75 US Mid Value / 15 Intl Mid Value / 10 Cash **,0.0119
VLIFX,Value Line Mid Cap Focused,** 95 US Mid Growth / 5 Intl Mid Growth **,0.0111
IBKR,Interactive Brokers Group Inc Class A,US Small Blend,0.0
PHSKX,Virtus KAR Mid-Cap Growth A,** 83 US Mid Growth / 10 Intl Mid Growth / 7 Cash **,0.0141
CMC,Commercial Metals Co,US Small Value,0.0
ABX,"Barrick Gold Corp(USD,ABX)",Intl Large Value,0.0
EBAY,EBAY INC,US Large Blend,0.0
BBBY,Bed Bath & Beyond Inc,US Small Value,0.0
GNL,Global Net Lease Inc,US Small Blend,0.0
MMS,Maximus Inc,US Small Blend,0.0
SDIV,Global X SuperDividend™ ETF,** 45 Emerging Mid Value / 30 US Mid Value / 25 Intl Mid Value **,0.0058
MITT,AG Mortgage Investment Trust Inc,US Real Estate,0.0
GMWAX,GMO Global Asset Allocation,** 15 US Large Value / 45 Intl Large Value / 40 Int-Term Inv. Grade **,0.0056
PGBOX,JPMorgan Core Bond A,Int-Term Inv. Grade,0.0075
JMSIX,JPMorgan Income I,** 70 Int-Term Inv. Grade / 30 High Yield **,0.004
EBND,SPDR® Blmbg Em Mkts Lcl Bd ETF,Emerging Market Debt,0.003
MTH,Meritage Homes Corp,US Small Value,0.0
EC,"Ecopetrol SA ADR(USD,EC)",Emerging Large Growth,0.0
NWS,News Corp Class B,US Mid Blend,0.0
FSLCX,Fidelity® Small Cap Stock,** 75 US Small Growth / 25 Intl Small Growth **,0.0082
CARR,Carrier Global Corp Ordinary Shares,US Mid Value,0.0
OTIS,Otis Worldwide Corp Ordinary Shares,US Mid Blend,0.0
RTX,Raytheon Technologies Corp,US Large Value,0.0
FIYY,Barclays ETN+ FI Enhanced Glb Hi Yld B,** 55 US Large Blend / 45 Intl Large Blend **,0.0093
GSK,"GlaxoSmithKline PLC ADR(USD,GSK)",Intl Large Value,0.0
ECA,Encana Corp,Intl Large Growth,0.0
BLE,BlackRock Municipal Income II,Long-Term Inv. Grade,0.0255
XTL,SPDR® S&P Telecom ETF,US Large Blend,0.0035
SLY,SPDR® S&P 600 Small Cap ETF,US Small Blend,0.0015
JMPNL,JMP GROUP INC 7.25% SR NTS 15/11/27,Preferred Stock,0.0
JHBIX,JHancock Bond I,Int-Term Inv. Grade,0.0048
TEMWX,Templeton World A,** 55 US Large Blend / 40 Intl Large Blend / 5 Cash **,0.0105
MYSIX,Victory Trivalent International Sm-Cp Y,Intl Mid Growth,0.0112
TRLVX,SEI Core Fixed Income F (SIMT),Int-Term Inv. Grade,0.0066
AICFX,American Funds Invmt Co of Amer F1,** 76 US Large Blend / 12 Intl Large Blend / 12 Cash/Money Market **,0.0065
RRC,Range Resources Corp,US Mid Blend,0.0
CWGFX,American Funds Capital World Gr&Inc F1,** 45 US Large Blend / 47 Intl Large Blend / 8 Cash/Money Market **,0.0081
ECDIX,EATON VANCE TAX MANAGED GLOBAL DIV INC C,** .46 US Large Blend / .47 Intl Large Blend / .07 Preferred Stock **,0.0194
ZCN,BMO S&P/TSX Capped Composite ETF,Intl Large Blend,0.0006
ZUT,BMO Equal Weight Utilities ETF,** 91 Intl Mid Blend / 9 US Mid Blend **,0.0061
XST,iShares S&P/TSX Capped Cnsmr Stpls ETF,** 95 Intl Large Blend / 5 US Large Blend **,0.0061
VSP,Vanguard S&P 500 ETF CAD-H,US Large Blend,0.0009
ZUB,BMO Eq Weight US Banks Hedged to CAD ETF,US Large Value,0.0037
ZBK,BMO Equal Weight US Banks ETF,US Large Value,0.0038
ZUH,BMO Eq Wght US HlthCare Hdgd to CAD ETF,US Large Growth,0.0039
XDGH,iShares Core MSCI Glbl Qual Div ETF CADH,** 40 Intl Large Value / 60 US Large Value **,0.0023
SIX,Six Flags Entertainment Corp,US Small Blend,0.0
ZGI,BMO Global Infrastructure ETF,** 30 Intl Large Value / 70 US Large Value **,0.0061
CWW,iShares Global Water Index ETF,Intl Large Blend,0.0066
ECL,"Ecolab Inc(USD,ECL)",US Large Growth,0.0
XEC,iShares Core MSCI Emer Mkts IMI ETF,Intl Large Blend,0.0033
HTB,Horizons US 7-10 Year Treasury Bond ETF,Int-Term Treasury,0.0017
CLG,iShares 1-10 Year Laddered Government Bond Index ETF,Int-Term Inv. Grade,0.0016
ZMU,BMO MT US IG Corp Bd Hdgd to CAD ETF,Int-Term Inv. Grade,0.0026
XHY,iShares US High Yield Bond ETF CADH,High Yield,0.0068
VICSX,Vanguard Interm-Term Corp Bd Idx Admiral,Int-Term Inv. Grade,0.0007
BRGNX,iShares Russell 1000 Large-Cap Idx Instl,US Large Blend,0.0013
VSCO,Victoria's Secret & Co,US Small Value,0.0
MADCX,BlackRock Emerging Mkts Instl,** 90 Intl Large Blend / 10 Cash/Money Market **,0.0087
MASKX,iShares Russell 2000 Small-Cap Idx Instl,US Small Growth,0.0012
LIJKX,BlackRock LifePath® Index 2035 K,** 45 US Large Blend / 30 Intl Large Blend / 25 Int-Term Inv. Grade **,0.0009
ECSIF,eCobalt Solutions Inc,Intl Small Value,0.0
APHJX,Artisan International Small-Mid Instl,** 75 Intl Mid Growth / 20 US Mid Growth / 5 Cash **,0.0106
LMGNX,ClearBridge International Growth I,Intl Large Growth,0.0085
HFLIX,Hartford Floating Rate I,Bank Loans,0.0072
RYJUX,Rydex Inverse Government Lg Bd Strat Inv,US Inverse Debt,0.0153
VADIX,Virtus Duff & Phelps Real Asset I,Non-Traditional,0.0116
JVXIX,Virtus Vontobel Foreign Opportunities I,** 90 Intl Large Growth / 10 US Large Growth **,0.0107
ACRDF,Acreage Holdings Inc Ordinary Shares Class D (Sub Voting),US Micro,0.0
CILXX,Western Asset Institutional Liquid Reserves,Cash/Money Market,0.0
WFTAX,Wells Fargo Intermediate Tax/AMT-Fr A,Int-Term Inv. Grade,0.007
VEMPX,Vanguard Extended Market Index InstlPlus,US Mid Growth,0.0004
TGCNX,TCW Select Equities N,US Large Growth,0.01
ECSIX,EATON VANCE SHORT DUR   STRAT INCM C,Multi Sector Fixed Income,0.0186
MXISX,Great-West S&P SmallCap 600® Index Inv,US Small Blend,0.0056
ACRHF,Acreage Holdings Inc Ordinary Shares Class E (Sub Voting),US Micro,0.0
ED,"Consolidated Edison Inc(USD,ED)",US Large Value,0.0
CAMT,Camtek Ltd,Intl Small Growth,0.0
EDIT,Editas Medicine Inc,US Small Growth,0.0
CBWTF,Auxly Cannabis Group Inc,Intl Small Value,0.0
ABYSX,AB DISCOVERY VALUE FUND- ADV,US Mid Value,0.0085
EDIV,"SPDR® S&P Emerging Markets Dividend ETF(USD,EDIV)",Emerging Large Value,0.0049
APLE,Apple Hospitality REIT Inc,US Real Estate,0.0
BASOX,BlackRock Short Obligations Investor A,** 60 Short-Term Inv. Grade / 40 Cash **,0.006
LUBAX,Lord Abbett Ultra Short Bond A,** 70 Short-Term Inv. Grade / 30 Cash/Money Market **,0.0045
WIW,Western Asset Infl-Linked Opps & Inc Fd,** 30 Cash/Money Market / 70 Int-Term Inv. Grade **,0.0182
VITRX,Vanguard Instl Trgt Retire Inc Instl,** 65 Int-Term Inv. Grade / 20 US Large Blend / 15 Intl Large Blend **,0.0009
FKIDX,Fidelity® Diversified Intl K6,** 90 Intl Large Growth / 10 US Large Growth **,0.006
EMGDX,Wells Fargo Emerging Markets Equity R6,Intl Large Blend,0.0114
LIKKX,BlackRock LifePath® Index 2040 K,** 50 US Large Blend / 35 US Large Blend / 15 Int-Term Inv. Grade **,0.0009
JGLTX,Janus Henderson VIT Glb Tech&Innvt Instl,** 80 US Large Growth / 20 Intl Large Growth **,0.0075
EDOG,Alps Emerging Sector Devidend Dogs ETF,Emerging Large Value,0.006
VHCIX,Vanguard Health Care Index Admiral,US Large Blend,0.001
VCLAX,Vanguard CA Long-Term Tax-Exempt Adm,Int-Term Inv. Grade,0.0009
VCTXX,Vanguard California Municipal Money Market Fund,Cash/Money Market,0.0
PXWIX,Pax Ellevate Glbl Women’s Ldrsp Inst,** 65 US Large Blend / 35 Int-Term Inv. Grade **,0.0055
SSGVX,State Street Glb All Cap Eq ex-US Idx,Intl Large Blend,0.0006
SSFEX,State Street Aggregate Bond Index K,Int-Term Inv. Grade,0.00025
NERNX,Loomis Sayles Core Plus Bond N,** 85 Int-Term Inv. Grade / 15 Cash/Money Market **,0.0039
USSTX,USAA Tax Exempt Short-Term,Short-Term Inv. Grade,0.005
AHLIX,American Beacon AHL Mgd Futs Strat R5,Non-Traditional,0.0154
ABEYX,American Beacon International Eq Y,Intl Large Value,0.008
QSERX,AQR Small Cap Multi-Style R6,US Small Blend,0.005
SCU,Sculptor Capital Management Inc Class A,US Small Value,
EDV,Extended Duration Treasury ETF,Long Term Treasury,0.0007
QSPRX,AQR Style Premia Alternative R6,Non-Traditional,0.0145
HLIZX,Harding Loevner International Eq Instl Z,Intl Large Blend,0.0071
HHHFX,Hartford Schroders Emerging Mkts Eq F,Intl Large Blend,0.0106
PEIFX,PIMCO RAE Emerging Markets Instl,Intl Large Value,0.0075
UMAFX,USAA Managed Allocation,** 25 US Large Blend / 50 Int-Term Inv. Grade / 25 Cash/Money Market **,0.0076
VGIAX,Vanguard Growth & Income Adm,US Large Blend,0.0023
FIEUX,Fidelity® Europe,Intl Large Blend,0.0078
FMGKX,Fidelity® Magellan® K,US Large Value,0.0068
PRFSX,T. Rowe Price Tax-Free Shrt-Interm,Short-Term Inv. Grade,0.0051
gsmhx,"GMO SGM Major Markets VI(USD,GSMHX)",Liquid Alternative,0.0091
VEUSX,Vanguard European Stock Index Admiral,Intl Large Blend,0.001
EEM,"iShares MSCI Emerging Markets ETF(USD,EEM)",Emerging Large Blend,0.0069
VPADX,Vanguard Pacific Stock Index Admiral,Intl Large Blend,0.001
VBIPX,Vanguard Short-Term Bond Index Inv,Short-Term Inv. Grade,0.0015
FMGEX,Frontier MFG Global Equity Institutional,** 55 US Large Growth / 30 Intl Large Growth / 15 Cash/Money Market **,0.0083
MDHQX,BlackRock Total Return Inv A,Int-Term Inv. Grade,0.0079
AMAGX,Amana Growth Investor,** 80 US Large Growth / 15 Intl Large Growth / 5 Cash **,0.0103
FDIFX,Fidelity Advisor Freedom® 2020 I,** 25 US Large Blend / 25 Intl Large Blend / 40 Int-Term Inv. Grade / 10 Cash/Money Market **,0.006
SPHIX,Fidelity® High Income,High Yield,0.0069
ANF,Abercrombie & Fitch Co Class A,US Small Blend,
BGITX,Baillie Gifford International Alpha 2,Intl Large Growth,0.0061
EEmerging,,Emerging Large Blend,0.0069
ADTX,Aditxt Inc,US Small Value,0.0
EFA,iShares MSCI EAFE ETF,Intl Large Blend,0.0032
DGRO,iShares Core Dividend Growth ETF,US Large Value,0.0008
REGL,ProShares S&P MidCap 400 Dividend Arst,US Mid Value,0.004
KBE,SPDR® S&P Bank ETF,US Mid Value,0.0035
AMBO,Ambow Education Holding Ltd ADR,Emerging Small Blend,
EZM,WisdomTree US MidCap Earnings ETF,US Mid Blend,0.0038
IHDG,WisdomTree Intl Hdgd Qual Div Gr ETF,Intl Large Growth,0.0058
DGRW,WisdomTree US Quality Dividend Gr ETF,US Large Value,0.0028
EFAV,"iShares Edge MSCI Min Vol EAFE ETF(USD,EFAV)",Intl Large Blend,0.002
GNRC,Generac Holdings Inc,US Mid Growth,0.0
CMNWX,Principal Capital Appreciation A,US Large Blend,0.0086
MXVIX,Empower S&P 500® Index Investor,US Large Blend,0.0051
EFG,iShares MSCI EAFE Growth ETF,Intl Large Growth,0.004
AVAH,Aveanna Healthcare Holdings Inc,US Small Growth,
EFV,iShares MSCI EAFE Value ETF,Intl Large Value,0.0033
BBLN,Babylon Holdings Ltd,US Small Growth,0.0
EGFIX,Edgewood Growth Instl,US Large Growth,0.01
CNEY,CN Energy Group Inc,Emerging Small Value,
ACA,Arcosa Inc,US Small Growth,0.0
EGO,"Eldorado Gold Corp(USD,EGO)",Emerging Small Value,0.0
UIHIX,USAA High Income Institutional,High Yield,0.0075
DIDIY,DiDi Global Inc ADR,Emerging Small Growth,
EGOV,NIC Inc,US Small Blend,0.0
TFDXX,BlackRock Liquidity FedFund,Cash/Money Market,0.0
NLOK,NortonLifeLock Inc,US Mid Value,0.0
MPW,Medical Properties Trust Inc,US Real Estate,0.0
AAIEX,American Beacon International Eq R5,Intl Large Value,0.0073
SEMNX,Hartford Schroders Emerging Mkts Eq I,Emerging Large Blend,0.0123
SIVIX,State Street Instl Small-Cap Equity Inv,US Small Blend,0.0088
UISBX,USAA Short-Term Bond Institutional,Short-Term Inv. Grade,0.0043
BFK,BlackRock Municipal Income,Int-Term Inv. Grade,0.023
DMF,BNY Mellon Municipal Income,Int-Term Inv. Grade,0.0163
GSS,"Golden Star Resources Ltd(USD,GSS)",Intl Small Value,0.0
DSM,BNY Mellon Strategic Muni Bond,Int-Term Inv. Grade,0.0186
EGRIX,Eaton Vance Glbl Macro Abs Ret Advtg I,High Yield,0.0105
CNR,Cornerstone Building Brands Inc,US Small Blend,0.0
DNP,DNP Select Income,** 73 US Large Value / 12 Intl Large Value / 15 Int-Term Inv. Grade **,0.0229
DUC,Duff Phelps Utility&Corp Bond,Int-Term Inv. Grade,0.0236
KTF,DWS Municipal Income,Int-Term Inv. Grade,0.0221
ECF,Ellsworth Growth and Income,Non-Traditional,0.012
GCV,Gabelli Convertible & Income,Non-Traditional,0.0205
GAB,Gabelli Equity Trust,** 83 US Large Blend / 17 Intl Large Blend **,0.0133
VKQ,Invesco Municipal Trust,Int-Term Inv. Grade,0.0245
HYZN,Hyzon Motors Inc,US Mid Growth,
VVR,Invesco Senior Income Trust,High Yield,0.0317
EIBLX,Eaton Vance Floating Rate I,High Yield,0.0079
VGM,Invesco Muni Invst. Grade Trust,Int-Term Inv. Grade,0.0253
PDT,JH Premium Dividend Fund,Preferred Stock,0.0301
MKR,Merck & Co Inc,US Large Value,0.0
MGEE,MGE Energy Inc,US Small Blend,0.0
MUEL,Paul Mueller Co,US Micro,0.0
NL,NL Industries Inc,US Small Value,0.0
NEA,Nuveen AMT-Free Quality Muni Inc,Int-Term Inv. Grade,0.024
RMT,Royce Micro Cap Trust,US Micro,0.015
MRIN,Marin Software Inc,US Small Value,
FLOW,SPX FLOW Inc,US Small Blend,0.0
SPE,Special Opportunities Fund,** 60 US Mid Blend / 25 Intl Mid Blend / 15Int-Term Inv. Grade **,0.0199
EIFAX,Eaton Vance Floating-Rate Advantage I,Bank Loans,0.0078
FUND,Sprott Focus Trust,** 75 US Mid Blend / 25 Intl Mid Blend **,0.0111
TY,Tri-Continental Corporation,** 75 US Large Value / 25 Int-Term Inv. Grade **,0.0049
ZTR,Virtus Total Return Fund Inc.,** 35 US Large Value / 25 Intl Large Value / 40 Int-Term Inv. Grade **,0.027
YORW,The York Water Co,US Small Blend,0.0
USHYX,USAA High Income,High Yield,0.0084
USIFX,USAA International,Intl Large Blend,0.0106
USCAX,USAA Small Cap Stock,US Small Growth,0.011
NNOX,Nano X Imaging Ltd,Intl Small Blend,
USSPX,USAA 500 Index Member,US Large Blend,0.0025
BGUUF,Benguet Corp Class B,Emerging Small Value,0.0
DREQX,BNY Mellon Research Growth Z,US Large Value,0.0084
EIFHX,"Eaton Vance Floating-Rate & Hi Inc Inst(USD,EIFHX)",** 91 High Yield / 9 Cash **,0.0078
NWAEX,Nationwide Mellon Dyn US Core Eagle,US Large Blend,0.006
UIITX,USAA Intermediate-Term Bond Instl,Int-Term Inv. Grade,0.0052
BE,Bloom Energy Corp Class A,US Small Growth,0.0
LEIFX,Federated Hermes Equity Income A,US Large Value,0.0112
WFSPX,iShares S&P 500 Index K,US Large Blend,0.0003
RFFTX,American Funds 2035 Trgt Date Retire R6,** 50 US Large Blend / 25 Intl Large Blend  / 15 Int-Term Inv. Grade / 10 Cash **,0.0037
MXMCX,Great-West Ariel Mid Cap Value Inv,US Mid Value,0.0105
ODTC,Odonate Therapeutics Inc,US Small Value,
EITEX,"Parametric Tax-Managed Emerg Mkt Instl(USD,EITEX)",Emerging Large Blend,0.0095
PRQR,ProQR Therapeutics NV,Intl Small Growth,
EIX,EDISON INTERNATIONAL,US Large Value,0.0
SNPO,Snap One Holdings Corp,US Small Growth,
DPDFX,Delaware Diversified Income A,Int-Term Inv. Grade,0.007
STPZ,PIMCO 1-5 Year US TIPS ETF,Inflation Protected,0.002
EJPRF,East Japan Railway Co,Intl Large Blend,0.0
PEAK,Healthpeak Properties Inc,US Mid Value,0.0
PBW,Invesco WilderHill Clean Energy ETF,** 80 US Small Growth / 20 Intl Small Growth **,0.007
KL,Kirkland Lake Gold Ltd,Commodities,0.0
SG,Sweetgreen Inc,US Small Blend,
NGM,NGM Biopharmaceuticals Inc,US Small Growth,0.0
OLP,One Liberty Properties Inc,US Real Estate,0.0
CIT,CIT Group Inc,US Small Growth,0.0
AMPH,Amphastar Pharmaceuticals Inc,US Micro,0.0
EL,The Estee Lauder Companies Inc Class A,US Large Growth,0.0
TATT,TAT Technologies Ltd,Intl Small Growth,
ACCO,ACCO Brands Corp,US Micro,0.0
CMCO,Columbus McKinnon Corp,US Micro,0.0
ACAD,"ACADIA Pharmaceuticals Inc(USD,ACAD)",US Mid Growth,0.0
ELLI,Ellie Mae Inc,US Mid Growth,0.0
PETZ,TDH Holdings Inc,Emerging Small Blend,
LCUT,Lifetime Brands Inc,US Micro,0.0
OFG,OFG Bancorp,US Micro,0.0
CORT,Corcept Therapeutics Inc,US Small Growth,0.0
POWL,Powell Industries Inc,US Small Value,0.0
DTCPX,DFA Targeted Credit Institutional,Short-Term Inv. Grade,0.002
MLPTX,Invesco Opp SteelPath MLP Select 40 Y ,MLP,0.0089
DFTIX,DFA Intermediate-Term Municipal Bd I,Int-Term Inv. Grade,0.0021
DFSMX,DFA Short Term Municipal Bond I,** 79 Short-Term Inv. Grade / 21 Cash **,0.0022
ATIMX,AQR TM International Momentum Style I,Intl Large Blend,0.0055
DFMVX,DFA Tax-Managed US Marketwide Value II,US Large Value,0.0024
GSSIX,Goldman Sachs Small Cap Value Instl,US Small Blend,0.0095
ELRNF,"Elron Electronic Industries Ltd(USD,ELRNF)",Intl Small Value,0.0
MMNFF,MedMen Enterprises Inc,US Micro,0.0
EKJAX,Wells Fargo Premier Large Co Gr A,US Large Growth,0.011
BAAPX,BlackRock 80/20 Target Allocation A,** 60 US Large Blend / 25 Intl Large Blend / 15 Int-Term Inv. Grade **,0.007
FBCGX,Fidelity® Blue Chip Growth K6,US Large Growth,0.0045
PIXAX,PIMCO RAE PLUS A,US Large Value,0.0127
PCKAX,PIMCO StocksPLUS® Small A,Int-Term Inv. Grade,0.0109
HHBUX,Hancock Horizon Burkenroad Sm Cp Inv,US Small Growth,0.0125
VSGBX,Vanguard Short-Term Federal Inv,Short-Term Treasury,0.002
STRYX,Pioneer Strategic Income Y,Int-Term Inv. Grade,0.0073
UBX,Unity Biotechnology Inc,US Small Value,
FSANX,Fidelity Asset Manager® 60%,** 40 US Large Growth / 20 Intl Large Growth / 40 Int-Term Inv. Grade **,0.0068
EMB,"iShares JP Morgan USD Em Mkts Bd ETF(USD,EMB)",Emerging Market Debt,0.004
FAFAX,Fidelity Advisor Freedom® Income A,** 20 US Large Blend / 60 Int-Term Inv. Grade / 20 Cash/Money Market **,0.0072
FITWX,Fidelity Advisor Freedom® 2025 I,** 30 US Large Blend / 30 Intl Large Blend / 30 Int-Term Inv. Grade / 10 Cash **,0.0064
PIINX,PIMCO Income Adm,Int-Term Inv. Grade,0.0075
OIEQX,JPMorgan Equity Income R4,US Large Value,0.0074
JDMNX,Janus Henderson Enterprise N,** 85 US Mid Growth / 15 Intl Mid Growth **,0.0066
JGMIX,Janus Henderson Triton S,US Small Growth,0.0116
MWEHX,MFS Global Equity R3,** 52 US Large Blend / 48 Intl Large Growth **,0.0116
ADXS,Advaxis Inc,US Micro,0.0
VXRT,Vaxart Inc,US Small Value,
REXN,Rexahn Pharmaceuticals Inc,US Micro,0.0
CZR,Caesars Entertainment Inc,US Mid Blend,0.0
EMBIX,"Lazard Emerging Markets Equity Blnd Inst(USD,EMBIX)",** .26 Intl Large Blend / .74 Emerging Large Blend **,0.0121
FSKR,FS KKR Capital Corp II Ordinary Shares,US Small Blend,0.0
ZIM,ZIM Integrated Shipping Services Ltd,Intl Small Value,
EME,EMCOR Group Inc,US Mid Blend,0.0
JDEAX,PMorgan US Research Enhanced Equity A,US Large Blend,0.006
EmergingLC,,Emerging Market Debt,0.0044
DGAGX,BNY Mellon Appreciation Investor,** 88 US Large Growth / 12 Intl Large Growth **,8.8e-05
EMGNX,"Wells Fargo Emerging Markets Equity Inst(USD,EMGNX)",Emerging Large Blend,0.012
abnyx,AB Bond Inflation Strategy Advisor,Inflation Protected,0.0
CHRD,Chord Energy Corp,US Small Value,
PAXWX,Pax Sustainable Allocation Indiv Inv,** 50 US Large Blend / 10 Large Blend / 40 Int-Term Inv. Grade **,0.0092
VUBFX,Vanguard Ultra-Short-Term Bond Investor,Short-Term Inv. Grade,0.002
EMKIX,Ashmore Emerging Markets Tot Ret Instl,Emerging Market Debt,0.0102
IYT,iShares Transportation Average ETF,US Large Blend,0.0041
EMCIX,Ashmore Emerging Mkts Corp Inc Instl,High Yield,0.0117
AGGY,WisdomTree Yield Enhanced US Aggt Bd ETF,Int-Term Inv. Grade,0.0012
CMTFX,Columbia Global Technology Growth Inst,** 85 US Large Growth / 15 Intl Large Growth **,0.0099
EMLC,Market Vectors Emerging Markets Local Currency Bond ETF,Emerging Market Debt,0.003
MTCIX,MFS Technology I,** 85 US Large Growth / 15 Intl Large Growth **,0.0094
NBRIX,Neuberger Berman Real Estate I,US Mid Blend,0.0086
HEFA,iShares Currency Hedged MSCI EAFE ETF,Intl Large Blend,0.0035
PRMSX,T. Rowe Price Emerging Markets Stock,Intl Large Blend,0.0122
MOAT,VanEck Vectors Morningstar Wide Moat ETF,US Large Value,0.0048
ACYTX,American Century CA Interm-T T-Fr Bd Y,Int-Term Inv. Grade,0.0024
PHYFX,Principal High Yield R-6,High Yield,0.0052
FGBMX,Fidelity Advisor® New Markets Income Z,** 50 Int-Term Treasury / 50 High Yield **,0.0073
Y2573F102,FLEX LTD,Int-Term Inv. Grade,0.0
H2906T109,"GAAM,NLTD",Int-Term Inv. Grade,0.0
EMLP,North American Energy Infrastructure Fund,MLP,0.0096
MUNI,PIMCO Intermediate Municipal Bd Actv ETF,Int-Term Inv. Grade,0.0035
G5960L103,MEDTRONIC PLC,Int-Term Inv. Grade,0.0
H84989104,CONNECTIVITY LTD,Int-Term Inv. Grade,0.0
IXG,iShares Global Financials ETF,** 48 US Large Value / 52 Intl Large Value **,0.0046
ACC,American Campus Communities Inc,US Mid Value,0.0
IVT,InvenTrust Properties Corp,US Real Estate,0.0
EMN,Eastman Chemical Co,US Mid Value,0.0
AGAZX,361 Global Long/Short Equity I,Non-Traditional,0.015
EMR,"Emerson Electric Co(USD,EMR)",US Large Blend,0.0
GSZAX,"Goldman Sachs Strategic Income A(USD,GSZAX)",Int-Term Inv. Grade,0.0093
ENB,Enbridge Inc,Intl Large Value,0.0
CATZX,Columbia Strategic Municipal Inc Inst,Long-Term Inv. Grade,0.0053
DFELX,DFA Enhanced US Large Company I,US Large Blend,0.0015
ENGIY,ENGIE SA F SPONSORED ADR 1 ADR REPS 1 ORD SHS,Intl Large Value,0.0
TEPLX,Templeton Growth A,** 35 US Large Value / 65 Intl Large Value **,0.0106
LANC,Lancaster Colony Corp,US Mid Blend,0.0
MXMDX,Empower S&P Mid Cap 400® Index Inv,US Small Blend,0.0055
JMUIX,Janus Henderson Multi-Sector Income I,Int-Term Inv. Grade,0.0069
ENGQF,Engie SA,Intl Large Value,0.0
ASDHX,American Century Short Dur Strat Inc I,Short-Term Inv. Grade,0.0043
GGEFX,Summitry Equity Fund,US Large Blend,0.0126
ENR,Energizer Holdings Inc,US Mid Blend,0.0
ASMZX,Alger Weatherbie Specialized Growth Z,** 85 US Small Growth / 12 Intl Small Growth / 3 Cash **,0.0088
ENZ,"Enzo Biochem Inc(USD,ENZ)",US Small Growth,0.0
BAC.L,BANK OF AMERICA 7.25% PFD,Preferred Stock,0.0
WFC.T,WELLS FARGO 7.5% PFD,Preferred Stock,0.0
AFEIX,American Century Sustainable Equity I,US Large Growth,0.0059
USAAX,USAA Growth,US Large Growth,0.0092
ISQAX,Voya Solution 2035 Port ADV,** 55 US Large Blend / 25 Intl Large Blend / 20 Int-Term Inv. Grade **,0.0127
DFESX,DFA Emerging Markets Social Core Port,Intl Large Value,0.0053
NUMV,Nuveen ESG Mid-Cap Value ETF,US Mid Value,0.004
ESML,iShares ESG Aware MSCI USA Small-Cap ETF,US Small Blend,0.0017
ESGD,iShares ESG Aware MSCI EAFE ETF,Intl Large Blend,0.002
EOG,EOG RESOURCES INC,US Large Blend,0.0
ESGE,iShares ESG Aware MSCI EM ETF,Intl Large Blend,0.0025
RYH,Invesco S&P 500® Equal Wt Hlth Care ETF,US Large Blend,0.0048
GIRMX,Goldman Sachs Emerging Markets Eq Inv,Emerging Large Growth,0.0109
GLPI,Gaming and Leisure Properties Inc,US Real Estate,0.0
GBDC,Golub Capital BDC Inc Class B,US Small Value,0.0
MCY,Mercury General Corp,US Small Value,0.0
CIM.A,Chimera Investment Corp,Preferred Stock,0.0
HRVIX,Heartland Value Plus Investor,US Small Blend,0.0119
MTUM,iShares MSCI USA Momentum Factor ETF,US Large Growth,0.0015
MAHQX,BlackRock Total Return Instl,Int-Term Inv. Grade,0.0045
PFO,Flah&Crum Pref Income Opps,Non-Traditional,0.0298
EONGY,E.ON SE AG F SPONSORED ADR 1 ADR REPS 1 ORD SHS,Intl Large Blend,0.0
MRNA,Moderna Inc,US Large Growth,0.0
HFQIX,Janus Henderson Global Equity Income I,** 12 US Large Value / 88 Intl Large Value **,0.0078
FKTIX,Franklin Federal Tax Free Income A1,Int-Term Inv. Grade,0.0062
PBMFX,Pioneer AMT-Free Municipal A,Int-Term Inv. Grade,0.0081
HTGC,Hercules Capital Inc,US Small Value,0.0
MER.K,BANK OF AMERICA 6.45%PFD,Preferred Stock,0.0
BGY,BlackRock Enhanced Intl Div Trust,Intl Large Value,0.0113
MQT,BlackRock MuniYield Quality II,Long-Term Inv. Grade,0.0229
ESVIF,Ensign Energy Services Inc,Intl Small Value,0.0
VKI,Invesco Adv Muni Inc II,Long-Term Inv. Grade,0.0257
IQI,Invesco Quality Muni Income Trust,Long-Term Inv. Grade,0.0233
EPC,Edgewell Personal Care Co,US Mid Value,0.0
ERBIX,Eaton Vance Richard Bernstein Eq Strat I,** 56 US Large Blend / 44 Intl Large Blend **,0.0102
MFC,Manulife Financial Corp,Intl Large Value,0.0
CXE,MFS High Income Municipal Trust,Long-Term Inv. Grade,0.0298
PMX,PIMCO Municipal Income III,Long-Term Inv. Grade,0.024
VALPQ,Valaris PLC Class A,Intl Small Value,0.0
FTSM,First Trust Enhanced Short Maturity ETF,Short-Term Inv. Grade,0.004
OPCAX,Invesco Rochester® California Mncpl A,Int-Term Inv. Grade,0.0073
MMIDX,MFS Municipal Income A1,Int-Term Inv. Grade,0.0048
FESGX,First Eagle Global C,** 40 US Large Value / 40 Intl Large Value / 20 Cash **,0.0187
DNLI,Denali Therapeutics Inc,US Small Growth,0.0
ERIC,Telefonaktiebolaget L M Ericsson ADR Class B,Intl Large Blend,0.0
CEYIX,Calvert Equity I,US Large Growth,0.0066
ACHC,"Acadia Healthcare Co Inc(USD,ACHC)",US Small Blend,0.0
EPD,Enterprise Products Partners LP,MLP,0.0
FVRR,Fiverr International Ltd,Emerging Small Blend,0.0
FLDM,Fluidigm Corp,US Small Blend,0.0
CRI,Carter's Inc,US Small Blend,0.0
JBL,Jabil Inc,US Mid Value,0.0
ZAGG,Zagg Inc,US Small Value,0.0
VIEIX,Vanguard Extended Market Index Instl,US Mid Growth,0.0005
BCYC,Bicycle Therapeutics PLC ADR,US Micro,0.0
CBAY,CymaBay Therapeutics Inc,US Small Growth,0.0
FLTB,Fidelity® Limited Term Bond ETF,Short-Term Inv. Grade,0.0036
RLH,Red Lion Hotels Corp,US Small Blend,0.0
AVEO,AVEO Pharmaceuticals Inc,US Small Growth,0.0
EPP,iShares MSCI Pacific ex Japan ETF,Intl Large Blend,0.0049
BNGO,Bionano Genomics Inc,US Micro,0.0
ACCYY,Accor SA ADR,Intl Mid Blend,0.0
AHEXY,Adecco Group AG ADR,Intl Mid Value,0.0
BXBLY,Brambles Ltd ADR ,Intl Large Blend,0.0
LNSTY,London Stock Exchange Group PLC ADR,Intl Large Growth,0.0
MKKGY,Merck KGaA ADR,Intl Large Blend,0.0
RWEOY,RWE AG ADR,Intl Large Value,0.0
gszix,"Goldman Sachs Strategic Income Instl(USD,GSZIX)",** 67 High Yield / 33 Cash **,0.0058
SCHYY,Sands China Ltd ADR,Emerging Large Value,0.0
TMSNY,Temenos AG ADR,Intl Mid Growth,0.0
UCBJY,UCB SA ADR ,Intl Large Blend,0.0
EPR,EPR Properties,US Mid Value,0.0
ZURVY,Zurich Insurance Group AG ADR,Intl Large Value,0.0
JJSF,J&J Snack Foods Corp,US Small Blend,0.0
JPSE,JPMorgan Divers Ret US Small Cap Eq ETF,US Small Blend,0.0029
JEEIX,JHancock Infrastructure I,** 40 US Large Value / 47 Intl Large Value / 10 Emerging Large Value / 3 Cash **,0.0098
EPRSQ,EPIRUS Biopharmaceuticals Inc,US Micro,0.0
MQGIX,MFS International Growth I,** 90 Intl Large Growth / 10 Emerging Large Growth **,0.0083
eqipx,"Equinox IPM Systematic Macro I(USD,EQIPX)",Liquid Alternative,0.0194
LAHYX,Lord Abbett High Yield I,High Yield,0.0068
CMPGF,Compass Group PLC,Intl Large Blend,0.0
GPDNF,Danone SA,Intl Large Blend,0.0
HINKF,Heineken NV,Intl Large Value,0.0
RHHVF,Roche Holding AG Dividend Right Cert.,Intl Large Blend,0.0
FSOPX,Fidelity® Series Small Cap Opps,US Small Growth,0.001
VFWPX,Vanguard FTSE All-Wld ex-US Idx Ins Plus,Intl Large Blend,0.0006
EQIX,Equinix Inc,US Large Growth,0.0
BACPRM,Bank of America,Preferred Stock,0.0
PJP,Invesco Dynamic Pharmaceuticals ETF,US Mid Value,0.0056
EGRAX,Eaton Vance Glbl Macro Abs Ret Advtg A,Non-Traditional,0.0146
FRESX,Fidelity® Real Estate Investment Port,US Real Estate,0.0074
BCHIX,American Century CA High Yield Muni I,High Yield,0.003
WCMSX,WCM International Small Cap Growth Instl,Intl Small Growth,0.0125
EQNR,Equinor ASA ADR,US Large Blend,0.0
NOEMX,Northern Emerging Markets Equity Index,Emerging Large Blend,0.003
NSIDX,Northern Small Cap Index,US Small Blend,0.0015
TVRVX,Third Avenue Real Estate Value Investor,** 60 US Real Estate / 40 Intl Real Estate **,0.014
MGJRX,MassMutual Select BlackRock Glbl Allc R3,** 40 US Large Blend / 30 Intl Large Blend / 30 Int-Term Inv. Grade **,0.0149
APHMX,Artisan Mid Cap Institutional,** 90 US Mid Growth / 10 Intl Mid Growth **,0.0096
MLFAX,MFS Lifetime 2040 A,** 55 US Large Blend / 30 Intl Large Blend / 15 Int-Term Inv. Grade **,0.0084
VPMAX,Vanguard PRIMECAP Adm,** 80 US Large Blend / 20 Intl Large Blend **,0.0031
GVAL,Cambria Global Value ETF,Intl Mid Value,0.0065
IVLU,iShares Edge MSCI Intl Value Factor ETF,Intl Large Value,0.003
FITFX,Fidelity® Flex International Index,Intl Large Blend,0.003
FLXSX,Fidelity® Flex Small Cap Index,Intl Small Blend,0.0025
EQR,Equity Residential,US Real Estate,0.0
FLAPX,Fidelity® Flex Mid Cap Index,Intl Mid Blend,0.003
MLGF,Malaga Financial Corp,US Small Growth,
FUEMX,Fidelity Flex Cnsrv Inc Muni Bd,Int-Term Inv. Grade,0.003
FUENX,Fidelity Flex Municipal Income,Int-Term Inv. Grade,0.003
FDFIX,Fidelity® Flex 500 Index,US Large Blend,0.003
EEMD,AAM S&P Emerging Markets Hi Div Val ETF,US Mid Value,0.005
DJD,Invesco Dow Jones Industrial Avg Div ETF,US Large Value,0.0007
JENYX,Jensen Quality Growth Y,US Large Blend,0.0054
STSCX,Sterling Capital Stratton SmCp Val Instl,US Mid Blend,0.0099
TMPIX,Touchstone Mid Cap Institutional,US Mid Blend,0.0089
FOSBX,Tributary Small Company Instl Plus ,US Small Growth,0.0096
EQS,Equus Total Return Inc,US Small Value,0.0
EVIBX,Eaton Vance Income Fund of Boston A,High Yield,0.01
TROIX,T. Rowe Price Overseas Stock I,Intl Large Value,0.0066
EGRSX,Eaton Vance Glbl Macro Abs Ret Advtg R6,Non-Traditional,0.0126
FSNQX,Fidelity Freedom® 2030 K,** 30 US Large Blend / 30 Intl Large Blend / 30 Int-Term Inv. Grade / 10 Cash **,0.0059
FFFGX,Fidelity Freedom® 2045,** 45 US Large Blend / 45 Intl Large Blend / 10 Int-Term Inv. Grade **,0.0075
FTLSX,Fidelity Flex Freedom Blend Income,** 65 Int-Term Inv. Grade / 15 Intl Large Blend / 20 US Large Blend **,0.0025
VRIVX,Vanguard Instl Trgt Retire 2025 Instl,** 35 US Large Blend / 25 Intl Large Blend / 40 Int-Term Inv. Grade **,0.0009
IPO,Renaissance IPO ETF,** 90 US Mid Growth / 10 Intl Mid Growth **,0.0006
VTRS,Viatris Inc,US Mid Value,0.0
FTHSX,Fuller & Thaler Behavioral Sm-Cp Eq Inst,US Small Blend,0.0082
HYMFX,Lord Abbett High Yield Municipal Bond F,High Yield,0.0069
NHS,Neuberger Berman High Yield Strategies,High Yield,0.0255
ERBB,"American Green Inc(USD,ERBB)",US Micro,0.0
LISFX,Lord Abbett Intermediate Tax Free F,Int-Term Inv. Grade,0.0006
ABNB,Airbnb Inc Ordinary Shares - Class A,US Large Growth,0.0
AEL.B,AEL.B,Preferred Stock,0.0
AMH.D,AMH.D,Preferred Stock,0.0
AUBAP,AUBAP,Preferred Stock,0.0
ATH.C,ATH.C,Preferred Stock,0.0
BAMI,BAMI,Preferred Stock,0.0
BAMH,BAMH,Preferred Stock,0.0
COFI.I,COFI.I,Preferred Stock,0.0
MPV,Barings Participation Invs,High Yield,0.0266
FHN.B,FHN.B,Preferred Stock,0.0
ACMVX,American Century Mid Cap Value Inv,** .9 US Mid Value / .1 Intl Mid Value **,0.0098
ERF,"Enerplus Corp(USD,ERF)",US Mid Blend,0.0
FHN.E,FHN.E,Preferred Stock,0.0
FRC.K,FRC.K,Preferred Stock,0.0
PSA.L,PSA.L,Preferred Stock,0.0
PSA.O,PSA.O,Preferred Stock,0.0
CTBB,CTBB,Preferred Stock,0.0
SCE.L,SCE.L,Preferred Stock,0.0
TFC.R,TFC.R,Preferred Stock,0.0
DFP,Flah & Crum Dynamic Pref & Income Fund,Preferred Stock,0.0187
USB.Q,USB.Q,Preferred Stock,0.0
VORTP,VORTP,Preferred Stock,0.0
WFC.A,WFC.A,Preferred Stock,0.0
ES,Eversource Energy,US Mid Value,0.0
WSBCP,WSBCP,Preferred Stock,0.0
WCC.A,WCC.A,Preferred Stock,0.0
WTFCP,WTFCP,Preferred Stock,0.0
MRGB,MRGB,Preferred Stock,0.0
AFGD,AFGD,Preferred Stock,0.0
AIZN,AIZN,Preferred Stock,0.0
CLPT,ClearPoint Neuro Inc,US Small Growth,0.0
GT,Goodyear Tire & Rubber Co,US Small Value,0.0
BAC.O,BAC.O,Preferred Stock,0.0
PFH,PFH,Preferred Stock,0.0
SOJE,SOJE,Preferred Stock,0.0
TFC.O,TFC.O,Preferred Stock,0.0
ESIO,Electro Scientific Industries Inc,US Small Value,0.0
UZD,UZD,Preferred Stock,0.0
LUMN,Lumen Technologies Inc Ordinary Shares,US Mid Value,0.0
PGOFX,Pioneer Select Mid Cap Growth A,US Mid Growth,0.0103
HYXF,iShares ESG Advanced Hi Yld Corp Bd ETF,High Yield,0.0035
esloy,"Essilor International SA ADR(USD,ESLOY)",Intl Large Growth,0.0
CRAK,VanEck Oil Refiners ETF,** 30 US Large Value / 45 Intl Large Value / 25 Emerging Large Value **,0.0059
ESPR,Esperion Therapeutics Inc,US Small Growth,0.0
BTWN,Bridgetown Holdings Ltd,Emerging Small Blend,
ESRX,Express Scripts Holding Co,US Large Value,0.0
PRTS,CarParts.com,US Small Value,
VNT,Vontier Corp Ordinary Shares,US Small Blend,0.0
IDEV,iShares Core MSCI Intl Dev Mkts ETF,Intl Large Blend,0.0004
ESS,"Essex Property Trust Inc(USD,ESS)",US Real Estate,0.0
DAC,Danaos Corp,Intl Mid Value,
ESV,Ensco PLC Class A,Intl Small Value,0.0
JNUG,Direxion Daily Jr Gld Mnrs Bull 2X ETF,US Mid Blend,0.0106
BRACX,BlackRock Allocation Target Shrs Ser C,Int-Term Inv. Grade,0.002
BRAMX,BlackRock Allocation Target Shrs Ser M,** 75 Int-Term Inv. Grade / 25 Cash **,0.0
NWNBX,Nationwide Destination 2045 R,** 40 US Large Blend / 30Intl Large Blend / 30 Int-Term Inv. Grade **,0.0116
ETFC,E*TRADE Financial Corp,US Mid Growth,0.0
GEBRF,Greenbriar Sustainable Living Inc,Intl Small Value,
AI,C3.ai Inc Ordinary Shares - Class A,US Mid Growth,0.0
CRWD,CrowdStrike Holdings Inc Class A ,US Large Growth,0.0
DBX,Dropbox Inc Class A,US Mid Growth,0.0
FCPIX,Fidelity Advisor® Intl Capital App I,Intl Large Growth,0.0101
BPT,BP Prudhoe Bay Royalty Trust,US Small Value,0.0
DASH,DoorDash Inc Ordinary Shares - Class A,US Large Growth,0.0
SNOW,Snowflake Inc Ordinary Shares - Class A,US Large Growth,0.0
FEI,First Trust MLP & Energy Inc Fund,MLP,0.0166
CLDZX,Columbia Limited Duration Credit Inst,Int-Term Inv. Grade,0.0052
OGIX,Invesco Global Opports C,** 45 US Mid Growth / 55 Intl Mid Growth **,0.0184
ETG,"EV Tax Adv Global Dividend Inc(USD,ETG)",** .55 US Large Blend .45 Intl Large Blend **,0.0128
BAWAX,Brown Advisory Sustainable Growth Adv,** 95 US Large Growth / 5 Intl Large Growth **,0.011
DTLGX,Wilshire Large Company Growth Invmt,US Large Growth,0.013
MDVAX,MassMutual Premier Diversified Bond A,** 85 Int-Term Inv. Grade / 15 High Yield **,0.011
MCNBX,MassMutual Premier Core Bond R3,Int-Term Inv. Grade,0.0113
AUGAX,Columbia Quality Income A,** 85 Int-Term Inv. Grade / 15 High Yield**,0.0092
ACAAX,Alger Capital Appreciation A,** 90 US Large Growth / 10 Intl Large Growth **,0.0121
WFPAX,Wells Fargo Special Mid Cap Value A,** 95 US Mid Value / 5 Intl Mid Value **,0.0114
MEFZX,MassMutual Select Mid Cap Growth I,** 95 US Mid Cap Growth / 5 Intl Mid Growth **,0.0071
MRSAX,MFS Research International A,Intl Large Blend,0.0107
INVA,Innoviva Inc,US Small Blend,
ARKF,ARK Fintech Innovation ETF,** 60 US Mid Growth / 20 Intl Mid Growth / 20 Emerging Mid Growth ** ,0.0075
ACN,Accenture PLC A,Intl Large Blend,0.0
ETN,Eaton Corp PLC,Intl Large Value,0.0
ARKW,ARK Next Generation Internet ETF,** 85 US Mid Growth / 15 Intl Mid Growth ** ,0.0083
IHAK,iShares Cybersecurity and Tech ETF,** 85 US Mid Growth / 15 Intl Mid Growth **,0.0047
ARKQ,ARK Autonomous Technology&Robotics ETF,** 70 US Large Growth / 30 Intl Large Growth **,0.0075
PSGCX,Virtus KAR Small-Cap Growth C,US Small Growth,0.0208
NVLIX,Nuveen Winslow Large-Cap Growth ESG I,US Large Growth,0.0073
LBRDA,Liberty Broadband Corp A,US Large Growth,0.0
LSMXK,Liberty SiriusXM Group C,US Mid Blend,0.0
FXNAX,"Fidelity® US Bond Index Instl Prem(USD,FXNAX)",Int-Term Treasury,0.00025
LOAN,Manhattan Bridge Capital Inc,US Real Estate,
JETS,US Global Jets ETF,** 80 US Mid Blend / 15 Intl Mid Blend / 5 Emerging Mid Blend **,0.006
DIISX,BNY Mellon International Stock Index Inv,Intl Large Blend,0.006
FUAMX,Fidelity® Interm Trs Bd Index,Int-Term Inv. Grade,0.003
ETP,Energy Transfer Partners LP,MLP,0.0
AVLR,Avalara Inc,US Mid Blend,0.0
EXPO,Exponent Inc,US Small Growth,0.0
HEINY,Heineken NV ADR,Intl Large Blend,0.0
J,Jacobs Engineering Group Inc,US Mid Blend,0.0
KRNT,Kornit Digital Ltd,Emerging Small Growth,0.0
OLLI,Ollie's Bargain Outlet Holdings Inc,US Small Growth,0.0
GTCSX,Glenmede Small Cap Equity Adv,US Small Blend,0.007
KIDS,OrthoPediatrics Corp,US Small Growth,0.0
PCTY,Paylocity Holding Corp,US Mid Growth,0.0
PS,Pluralsight Inc Class A,US Small Growth,0.0
PRO,Pros Holdings Inc,US Small Growth,0.0
ETR,Entergy Corp,US Mid Value,0.0
WK,Workiva Inc Class A,US Small Growth,0.0
JBALX,Janus Henderson Balanced I,** 65 US Large Blend / 35 IntL Large Blend **,0.0065
JNBSX,JPMorgan Income Builder I,** 25 US Large Value / 50 Int-Term Inv. Grade / 25 Intl Large Value **,0.006
AMC,AMC Entertainment Holdings Inc Class A,US Small Value,0.0
BKRIF,Bank of Ireland Group PLC,Intl Mid Value,0.0
NEWDF,Newfoundland Discovery Corp,Commodities,
CRHC,Cohn Robbins Holdings Corp Ordinary Shares - Class A,US Small Blend,0.0
EMAN,eMagin Corp,US Micro,0.0
FFXDF,Fairfax India Holdings Corp,Intl Small Growth,0.0
FSLY,Fastly Inc,US Mid Blend,0.0
FNMAJ,Fannie Mae Pref Share,US Micro,0.0
ETST,"Earth Science Tech Inc(USD,ETST)",US Micro,0.0
FOXF,Fox Factory Holding Corp,US Small Growth,0.0
EAF,GrafTech International Ltd,US Small Value,0.0
KW,Kennedy-Wilson Holdings Inc,US Small Value,0.0
LQMT,Liquidmetal Technologies Inc,US Micro,0.0
MESO,Mesoblast Ltd ADR,Intl Small Growth,0.0
PLTR,Palantir Technologies Inc Ordinary Shares - Class A,US Mid Blend,0.0
SONO,Sonos Inc,US Small Growth,0.0
VVNT,Vivint Smart Home Inc Ordinary Shares Class A,US Small Value,0.0
WLDBF,WildBrain Ltd,Intl Small Value,0.0
IPAY,ETFMG Prime Mobile Payments ETF,** 65 US Large Growth / 35 Intl Large Growth **,0.0075
ETV,"EV Tax-Managed Buy-Write Opps(USD,ETV)",US Large Growth,0.0108
SDGR,Schrodinger Inc Ordinary Shares,US Small Growth,0.0
FUV,Arcimoto Inc,US Small Growth,0.0
BRSC,BioSolar Inc,US Micro,0.0
RADA,Rada Electronics Industries Ltd,Intl Small Growth,
HYSR,SunHydrogen Inc,US Micro,0.0
NKLA,Nikola Corp,US Small Blend,0.0
QS,QuantumScape Corp Ordinary Shares - Class A,US Mid Growth,0.0
NOFIX,Northern Fixed Income,Int-Term Inv. Grade,0.0046
VEXPX,Vanguard Explorer Inv,US Small Growth,0.0045
MMCFX,AMG Managers Emerging Opportunities N,Emerging Small Blend,0.012
GISYX,Grandeur Peak Intl Stalwarts Instl,** 15 US Mid Growth / 85 Intl Mid Growth **,0.0092
EUFN,"iShares MSCI Europe Financials ETF(USD,EUFN)",Intl Large Value,0.0049
FEUPX,American Funds Europacific Growth F3,** 80 Intl Large Growth / 20 Emerging Large Growth **,0.0046
CFVLX,Commerce Value,US Large Value,0.0071
SSLZY,Santos Ltd ADR,Intl Large Value,
SCS,Steelcase Inc Class A,US Small Blend,0.0
AVYA,Avaya Holdings Corp,US Small Value,0.0
MIAPX,Matthews Asia Growth Instl,Emerging Large Growth,0.0094
FSUTX,Fidelity® Select Utilities,US Mid Value,0.0075
FSAIX,Fidelity® Select Air Transportation Port,US Mid Value,0.0081
FTANX,Fidelity Asset Manager® 30%,** 20 US Large Blend / 10 Intl Large Blend / 70 Int-Term Inv. Grade **,0.0053
FFFAX,Fidelity Freedom® Income,** 5 US Large Blend / 15 Intl Large Blend / 60 Int-Term Inv. Grade / 20 Cash **,0.0047
FSAGX,Fidelity® Select Gold,** 20 US Mid Growth / 80 Intl Mid Growth **,0.0079
EV,Eaton Vance Corp,US Mid Growth,0.0
FWRLX,Fidelity® Select Wireless,** 75 US Large Blend / 25 Intl Large Blend **,0.0081
FICDX,Fidelity® Canada,Intl Large Blend,0.0088
AVDV,Avantis® International Small Cap Val ETF,Intl Small Value,0.0036
BSJN,Invesco BulletShares 2023 HY Corp Bd ETF,High Yield,0.0042
BSJO,Invesco BulletShares 2024 HY Corp Bd ETF,High Yield,0.0042
BSJP,Invesco BulletShares 2025 HY Corp Bd ETF,High Yield,0.0042
BSJQ,Invesco BulletShares 2026 HY Corp Bd ETF,High Yield,0.0042
EVFAX,Eaton Vance Floating-Rate Advantage Adv,Bank Loans,0.0129
WHTCF,WELL Health Technologies Corp,US Small Blend,
EVH,EVOLENT HEALTH INC CLASS A,US Small Growth,0.0
LEINX,Voya GNMA Income I,Int-Term Treasury,0.0054
TIBDX,TIAA-CREF Core Bond Instl,Int-Term Inv. Grade,0.003
FFNOX,Fidelity® Four-in-One Index,US Large Blend,0.0011
PCCOX,T. Rowe Price U.S. Equity Research I,US Large Growth,0.0034
BDLP,Ballard Power Systems Inc,US Mid Growth,0.0
CRIS,Curis Inc,US Small Blend,0.0
HCKT,The Hackett Group Inc,US Small Value,0.0
evoix,"Altegris Futures Evolution Strategy I(USD,EVOIX)",Managed Futures,0.0169
PLBC,Plumas Bancorp,US Small Value,0.0
BJ,BJ's Wholesale Club Holdings Inc,US Small Blend,0.0
NGVC,Natural Grocers by Vitamin Cottage Inc,US Small Blend,0.0
BFOCX ,Berkshire Focus,US Large Growth,0.0195
DVSMX,Driehaus Small Cap Growth Investor,US Small Growth ,0.012
WMICX,Wasatch Micro Cap ,US Small Growth,0.0166
BFOCX,Berkshire Focus,** 85 US Large Growth / 15 Intl Large Growth **,0.0195
BLDP,Ballard Power Systems Inc,Intl Mid Growth,0.0
NAT,Nordic American Tankers Ltd,Intl Small Value,0.0
TSVT,2seventy bio Inc,US Small Value,
SHWZ,Medicine Man Technologies Inc,US Micro,0.0
VSCSX,Vanguard Short-Term Corp Bd Idx Admiral,Short Term Inv. Grade,0.0007
ACPSX,"Invesco Core Plus Bond A(USD,ACPSX)",Int-Term Inv. Grade,0.0075
EVR,Evercore Inc A,US Mid Blend,0.0
TRSGX,T. Rowe Price Spectrum Mod Gr Allc,** 75 US Large Blend / 25 Short Term Inv. Grade **,0.0078
GSEW,Goldman Sachs Equal Wght US Lg Cp Eq ETF,US Large Blend,0.0009
BSCQ,Invesco BulletShares 2026 Corp Bd ETF,Int-Term Inv. Grade,0.001
ISCF,iShares MSCI Intl Small-Cap Mltfct ETF,Intl Small Blend,0.004
VIGI,Vanguard Intl Div Apprec ETF,Intl Large Growth,0.002
RICIX,T. Rowe Price Intl Disciplined Eq I,Intl Large Blend ,0.0068
GTEYX,Gateway Y,US Large Blend,0.007
GQGPX,GQG Partners Emerging Markets Equity Inv,Emerging Large Growth,0.0118
EMGRX,Nuveen Small Cap Select A ,US Small Blend ,0.0124
PSTKX,PIMCO StocksPLUS Instl ,US Large Blend,0.0051
GINN,Goldman Sachs Innovate Equity ETF ,US Large Growth,0.005
EW,EDWARDS LIFESCIENCES,US Large Growth,0.0
CPER,United States Copper Index,Commodities,0.0076
EWSC,Invesco S&P SmallCap 600 Equal Wt ETF ,US Small Blend ,0.004
RYTFX,Royce Total Return Svc ,US Small Value ,0.0151
LHYAX,Lord Abbett High Yield A ,High Yield,0.0091
PABGX,T.Rowe Price Blue Chip Growth Advisor ,US Large Growth,0.0096
PDCE,PDC Energy Inc,US Small Value,0.0
IRGFX,Ivy Small Cap Growth N ,US Small Growth ,0.0089
JVMRX,JHancock Disciplined Value Mid Cap R6,US Mid Value,0.0075
MRIMX,Victory Integrity Mid-Cap Value R6,US Mid Value ,0.006
CWENA,Clearway Energy Inc ,US Small Blend ,0.0
EWA,iShares MSCI Australia ETF,Intl Large Value,0.0049
LEMB,iShares JP Morgan EM Local Ccy Bd ETF ,Emerging Market Debt,0.003
HTEC,Robo Global Hlthcare Tect & Innovt ETF ,US Large Blend,0.0068
DODLX,Dodge & Cox Global Bond ,Int-Term Inv. Grade,0.0045
HIMYX,Pioneer High Income Municipal Y ,Int-Term Inv. Grade,0.0055
CION,CION Invt Corp,US Small Value,
GGZ,Gabelli Global Small & Mid Cap Value Tru ,US Mid Value,0.0182
HWM,Howmet Aerospace Inc.,US Mid Growth,0.0
PSTG,Pure Storage Inc A ,US Mid Growth,0.0
BFOR,Barron's 400 ETF ,US Mid Growth,0.0065
SUMO ,Sumo Logic Inc Ordinary Shares ,US Small Growth,0.0
AEB,AEB,Preferred Stock,0.0
EWBC,"East West Bancorp Inc(USD,EWBC)",US Mid Blend,0.0
AMH.E,AMH.E,Preferred Stock,0.0
ACGLP,ACGLP,Preferred Stock,0.0
ACGLO,ACGLO,Preferred Stock,0.0
CMGIX,BlackRock Mid-Cap Growth Equity Instl,US Mid Growth,0.008
COF.J,COF.J,Preferred Stock,0.0
CFG.E,CFG.E,Preferred Stock,0.0
FRC.J,FRC.J,Preferred Stock,0.0
NSA.A,NSA.A,Preferred Stock,0.0
PNFPP,PNFPP,Preferred Stock,0.0
PSA.M,PSA.M,Preferred Stock,0.0
SIGIP,SIGIP,Preferred Stock,0.0
EWC,iShares MSCI Canada ETF,Intl Large Blend,0.0049
USB.R,USB.R,Preferred Stock,0.0
MGRB,MGRB,Preferred Stock,0.0
BGSIX,BlackRock Technology Opportunities Instl,** 80 US Large Growth / 20 Intl Large Growth **,0.0093
AFGB,AFGB,Preferred Stock,0.0
AGO.E,AGO.E,Preferred Stock,0.0
BSA,BSA,Preferred Stock,0.0
HBANP,HBANP,Preferred Stock,0.0
NSS,NSS,Preferred Stock,0.0
SBNYP,SBNYP,Preferred Stock,0.0
SFB,SFB,Preferred Stock,0.0
TDE,TDE,Preferred Stock,0.0
EWH,iShares MSCI Hong Kong ETF,Intl Large Blend,0.0049
UZB,UZB,Preferred Stock,0.0
USLIX,JHancock US Global Leaders Growth I,US Large Growth,0.0088
UZE,UZE,Preferred Stock,0.0
WRB.D,WRB.D,Preferred Stock,0.0
WRB.C,WRB.C,Preferred Stock,0.0
WAFDP,WAFDP,Preferred Stock,0.0
WALA,WALA,Preferred Stock,0.0
AOSL,Alpha & Omega Semiconductor Ltd,US Small Blend,0.0
APAM,Artisan Partners Asset Management Inc,US Small Blend,0.0
CWH,Camping World Holdings Inc Class A,US Small Value,0.0
TCS,The Container Store Group Inc,US Small Blend,0.0
EWJ,"iShares MSCI Japan ETF(USD,EWJ)",Intl Large Value,0.0049
FUTU,Futu Holdings Ltd ADR,Emerging Mid Blend,0.0
GSHD,Goosehead Insurance Inc Class A,US Small Growth,0.0
GRWG,GrowGeneration Corp,US Small Growth,0.0
HIBB,Hibbett Sports Inc,US Small Blend,0.0
HZNP,Horizon Therapeutics PLC,Intl Mid Growth,0.0
INFU,InfuSystems Holdings Inc,US Small Growth,0.0
NVXAX,Navigator Sentry Managed Volatility A,Non-Traditional,0.0163
PETS,PetMed Express Inc,US Small Blend,0.0
QDEL,Quidel Corp,US Mid Value,0.0
SYX,Systemax Inc,US Small Blend,0.0
EWL,iShares MSCI Switzerland Capped ETF,Intl Large Blend,0.0049
YETI,YETI Holdings Inc,US Small Growth,0.0
EPRF,Innovator S&P Investment Grade Pref ETF,Preferred Stock,0.0071
KBWD,Invesco KBW High Dividend Yld Fincl ETF,US Small Value,0.0124
MORT,VanEck Vectors Mortgage REIT Income ETF,US Real Estate,0.0041
EVA,Enviva Partners LP,US Small Blend,0.0
COE,China Online Education Group ADR,Emerging Small Blend,0.0
GRBK,Green Brick Partners Inc,US Small Blend,0.0
HVT,Haverty Furniture Companies Inc,US Small Blend,0.0
VIVO,Meridian Bioscience Inc,US Small Growth,0.0
ENLC,EnLink Midstream LLC,Commodities,0.0
NIU,Niu Technologies ADR,US Small Blend,0.0
EWRE,"PowerShares S&P 500® Eql Wt Rl Estt ETF(USD,EWRE)",US Real Estate,0.004
PLT,Plantronics Inc,US Small Blend,0.0
SEDG,SolarEdge Technologies Inc,US Mid Growth,0.0
CALX,Calix Inc,US Small Growth,0.0
CMBM,Cambium Networks Corp,US Small Growth,0.0
CLFD,Clearfield Inc,US Small Growth,0.0
NET,Cloudflare Inc,US Mid Blend,0.0
FLGT,Fulgent Genetics Inc,US Small Growth,0.0
OIIM,O2Micro International Ltd ADR,Intl Small Blend,0.0
UNG,United States Natural Gas,Commodities,0.0135
SSTK,Shutterstock Inc,US Small Growth,0.0
STKL,SunOpta Inc,Intl Small Growth,0.0
EWT,iShares MSCI Taiwan Capped ETF,Emerging Large Blend,0.0062
CELH,Celsius Holdings In,US Small Growth,0.0
LAKE,Lakeland Industries Inc,US Small Growth,0.0
HZO,MarineMax Inc,US Small Growth,0.0
NVAX,Novavax Inc,US Mid Blend,0.0
SGC,Superior Group Of Companies Inc,US Small Growth,0.0
TME,Tencent Music Entertainment Group ADR,US Mid Blend,0.0
VSTO,Vista Outdoor Inc,US Small Blend,0.0
HEXO,HEXO Corp,Intl Small Value,
ACSAY,ACS ACTIV DE CONSTRUC F SPONSORED ADR 1 ADR REPS 0.2 ORD SHS,Intl Large Value,0.0
EWX,SPDR® S&P Emerging Markets Small Cap ETF,Emerging Small Blend,0.0065
GTHIX,"Invesco Health Care Invstor(USD,GTHIX)",** 80 US Large Growth / 20 Intl Large Growth **,0.011
EWZ,iShares MSCI Brazil Capped ETF,Emerging Large Value,0.0062
USGA,US Global Nanospace Inc,US Small Value,
KBWY,Invesco KBW Premium Yield Eq REIT ETF,US Small Value,0.0035
EXAS,Exact Sciences Corp,US Mid Growth,0.0
TECIX,T. Rowe Price Emerging Mkts Corp Bd I,Emerging Market Debt,0.0084
PKW,Invesco BuyBack Achievers ETF ,US Mid Blend,0.0062
JKG,iShares Morningstar Mid-Cap ETF,US Mid Blend,0.0025
SRLP,Sprague Resources LP,US Small Value,
MCDFX,Matthews China Dividend Investor,Emerging Large Blend,0.0115
FSEAX,Fidelity® Emerging Asia,Emerging Large Growth,0.0113
FNORX,Fidelity® Nordic,Intl Large Growth,0.0096
QQQJ,Invesco NASDAQ Next Gen 100 ETF,** 85 US Mid Growth / 15 Intl Mid Growth **,0.0015
JKK,iShares Morningstar Small-Cap Growth ETF,US Small Growth,0.003
QDF,FlexShares Quality Dividend ETF,US Large Value,0.0037
RDVY,First Trust Rising Dividend Achiev ETF,US Large Value,0.005
EXC,"Exelon Corp(USD,EXC)",US Large Value,0.0
PNQI,Invesco NASDAQ Internet ETF,** 75 US Large Growth / 25 Intl Large Growth **,0.006
LMND,Lemonade Inc Ordinary Shares ,US Small Growth,0.0
TTCF,Tattooed Chef Inc,US Small Value,0.0
SUMO,Sumo Logic Inc Ordinary Shares,US Small Growth,0.0
FLKSX,Fidelity® Low-Priced Stock K6,** 60 US Mid Value / 40 Intl Mid Value **,0.005
FBKFX,Fidelity® Balanced K6,** 65 US Large Blend / 35 Int-Term Inv. Grade **,0.0032
FIOFX,Fidelity Freedom® Index 2045 Investor,** 55 US Large Blend / 35 Intl Large Blend / 10 Int-Term Inv. Grade **,0.0012
FORM,FormFactor Inc,US Small Growth,0.0
ICLK,iClick Interactive Asia Group Ltd ADR,Emerging Mid Blend,0.0
ISDR,Issuer Direct Corp,US Small Growth,0.0
NVMI,Nova Measuring Instruments Ltd,Intl Mid Growth,0.0
EXI,"iShares Global Industrials ETF(USD,EXI)",** .55 US Large Blend / .45 Intl Large Blend **,0.0047
MDCIX,Madison Mid Cap I,** 90 US Mid Blend / 10 Intl Mid Blend **,0.0085
MSFAX,Morgan Stanley Inst Global Franchise I,** 70 US Large Blend / 30 Intl Large Blend **,0.0093
MRJIX,Morgan Stanley Real Assets I,Non-Traditional,0.008
BMBL,Bumble Inc Ordinary Shares Class A,US Mid Growth,0.0
XM,Qualtrics International Inc,US Mid Growth,0.0
JASBX,Janus Henderson Short-Term Bond Tust ,Int-Term Inv. Grade,0.0069
RDOG,ALPS REIT Dividend Dogs ETF,US Real Estate,0.0035
GSG,iShares S&P GSCI Commodity-Indexed Trust ,Commodities,0.0067
ECOL,US Ecology Inc,US Small Blend,0.0
PNOPX,Putnam Sustainable Leaders A ,US Large Growth,0.0103
EXK,"Endeavour Silver Corp(USD,EXK)",Intl Small Value,0.0
MDFOX,BlackRock Large Cap Focus Growth Inv,** 85 US Large Growth / 15 Intl Large Growth **,0.0092
FNBGX,Fidelity Long-Term Trs Bd Index ,Long-Term Treasury,0.0003
FISMX,Fidelity International Small Cap ,Intl Mid Blend,0.0108
JEMWX,JP Morgan Emerging Markets Equity R6,Emerging Large Growth,0.0079
DFSIX,DFA US Sustainability Core 1 ,US Large Blend,0.002
HWSIX,Hotchkis & Wiley Small Cap Value I ,US Small Value,0.0105
VBITX,Vanguard Short-Term Bond Idx I ,Short-Term Inv. Grade,0.0005
OTFCX,Invesco Capital Apprec C ,US Large Growth,0.0178
OSCCX,Invesco MainStrt SmCp C ,US Small Blend,0.0194
CGRCX,Invesco Comstock Select Fund Class C ,US Large Value,0.0168
OCRDX,Invesco Rising Dividends C,US Large Blend,0.0179
XPH,SPDR® S&P Pharmaceuticals ETF,US Small Blend,0.0035
EXLS,ExlService Holdings Inc,US Small Growth,0.0
QIVCX,Invesco International Equity C,Intl Large Blend,0.0198
OIDCX,Invesco Intl Dvrs C ,Intl Large Growth,0.0199
OSMCX,Invesco Intl Sml-Mid Com C ,Intl Mid Growth,0.021
EMVCX,Invesco Em Mkts Innvtrs C ,Emerging Large Growth,0.0226
QGRCX,Invesco Global Allocation C ,** 40 US Large Blend / 25 Intl Large Blend / 35 Int-Term Inv. Grade **,0.021
MLPEX,Invesco SteelPath MLP Select 40 C,US Small Value,0.0186
IVTCX,Ivy Managed Intl Opportunities C ,Intl Large Blend,0.0212
OMBXX,Invesco US Government Money Portfolio Y ,Cash/Money Market,0.0058
BND ,Vanguard Total Bond Market ETF ,Int-Term Inv. Grade,0.00035
SUSA,iShares MSCI USA ESG Select ETF,US Large Blend,0.0025
ASAN,Asana Inc Ordinary Shares ,US Mid Growth,0.0
EXP,Eagle Materials Inc,US Mid Blend,0.0
ESPRX,Wells Fargo Special Small Cap Value R6,US Small Value ,0.0085
OTCKX,MFS Mid Cap Growth R6 ,** 90 US Mid Growth / 10 Intl Mid Growth **,0.007
IIBZX,Voya Intermediate Bond R6,Int-Term Inv. Grade,0.003
LHYVX,Lord Abbett High Yield R6,High Yield,0.0062
DDFIX,Invesco Diversified Dividend R5,** 80 US Large Value / 20 Intl Large Value **,0.0053
OISHY,Oil Search Ltd ADR,Intl Large Value,0.0
IGLB,iShares 10+ Year Invmt Grd Corp Bd ETF,Long-Term Inv. Grade,0.0006
GTXMQ,Garrett Motion Inc,Intl Small Value,0.0
SAVE,Spirit Airlines Inc,US Small Value,0.0
BEGIX,Sterling Capital Equity Income Instl,** 95 US Large Blend / 5 Intl Large Blend **,0.0079
WES,Western Midstream Partners LP,US Mid Value,0.0
SGSOY,SGS AG ADR,Intl Large Blend,0.0
expgy,"Experian PLC ADR(USD,EXPGY)",Intl Large Blend,0.0
SMCAY,SMC Corp ADR,Intl Large Growth,0.0
SNPHY,Santen Pharmaceutical Co Ltd ADR,Intl Mid Blend,0.0
PRI,Primerica Inc ,US Small Blend,0.0
LEA,Lear Corp,US Mid Blend,0.0
HENOY,Henkel AG & Co KGaA ADR,Intl Large Blend,0.0
GVDNY,Givaudan SA ADR,Intl Large Growth,0.0
DKILY,Daikin Industries Ltd ADR,Intl Large Growth,0.0
RSFYX,Victory Floating Rate Y,Bank Loans,0.0078
CHEF,The Chefs' Warehouse Inc,Intl Small Blend,0.0
BNTGY,Brenntag SE ADR,Intl Mid Blend,0.0
BRDCY,Bridgestone Corp ADR,Intl Large Value,0.0
EZPW,"EZCORP Inc(USD,EZPW)",US Small Value,0.0
FTRFX,Federated Hermes Total Return Bond Svc ,Int-Term Inv. Grade,0.0069
CMPIX,Principal Core Fixed Income A,Int-Term Inv. Grade,0.0079
CAMZX,Cambiar Small Cap Instl,US Small Blend,0.009
DRSVX,Foundry Partners Fdmtl Sm Cp Val Inv,US Small Value ,0.0133
CPOAX,Morgan Stanley Insight A,** 90 US Large Growth / 10 Intl Large Growth **,0.011
SCATX,Virtus Zevenbergen Innovative Gr Stk I,** 90 US Large Growth / 10 Intl Large Growth **,0.01
LSGSX,Loomis Sayles Inflation Protected Secs I,Inflation Protected,0.004
PRESX,T. Rowe Price European Stock,Intl Large Growth,0.0096
CAEAX,Columbia Acorn European A,Intl Mid Growth,0.0145
MCSMX,Matthews China Small Companies,Intl Small Growth,0.0138
SIGYX,Western Asset Corporate Bond I,** 85 Int-Term Inv. Grade / 15 High Yield **,0.0055
ACSDX,"Invesco Comstock Y(USD,ACSDX)",US Large Value,0.0056
EZU,"iShares MSCI Eurozone ETF(USD,EZU)",Intl Large Value,0.0049
EXROF,Exro Technologies Inc,Intl Small Growth,0.0
FNKO,Funko Inc Class ,US Small Blend,0.0
MACGX,Morgan Stanley Inst Discovery A,** 90 US Mid Growth / 10 Intl Mid Growth **,0.0101
GTILX,Glenmede Quant US Large Cap Gr Eq Instl,US Large Growth,0.0065
DRIV,Global X Atnms & Elctrc Vhcls ETF,** 55 US Large Blend / 35 Intl Large Blend / 10 Emerging Large Blend **,0.0068
GNOM,Global X Genomics & Biotechnology ETF,** 90 US Mid Growth / 10 Intl Mid Growth **,0.005
EQX,Equinox Gold Corp,Intl Mid Growth,0.0
FSTIX,Federated Hermes Short-Term Income Svc ,Short-Term Inv. Grade,0.0066
CRARX,MainStay CBRE Real Estate I,US Real Estate,0.0083
MSOS,AdvisorShares Pure US Cannabis ETF,US Small Growth,0.008
YOLO,AdvisorShares Pure Cannabis ETF,** 35 US Small Value / 35 Intl Small Value / 30 Cash **,0.0088
F,Ford Motor Co,US Large Value,0.0
SMH,VanEck Vectors Semiconductor ETF,** 85 US Large Growth / 15 Intl Large Growth **,0.0035
ABCL,AbCellera Biologics Inc Ordinary Shares,Intl Mid Growth,0.0
PYODX,Pioneer Y,US Large Growth,0.0061
ADYEY,Adyen NV ADR,Intl Large Growth,0.0
API,Agora Inc ADR,Emerging Mid Blend,0.0
ATAX,America First Multifamily Investors LP,US Small Value,0.0
PLAN,Anaplan Inc,US Mid Growth,0.0
AVID,Avid Technology Inc,US Small Growth,0.0
BAND,Bandwidth Inc Class A,US Small Growth,0.0
BNTX,BioNTech SE ADR,Intl Large Blend,0.0
BFARF,Bitfarms Ltd,US Small Value,0.0
FADMX,"Fidelity Advisor® Strategic Income(USD,FADMX)",** 60 Int-Term Inv. Grade / 40 High Yield **,0.0066
BEP,Brookfield Renewable Partners LP,US Mid Value,0.0
WBEIX,William Blair Emerging Mkts Growth I,** 25 Intl Large Growth / 75 Emerging Large Growth **,0.0099
CRNC,Cerence Inc Ordinary Shares,US Small Growth,0.0
CHRS,Coherus BioSciences Inc,US Small Growth,0.0
CURI,CuriosityStream Inc,US Micro,0.0
DM,Desktop Metal Inc Ordinary Shares - Class A,US Small Blend,0.0
DAVA,Endava PLC ADR,Intl Small Blend,0.0
FSR,Fisker Inc Ordinary Shares - Class A,US Small Blend,0.0
FLNT,Fluent Inc,US Small Blend,0.0
FCEL,FuelCell Energy Inc,US Small Growth,0.0
HCAT,Health Catalyst Inc,US Small Blend,0.0
FAGIX,Fidelity® Capital & Income,High Yield,0.0067
MPEGX,Morgan Stanley Inst Discovery I,** 90 US Mid Growth / 10 Intl Mid Growth **,0.0072
FIXX,Homology Medicines Inc,US Small Growth,0.0
HYMTF,Hyundai Motor Co GDR Repr 1/2 Non-Vtg Sh Reg-S,Intl Large Value,0.0
LAZR,Luminar Technologies Inc Ordinary Shares - Class A,US Mid Blend,0.0
NNDM,Nano Dimension Ltd ADR,Emerging Small Value,0.0
OSK,Oshkosh Corp,US Mid Blend,0.0
PLL,Piedmont Lithium Ltd ADR,Intl Small Growth,0.0
RIOT,Riot Blockchain Inc,US Small Growth,0.0
WNDW,SolarWindow Technologies Inc,US Micro,0.0
SRAC,Stable Road Acquisition Corp Ordinary Shares - Class A,US Micro,0.0
TRIL,Trillium Therapeutics Inc,Intl Small Growth,0.0
H,Hyatt Hotels Corp Class A,US Mid Growth,0.0
FANG,DIAMONDBACK ENERGY,US Mid Growth,0.0
USLM,United States Lime & Minerals Inc,US Small Blend,0.0
VLDR,Velodyne Lidar Inc Ordinary Shares,Intl Small Blend,0.0
WKHS,Workhorse Group Inc,US Small Growth,0.0
XERS,Xeris Pharmaceuticals Inc,US Small Growth,0.0
SPCE,Virgin Galactic Holdings Inc Shs A ,US Small Growth,0.0
TLRY,Tilray Inc,Intl Mid Growth,0.0
RKT,Rocket Companies Inc Ordinary Shares Class A,US Large Value,0.0
WOOF,Petco Health and Wellness Co Inc Ordinary Shares - Class A,US Mid Growth,0.0
IQ,iQIYI Inc ADR,Emerging Mid Blend,0.0
GSMTX,Goldman Sachs Dynamic Municipal Inc Inst,Int-Term Inv. Grade,0.0039
DKNG,DraftKings Inc Ordinary Shares - Class A ,US Mid Growth,0.0
FANUY,"Fanuc Corp ADR(USD,FANUY)",Intl Large Growth,0.0
FIDSX,Fidelity® Select Financial Services Port,US Mid Growth,0.0077
FSDAX,Fidelity® Select Defense & Aero Port,US Mid Blend,0.0077
ABHFX,American High-Income Municipal Bond F-1,High Yield,0.007
ALCVX,AB Municipal Income California Advisor,Int-Term Inv. Grade,0.005
FAS,Direxion Daily Financial Bull 3X ETF,** 70 US Large Value / 30 Cash **,0.0092
CTLP,Cantaloupe Inc,US Small Blend,0.0
COIN,Coinbase Global Inc,US Large Blend,0.0
GHYIX,Goldman Sachs High Yield Muni Instl,High Yield,0.0054
AHSZX,Alger Health Sciences Z,** 85 US Mid Growth / 10 Intl Mid Growth / 5 Cash **,0.0068
CLOU,Global X Cloud Computing ETF,** 85 US Mid Growth / 15 Intl Mid Growth **,0.0068
IVAEX,Ivy Asset Strategy I,** 35 US Large Blend / 35 Intl Large Blend / 25 High Yield / 5 Cash **,0.0087
ZVNBX,Zevenbergen Growth Investor,** 60 US Large Growth / 40 US Mid Growth **,0.013
FAST,FASTENAL CO,US Mid Blend,0.0
FQIFX,Fidelity Freedom® Index 2025 Investor,** 35 US Large Blend / 20 Intl Large Blend / 40 Int-Term Inv. Grade / 5 Cash **,0.0012
ADT,ADT Inc,US Mid Value,0.0
CSTL,Castle Biosciences Inc,US Small Value,0.0
OGN,Organon & Co,US Mid Value,0.0
PTON,Peloton Interactive Inc,US Mid Growth,0.0
PUBM,PubMatic Inc,US Small Growth,0.0
ORNYX,Invesco Rochester® Municipal Opps Y,Long-Term Inv. Grade,0.006
TAL,TAL Education Group,Intl Mid Growth,0.0
EXR,Extra Storage Space Inc,US Real Estate,0.0
AM,Antero Midstream Corp,US Small Blend,0.0
CFR,Cullen/Frost Bankers Inc,US Mid Value,0.0
FAUDX,Strategic Advisers® Short Duration,Short-Term Inv. Grade,0.005
LAZ,Lazard Ltd,Intl Small Value,0.0
LPLA,LPL Financial Holdings Inc,US Mid Blend,0.0
OZK,Bank OZK,US Small Value,0.0
PAG,Penske Automotive Group Inc,US Mid Value,0.0
SC,Santander Consumer USA Holdings Inc,US Mid Value,0.0
OCAYX,Invesco California Municipal Y,Long-Term Inv. Grade,0.0059
WBS,Webster Financial Corp,US Small Value,0.0
WLK,Westlake Chemical Corp,US Mid Value,0.0
CABO,Cable One Inc,US Mid Blend,0.0
CVE,Cenovus Energy Inc,Intl Large Value,0.0
CROX,Crocs Inc,US Small Growth,0.0
FAX,abrdn Asia-Pacific Income,Emerging Market Debt,0.0257
HEI.A,Heico Corp,US Mid Blend,0.0
PENN,Penn National Gaming Inc,US Mid Growth,0.0
RH,RH,US Mid Growth,0.0
SE,Sea Ltd,Intl Large Blend,0.0
KAUFX,Federated Hermes Kaufmann R,** 80 US Mid Growth / 10 Intl Mid Growth / 10 Cash **,0.0196
TDG,Transdigm Group Inc,US Mid Blend,0.0
ACWI,MSCI All Country World Index Fund,** 60 US Large Blend / 40 Intl Large Blend **,0.0032
META,Meta Platforms Inc,US Large Blend,0.0
GTLLX,Glenmede Large Cap Growth,US Large Growth,0.0086
F/21,Ford Motor Co,High Yield,0.0
FBHS,Fortune Brands Home & Security Inc,US Mid Blend,0.0
FPBFX,Fidelity® Pacific Basin,** 2 US Large Growth / 67 Intl Large Growth / 27 Emerging Large Growth / 4 Cash **,0.0104
FBIDX,"Fidelity® US Bond Index Investor(USD,FBIDX)",Int-Term Inv. Grade,0.0002
FSAVX,Fidelity® Select Automotive Port,** 63 US Large Blend / 27 Intl Large Blend / 10 Emerging Large Blend **,0.008
EQH,Equitable Holdings Inc,US Mid Value,0.0
EDNMY,Edenred SA,Intl Mid Blend,0.0
FDCPX,Fidelity® Select Tech Hardware Port,** 60 US Large Blend / 40 Intl Large Blend **,0.0072
FBNDX,"Fidelity® Investment Grade Bond(USD,FBNDX)",Int-Term Inv. Grade,0.0045
ALLK,Allakos Inc,US Small Growth,0.0
FDMT,4D Molecuar Theraputics Inc,US Small Growth,0.0
FSLBX,Fidelity® Select Brokerage & Invmt Mgmt,US Mid Blend,0.0075
FBNRX,Templeton Global Bond R6,World Bond,0.0057
HFDYX,Hartford Schroders US MidCap Opps Y,** 90 US Mid Blend / 5 Intl Mid Blend / 5 Cash **,0.0091
FBSOX,"Fidelity® Select IT Services(USD,FBSOX)",US Large Growth,0.0077
SRC,Spirit Realty Capital Inc,US Real Estate,0.0
CMPS,Compass Pathways PLC ADR,Intl Small Blend,
ABVC,ABVC BioPharma Inc,US Micro,0.0
FCFS,"FirstCash Inc(USD,FCFS)",US Mid Growth,0.0
ABCM,Abcam PLC,Intl Mid Growth,0.0
ALSMY,Alstom SA,Intl Large Growth,0.0
BRO,Brown & Brown Inc,US Mid Blend,0.0
BURL,Burlington Stores Inc,US Mid Growth,0.0
NVST,Envista Holdings Corp,US Mid Blend,0.0
FR,First Industrial Realty Trust Inc,US Small Blend,0.0
SLDP,Solid Power Inc,US Small Blend,
INVH,Invitation Homes Inc,US Mid Blend,0.0
KRYAY,Kerry Group PLC,Intl Large Blend,0.0
KGSPY,Kingspan Group PLC,Intl Large Growth,0.0
OCPNY,Olympus Corp,Intl Large Growth,0.0
FCFXX,Fidelity California Municipal Money Market Fund,Cash/Money Market,0.0049
RCRUY,Recruit Holdings Co Ltd,Intl Large Growth,0.0
RPRX,Royalty Pharma PLC,US Mid Value,0.0
SDVKY,Sandvik AB,Intl Large Blend,0.0
SAUHY,Straumann Holding AG,Intl Large Growth,0.0
SVNLY,Svenska Handelsbanken,Intl Large Value,0.0
COOK,Traeger Inc,US Small Value,
TMX,Terminix Global Holdings Inc,US Small Blend,0.0
YAMCY,Yamaha Corp,Intl Large Blend,0.0
ARWR,Arrowhead Pharmaceuticals Inc,US Mid Growth,0.0
TFSCX,Templeton Ins Foreign Smaller Co Ser Adv,** 95 Intl Mid Blend / 5 Cash **,0.0103
ARKX,ARK Space Exploration & Innovation ETF,** 70 US Large Growth / 30 Intl Large Growth **,0.0075
FCISX,"Franklin Income C(USD,FCISX)",** .55 Int-Term Inv. Grade / .35 US Large Value / .1 Intl Large Value **,0.0111
VEVFX,Vanguard Explorer Value Inv,US Small Value,0.0064
FTHRX,Fidelity® Intermediate Bond,Int-Term Inv. Grade,0.0045
FCPEX,Fidelity® Small Cap Enhanced Index,US Small Blend,0.0064
OGMYX,Invesco Gold & Special Minerals Y,Commodities,0.0096
BRMK,Broadmark Realty Capital Inc,US Real Estate,
PFORX,PIMCO International Bond (USD-Hdg) Instl,World Bond,0.006
VITVX,Vanguard Instl Trgt Retire 2015 Instl,** 65 Int-Term Inv. Grade / 20 US Large Blend / 15 Intl Large Blend **,0.0009
DX,Dynex Capital Inc,US Small Value,0.0
KALA,Kala Pharmaceuticals Inc,US Small Growth,0.0
LYSCF,Lynas Rare Earths Ltd,Intl Mid Growth,0.0
ORCC,Owl Rock Capital Corp,US Small Growth,0.0
FCNKX,"Fidelity® Contrafund® K(USD,FCNKX)",US Large Growth,0.0065
OXLC,Oxford Lane Capital Corp,Bank Loans,0.097
PFLT,PennantPark Floating Rate Capital Ltd,US Small Blend,0.0
RGNX,Regenxbio Inc,US Small Blend,0.0
PHTUX,Principal LifeTime Hybrid 2050 Instl,** 70 US Large Blend / 27 Intl Large Blend / 3 Int-Term Inv Grade **,0.0042
LEV,The Lion Electric Co,Intl Small Growth,0.0
ADANX,AQR Diversified Arbitrage N,Non-Traditional,0.01583
GTX,"Garrett Motion Inc(USD,GTX)",US Mid Growth,0.0
fcnvx,"Fidelity® Conservative Income Bond Instl(USD,FCNVX)",Short-Term Inv. Grade,0.0025
IBFFX,American Funds Interm Bd Fd of Amer F1,Int-Term Inv. Grade,0.006
MUAIX,Morgan Stanley Instl Ultr-Shrt Inc A,** 95 Cash / 5 Short-Term Inv. Grade **,0.0045
HAOYX,Hartford International Opportunities Y,** 90 Intl Large Blend / 10 Emerging Large Blend **,0.0077
FCOM,Fidelity® MSCI Communication ServicesETF,US Large Growth,0.0008
TSCC,Technology Solutions Co,US Micro,0.0
IEC,IEC Electronics Corp,US Small Blend,0.0
FCPGX,Fidelity Small Cap Growth,US Small Growth,0.0109
MCEF,First Trust Municipal CEF Income Opp ETF,Int-Term Inv. Grade,0.0265
PPA,Invesco Aerospace & Defense ETF,US Small Growth,0.0058
PTH,Invesco DWA Healthcare Momentum ETF,** 50 US Small Growth / 50 US Small Value **,0.006
RGI,Invesco S&P 500 Equal Wt Indls ETF,US Mid Blend,0.004
WOOD,iShares Global Timber and Forestry ETF,** 65 Intl Mid Blend / 35 US Mid Blend **,0.0046
SPXE,ProShares S&P 500 ex-Energy,US Large Blend,0.0027
RTH,VanEck Vectors Retail ETF,** 95 US Large Blend / 5 Emerging Large Blend **,0.0035
ADNPX,American Beacon ARK Transfmt Innov Inv,** 80 US Large Growth / 15 Intl Large Growth / 5 Emerging Large Growth **,0.0133
FRHIX,Franklin High Yield Tax Free Inc A1,High Yield,0.0065
MDDCX,BlackRock Emerging Mkts Inv A,** 60 Emerging Large Blend / 30 Intl Large Blend / 10 Cash **,0.0113
RPGIX,T. Rowe Price Global Industrials,** 50 Intl Large Blend / 45 US Large Blend / 5 Emerging Large Blend **,0.0105
FCPT,"Four Corners Property Trust Inc(USD,FCPT)",US Real Estate,0.0
HYEM,VanEck Vectors EM High Yield Bond ETF,** 90 High Yield / 10 Cash **,0.004
AVUV,Avantis US Small Cap Value ETF,US Small Value,0.0025
RING,iShares MSCI Global Gold Miners,** 75 Intl Large Blend / 25 US Large Blend **,0.0039
AVUS,Avantis US Equity ETF,US Large Blend,0.0015
VIOV,Vanguard S&P Small-Cap 600 Value ETF,US Small Value,0.0015
ATOM,Atomera Inc,US Small Growth,0.0
AYRWF,"Ayr Wellness Inc Ordinary Shares (Sub, Restricted, Ltd Voting)",US Micro,0.0
HFCVX,Hennessy Cornerstone Value Investor,** 75 US Large Value / 21 Intl Large Value / 4 Cash **,0.0123
FYX,First Trust Small Cap Core AlphaDex ETF,** 50 US Small Value / 50 Small Blend **,0.0061
FNX,First Trust Mid Cap Core AlphaDex ETF,** 50 US Mid Value / 50 US Mid Blend **,0.006
SPGM,SPDR Portfolio MSCI Global Stk Mkt ETF,** 60 US Large Blend / 40 Intl Large Blend **,0.0009
FCSAX,Strategic Advisers Core ,US Large Blend,0.0039
SPEU,SPDR Portfolio Europe ETF,** 34 Intl Large Blend / 33 Intl Large Value / 33 Intl Large Growth **,0.0009
CVMCA,Sila Realty Trust Inc,US Real Estate,0.0
JUEMX,JPMorgan U.S. Equity Fund Class R6,** 50 US Large Blend / 50 US Large Growth **,0.0044
ZUO,Zuora Inc Class A,US Small Growth,0.0
PRNT,3D Printing ETF,** 65 US MID Growth / 35 Intl Mid Growth **,0.0066
GNR,SPDR® S&P Global Natural Resources ETF,** 30 US Large Value / 70 Intl Large Value **,0.004
ATEN,A10 Networks Inc,US Small Growth,
SDC,SmileDirectClub Inc,US Small Growth,0.0
FCSZX,"Franklin Convertible Securities Adv(USD,FCSZX)",Non-Traditional,0.0059
AWTIX,Virtus Duff & Phelps Water Inst,** 62 US Mid Growth / 31 Intl Mid Growth / 7 Cash **,0.0093
FCTDX,"Strategic Advisers® Fidelity US TtlStk(USD,FCTDX)",US Large Blend,0.0029
HGHAX,Hartford Healthcare A,** 85 US Large Growth / 15 Intl Large Growth **,0.0124
FCX,"Freeport-McMoRan Inc(USD,FCX)",US Large Value,0.0
HGOAX,Hartford Growth Opportunities A,US Large Growth,0.0106
FDD,STOXX European Select Dividend Index Fund,US Large Value,0.006
HRAAX,Hartford Growth Allocation A,** 52 US Large Blend / 21 Intl Large Blend / 3 Emerging Large Blend / 17 Int-Term Inv. Grade / 7 Cash **,0.0106
ADBE,Adobe Inc,US Large Growth,0.0
FDFFX,"Fidelity® Independence(USD,FDFFX)",US Large Growth,0.0048
GVDBF,Givaudan SA,Intl Large Growth,0.0
IHSAX,Hartford Small Company A,US Small Growth,0.0123
FDGFX,"Fidelity® Dividend Growth(USD,FDGFX)",US Large Value,0.0106
HBLAX,Hartford Balanced Income A,** 41 US Large Value / 5 Intl Large Value / 40 Long-Term Inv. Grade / 9 High Yield / 5 Cash **,0.0085
FDGRX,"Fidelity® Growth Company(USD,FDGRX)",** 90 US Large Growth / 10 Intl Large Growth **,0.0052
BIPC,BROOKFIELD INFRASTRUCT,US Mid Blend,0.0068
CDPYF,CANADIAN APARTMENT PPT,Intl Mid Value,0.0069
SGAPY,SINGAPORE TLCM,Intl Large Value,0.007
AQN,ALGONQUIN POWER & UTIL,Intl Mid Blend,0.0
BEPC,BROOKFIELD RENEWABLE,US Mid Blend,0.0
SURVF,SUNTEC REAL ESTATE,Intl Mid Blend,0.0
BSRTF,BSR REAL ESTATE INVEST,Intl Small Value,0.0
HFMCX,Hartford MidCap A,** 94 US Mid Blend / 6 Intl Mid Blend **,0.0107
VICI,VICI PROPERTIES INC,US Mid Value,0.0
BRX,BRIXMOR PROPERTY GROUP,US Small Blend,0.0
FDIS,Fidelity® MSCI Consumer Discret ETF,US Large Growth,0.0008
CCHWF,Columbia Care Inc,US Small Growth,0.0
FEIXX,First American Money Market Funds,Cash/Money Market,0.004
FDIVX,"Fidelity® Diversified International(USD,FDIVX)",** 85 Intl Large Growth / 5 Emerging Large Growth / 10 US Large Growth **,0.0099
MCRB,Seres Therapeutics Inc,US Small Growth,0.0
FDL,"First Trust Morningstar Div Leaders ETF(USD,FDL)",US Large Value,0.0045
AYRO,AYRO Inc Ordinary Shares,US Micro,0.0
FDN,First Trust Dow Jones Internet ETF,US Large Growth,0.0051
GBOSX,JPMorgan Global Bond Opportunities I,High Yield,0.0065
FIXD,First Trust TCWOpportunistic Fxd Inc ETF,High Yield,0.0056
CHTRX,Invesco Charter A,** 40 US Large Blend / 35 US Large Growth / 25 US Large Value **,0.0107
SX120,Schwab Indexed Retirement Trust Fund 2020,** 50 US Large Blend / 10 Intl Large Blend / 40 Int-Term Inv. Grade **,0.0007
NYMT,New York Mortgage Trust Inc,US Real Estate,0.0
FDRXX,Fidelity® Government Cash Reserves,Cash/Money Market,0.0
CRDF,Cardiff Oncology Inc,US Micro,0.0
GS.D,Goldman Sachs Series D Preferred,Preferred Stock,0.0
DMPZF,Domino's Pizza Group PLC,Intl Mid Blend,0.0
LOGRX,Scharf Retail,** 80 US Large Blend / 20 Intl Large Blend **,0.0114
FDS,FactSet Research Systems Inc,US Mid Growth,0.0
SWMRX,Schwab Target 2045,** 56 US Large Blend / 30 Intl Large Blend / 14 Int-Term Inv. Grade **,0.0064
JASCX,James Small Cap Fund,** 95 US Small Blend / 5 Intl Small Blend **,0.0151
FFR,First Trust FTSE EN Dev Mkts Rel Est ETF,** 55 US Real Estate / 45 Intl Real Estate **,0.006
MUHLX,Muhlenkamp,** 45 US Large Blend / 25 US Mid Value / 30 US Small Value **,0.0116
SAGPX,Principal SAM Conservative Growth A,** 65 US Large Blend / 25 Intl Large Blend / 10 High Yield **,0.0115
TAFTX,American Funds Tax-Exempt Fund of CA A,Int-Term Inv. Grade,0.0061
BGEIX,American Century Global Gold Inv,** 20 US Large Blend / 60 Intl Large Blend / 20 Emerging Large Blend **,0.0069
TWSCX,American Century Strat Allc: Cnsrv Inv,** 35 US Large Blend / 10 Intl Large Blend / 50 Int-Term Inv.Grade / 5 Cash **,0.0086
FDSSX,"Fidelity® Stock Selec All Cp(USD,FDSSX)",US Large Growth,0.0062
LMNVX,ClearBridge Value I,** 90 US Large Value / 10 Intl Large Value **,0.0079
DFUS,Dimensional US Equity ETF,US Large Blend,0.0011
NWHQX,Nationwide Bailard Tech & Sci M,** 90 US Large Growth / 5 Intl Large Growth / 5 Emerging Large Growth **,0.0093
QLTA,iShares Aaa - A Rated Corporate Bond ETF,Int-Term Inv. Grade,0.0015
BAB,Invesco Taxable Municipal Bond ETF,Int-Term Inv. Grade,0.0028
SPLB,SPDR Portfolio Long Term Corp Bd ETF,Long-Term Inv. Grade,0.0007
MLN,VanEck Vectors Long Muni ETF,Long-Term Inv. Grade,0.0024
DRW,WisdomTree Global ex-US Real Estate ETF,Intl Real Estate,0.0058
AGO.F,Assured Guaranty Municipal Holdings,Preferred Stock,0.0
STAR,iStar Inc,US Real Estate,0.0
NOVC,Novation Companies Inc,US Micro,0.0
ADDYY,"adidas AG ADR(USD,ADDYY)",Intl Large Growth,0.0
AGEIX,American Beacon Frontier Mkts Inc Instl,Emerging Market Debt,0.0116
FDX,FedEx Corp,US Large Growth,0.0
SDSYX,Western Asset Income I,** 80 High Yield / 20 Int-Term Inv. Grade **,0.0069
PLGIX,Principal LargeCap Growth I Instl,** 95 US Large Growth / 5 Emerging Large Growth **,0.0068
HISCX,Hartford Small Cap Growth HLS IA,** 50 US Small Growth / 50 US Small Blend **,0.0067
TIREX,TIAA-CREF Real Estate Sec Instl,US Real Estate,0.005
RBLX,Roblox Corp,US Large Growth,0.0
ETHE,Grayscale Ethereum Trust,Non-Traditional,0.025
OWUV,One World Universe Inc,US Micro,0.0
AHT,Ashford Hospitality Trust Inc,US Real Estate,0.0
POWW,AMMO Inc,US Micro,0.0
GWPAX,American Funds Growth Portfolio A,** 66 US Large Growth / 34 Intl Large Growth **,0.0075
BIOL,Biolase Inc,US Micro,0.0
FDYNX,"Franklin DynaTech C(USD,FDYNX)",US Large Growth,0.0166
CLOK,Cipherloc Corp,US Micro,0.0
HANNF,Hannan Metals Ltd,Intl Small Growth,0.0
NVOS,Novo Integrated Sciences Inc,US Micro,0.0
SWBI,Smith & Wesson Brands Inc,US Small Blend,0.0
AGQ,ProShares Ultra Silver,Commodities,0.015
UWPIX,ProFunds UltraShort Dow 30 Inv,Non-Traditional,0.0178
CWVGX,Calvert International Equity A,** 50 Intl Large Blend / 50 Intl Large Growth **,0.0114
CCAFX,Calvert Mid-Cap A,** 95 US Mid Blend / 5 Intl Mid Blend **,0.0118
OPEN,Opendoor Technologies Inc,US Small Value,
CSIEX,Calvert Equity A,** 55 US Large Growth / 45 US Large Blend **,0.0094
CCVAX,Calvert Small-Cap A,US Small Blend,0.0121
FE,FirstEnergy Corp,US Mid Value,0.0
KRT,Karat Packaging Inc,US Micro,0.0
FELCX,Fidelity Advisors Semiconductors C,** 85 US Large Growth / 15 Emerging Large Growth **,0.0185
GABTX,Gabelli Global Content & Connect AAA,** 60 US Large Blend / 40 Intl Large Blend**,0.009
RCFTX,American Funds 2035 Trgt Date Retire R3,** 55 US Large Blend / 25 Intl Large Blend / 20 Int-Term Inv. Grade **,0.0102
PREF,Principal Spectrum Pref Secs Actv ETF,Preferred Stock,0.0055
UBVLX,Undiscovered Managers Behavioral Val L,US Small Value,0.009
FTIHX,Fidelity Total International Index,** 85 Intl Large Blend / 15 Emerging Large Blend **,0.0006
QMOM,Alpha Architect U.S. Quantitative Momentum ETF,US Large Blend,0.0029
ECO,Okeanis Eco Tankers Corp,Marine Shipping,0